job_role,city,education,college_tier,industry,company_size,gender,years_experience,age,performance_rating,num_skills,base_salary,bonus,total_ctc
Business Analyst,Bangalore,MTech,Tier 3,Product Based,MNC,Male,4.3,27.0,3.66,4,2741239.0,648217.0,3389456.0
Frontend Developer,Bangalore,BTech,Tier 2,FinTech,MNC,Male,10.6,35.0,3.5,6,3440016.0,755362.0,11087115.342988241
Software Engineer,Ahmedabad,MBA,Tier 3,Product Based,Startup,Male,4.4,28.0,3.61,3,1933149.0,102980.0,2036129.0
Backend Developer,Mumbai,MTech,Tier 1,E-Commerce,Startup,Male,3.2,29.0,3.14,7,2818909.0,182794.0,3001703.0
Backend Developer,Kolkata,BTech,Tier 1,EdTech,Mid-size,Male,3.4,25.0,3.91,3,1644130.0,154154.0,1798284.0
HR Manager,Hyderabad,MTech,Tier 3,IT Services,Startup,Male,5.3,27.0,4.14,9,1868257.0,444858.0,2313115.0
HR Manager,Ahmedabad,,Tier 3,IT Services,MNC,Male,1.1,26.0,2.05,2,1254649.0,223136.0,1477785.0
HR Manager,Pune,BTech,Tier 3,EdTech,Mid-size,Female,3.1,27.0,3.83,5,1497485.0,328152.0,1825637.0
Business Analyst,Jaipur,MBA,Tier 2,Product Based,MNC,Female,0.6,18.0,3.3,3,1862899.0,228857.0,2091756.0
Data Analyst,Chennai,BTech,Tier 1,EdTech,Startup,Male,11.7,33.0,3.38,4,1868072.0,413051.0,2281123.0
Financial Analyst,Remote,MBA,Tier 2,FinTech,Startup,Male,4.9,32.0,3.23,3,1960843.0,228739.0,2189582.0
Frontend Developer,Bangalore,MTech,Tier 3,FinTech,Startup,Female,1.0,21.0,2.53,2,1760438.0,105190.0,1865628.0
HR Manager,Remote,,Tier 3,Consulting,MNC,Female,0.0,25.0,3.62,4,1382711.0,185887.0,1568598.0
Software Engineer,Mumbai,MBA,Tier 3,Product Based,MNC,Female,1.5,22.0,2.06,5,2951483.0,197047.0,3148530.0
Frontend Developer,Ahmedabad,BTech,Tier 3,EdTech,Mid-size,Female,7.3,30.0,2.25,4,1350114.0,107662.0,1457776.0
Marketing Manager,Delhi NCR,MTech,Tier 3,Manufacturing,MNC,Male,3.8,28.0,3.81,9,2277690.0,166004.0,2443694.0
Marketing Manager,Remote,MTech,Tier 1,FinTech,Startup,Male,1.0,25.0,,3,2185571.0,491710.0,2677280.0
Product Manager,Kolkata,,Tier 2,Manufacturing,Startup,Male,0.9,23.0,,6,1656687.0,202472.0,1859159.0
Software Engineer,Remote,BTech,Tier 1,Manufacturing,Startup,Male,7.0,30.0,4.16,8,2067740.0,449441.0,2517180.0
Business Analyst,Jaipur,MBA,Tier 3,E-Commerce,Startup,Female,8.3,32.0,3.23,5,1796517.0,177275.0,1973792.0
Data Analyst,Remote,BTech,Tier 3,EdTech,MNC,Male,1.4,20.0,2.53,9,1585099.0,321842.0,1906941.0
HR Manager,Hyderabad,,Tier 2,Manufacturing,Mid-size,Male,5.0,28.0,4.08,5,1548399.0,132034.0,1680433.0
Marketing Manager,Bangalore,BTech,Tier 3,EdTech,MNC,Male,1.7,25.0,3.0,2,1548807.0,115283.0,1664090.0
Software Engineer,Delhi NCR,BTech,Tier 1,EdTech,MNC,Male,7.4,34.0,3.48,3,3137156.0,164573.0,3301729.0
Software Engineer,Ahmedabad,BTech,Tier 3,Consulting,Mid-size,Male,4.3,28.0,1.9,9,1630988.0,266948.0,1897937.0
Frontend Developer,Kolkata,MTech,Tier 2,Manufacturing,Mid-size,Female,4.0,28.0,3.16,5,1597618.0,292166.0,1889784.0
Marketing Manager,Chennai,BTech,Tier 3,IT Services,MNC,Male,2.9,21.0,2.44,6,1650286.0,85256.0,1735542.0
Software Engineer,Pune,MTech,Tier 2,Consulting,MNC,Male,7.3,29.0,5.0,6,3121831.0,227187.0,3349017.0
AI Engineer,Chennai,BTech,Tier 2,Manufacturing,MNC,Male,0.9,24.0,2.51,2,2016527.0,445582.0,2462109.0
Marketing Manager,Chennai,MTech,Tier 3,E-Commerce,MNC,Female,9.9,33.0,3.26,3,2762743.0,420931.0,3183674.0
Business Analyst,Jaipur,BTech,Tier 2,EdTech,Startup,Male,0.0,23.0,4.24,4,1024283.0,217698.0,1241981.0
Chartered Accountant,Remote,MBA,Tier 3,Consulting,MNC,Male,6.5,30.0,3.01,3,2369289.0,484943.0,2854232.0
Frontend Developer,Pune,BTech,Tier 3,Product Based,Mid-size,Male,9.1,33.0,3.46,8,2406515.0,524936.0,2931450.0
Product Manager,Remote,MBA,Tier 3,Manufacturing,MNC,Male,3.5,28.0,4.7,1,2774832.0,376426.0,3151258.0
HR Manager,Remote,BTech,Tier 1,E-Commerce,Startup,Male,10.0,30.0,3.34,3,2278667.0,137889.0,2416555.0
Data Scientist,Pune,BTech,Tier 3,E-Commerce,MNC,Male,7.9,29.0,4.23,7,3092802.0,641687.0,3734490.0
Business Analyst,Mumbai,PhD,Tier 2,EdTech,MNC,Male,0.0,27.0,3.7,5,1783408.0,358539.0,2141948.0
HR Manager,Jaipur,MTech,Tier 3,Consulting,Startup,Female,5.8,24.0,3.33,4,1305646.0,232386.0,1538032.0
Data Scientist,Pune,MTech,Tier 2,FinTech,Mid-size,Male,0.0,24.0,3.84,11,2486743.0,178691.0,2665433.0
Data Scientist,Remote,BTech,Tier 3,Manufacturing,MNC,Male,4.1,24.0,5.0,10,1810903.0,135319.0,1946222.0
AI Engineer,Pune,MTech,Tier 3,FinTech,Mid-size,Male,1.1,25.0,3.1,5,2598066.0,144927.0,2742993.0
Financial Analyst,Kolkata,,Tier 3,E-Commerce,Mid-size,Male,4.8,31.0,,8,1966068.0,194379.0,2160448.0
Financial Analyst,Delhi NCR,BTech,Tier 1,Consulting,MNC,Male,0.0,26.0,2.24,4,1724132.0,148398.0,1872529.0
AI Engineer,Ahmedabad,BTech,Tier 2,E-Commerce,MNC,Male,3.9,25.0,2.63,3,2384903.0,527107.0,2912010.0
Product Manager,Bangalore,BTech,Tier 1,IT Services,MNC,Female,0.8,25.0,3.01,3,3335236.0,620451.0,3955687.0
Data Analyst,Kolkata,BTech,Tier 2,Product Based,Mid-size,Male,0.6,24.0,3.35,6,1470474.0,130437.0,1600911.0
Data Analyst,Hyderabad,BTech,Tier 1,EdTech,MNC,Female,5.9,29.0,2.96,6,2266681.0,257373.0,2524053.0
Chartered Accountant,Mumbai,MTech,Tier 3,EdTech,MNC,Female,10.7,35.0,2.66,10,3044860.0,437256.0,3482116.0
AI Engineer,Pune,MBA,Tier 1,IT Services,Startup,Male,3.0,24.0,2.33,1,2878047.0,378820.0,3256867.0
HR Manager,Pune,MTech,Tier 3,EdTech,Startup,Male,5.0,29.0,5.0,5,1604141.0,233575.0,1837716.0
HR Manager,Jaipur,BTech,Tier 2,Manufacturing,Mid-size,Male,6.3,31.0,2.96,4,1349026.0,177497.0,1526523.0
Product Manager,Kolkata,BTech,Tier 2,Manufacturing,Startup,Male,3.6,27.0,4.42,6,2042310.0,323426.0,2365737.0
Marketing Manager,Bangalore,BTech,Tier 3,E-Commerce,MNC,Male,1.2,23.0,4.62,4,2068739.0,326769.0,2395508.0
Data Scientist,Chennai,BTech,Tier 3,E-Commerce,Startup,Male,9.2,35.0,4.32,6,2343519.0,283330.0,2626849.0
Data Analyst,Jaipur,MBA,Tier 3,Product Based,MNC,Male,0.0,25.0,2.77,3,1487869.0,194234.0,1682103.0
AI Engineer,Remote,BTech,Tier 2,EdTech,MNC,Male,9.1,33.0,4.15,5,2594173.0,605616.0,3199789.0
DevOps Engineer,Kolkata,BTech,Tier 2,FinTech,Mid-size,Male,9.9,34.0,2.65,8,2527487.0,173893.0,2701380.0
HR Manager,Delhi NCR,BTech,Tier 2,EdTech,MNC,Male,5.1,27.0,3.13,3,1895519.0,420058.0,2315576.0
Business Analyst,Bangalore,BTech,Tier 2,IT Services,MNC,Male,3.1,22.0,,4,2164505.0,419103.0,2583608.0
Data Analyst,Mumbai,MBA,Tier 2,E-Commerce,Startup,Female,4.8,28.0,2.95,1,2128695.0,144605.0,2273300.0
Frontend Developer,Chennai,MTech,Tier 3,FinTech,Mid-size,Male,5.7,26.0,1.78,4,1993665.0,385980.0,2379646.0
Chartered Accountant,Ahmedabad,MBA,Tier 2,IT Services,Mid-size,Male,5.7,28.0,4.17,5,1736750.0,138817.0,1875567.0
Marketing Manager,Chennai,MTech,Tier 3,Consulting,MNC,Male,5.9,29.0,1.72,6,2361776.0,439812.0,2801588.0
HR Manager,Jaipur,MBA,Tier 2,EdTech,Mid-size,Male,7.8,33.0,3.45,4,1560624.0,96591.0,4379519.690651453
Marketing Manager,Pune,BTech,Tier 1,E-Commerce,Mid-size,Male,1.5,26.0,3.66,4,2036335.0,355093.0,2391427.0
AI Engineer,Bangalore,BTech,Tier 2,Product Based,Startup,Male,5.6,31.0,2.89,5,3365819.0,838864.0,4204683.0
AI Engineer,Delhi NCR,BTech,Tier 3,FinTech,MNC,Male,5.7,30.0,4.16,5,3773551.0,407810.0,4181361.0
Business Analyst,Kolkata,BTech,Tier 1,EdTech,MNC,Male,14.3,38.0,4.23,9,2405254.0,528951.0,2934205.0
DevOps Engineer,Ahmedabad,BTech,Tier 1,FinTech,Mid-size,Female,0.0,27.0,,7,2088126.0,451581.0,2539707.0
Data Analyst,Delhi NCR,,Tier 3,E-Commerce,Mid-size,Male,6.6,30.0,3.43,1,1693076.0,171561.0,1864637.0
Business Analyst,Kolkata,BTech,Tier 3,FinTech,MNC,Female,2.0,22.0,3.18,7,1396191.0,135578.0,1531769.0
AI Engineer,Bangalore,BTech,Tier 1,Product Based,Mid-size,Female,5.7,30.0,3.53,5,4144976.0,415260.0,4560236.0
Software Engineer,Hyderabad,,Tier 3,Manufacturing,Startup,Female,8.5,35.0,3.27,7,1658228.0,295198.0,1953426.0
Product Manager,Delhi NCR,MBA,Tier 1,EdTech,MNC,Female,4.8,29.0,3.08,6,4287585.0,426880.0,4714465.0
Business Analyst,Bangalore,,Tier 1,EdTech,Startup,Male,0.0,24.0,2.98,5,1498855.0,260508.0,1759363.0
Marketing Manager,Hyderabad,MBA,Tier 3,Manufacturing,Startup,Male,9.1,31.0,4.01,3,1882449.0,413645.0,2296094.0
Chartered Accountant,Hyderabad,BTech,Tier 2,Consulting,Mid-size,Male,5.4,27.0,3.7,5,2265274.0,208456.0,2473729.0
DevOps Engineer,Ahmedabad,BTech,Tier 3,Manufacturing,MNC,Female,12.1,33.0,,5,1812983.0,291743.0,2104725.0
Data Analyst,Jaipur,BTech,Tier 2,FinTech,Startup,Male,8.6,36.0,3.12,3,1641482.0,186000.0,1827482.0
Backend Developer,Bangalore,MTech,Tier 2,E-Commerce,Mid-size,Male,6.8,30.0,2.07,8,2692658.0,444658.0,3137316.0
Backend Developer,Hyderabad,MBA,Tier 2,Manufacturing,Startup,Male,4.5,28.0,3.94,7,2023014.0,232388.0,2255402.0
Software Engineer,Jaipur,PhD,Tier 3,Consulting,Startup,Male,2.4,25.0,3.66,6,1609283.0,349747.0,1959030.0
Product Manager,Mumbai,BTech,Tier 3,Manufacturing,MNC,Male,3.5,26.0,2.47,4,2587374.0,360812.0,2948185.0
Business Analyst,Delhi NCR,MBA,Tier 2,IT Services,Startup,Male,7.9,30.0,2.91,11,2441313.0,352586.0,2793899.0
Backend Developer,Ahmedabad,MBA,Tier 1,Manufacturing,Mid-size,Male,12.8,36.0,3.63,11,2781548.0,626711.0,3408259.0
AI Engineer,Delhi NCR,MBA,Tier 3,Product Based,Mid-size,Male,0.9,22.0,3.19,2,2713416.0,494484.0,3207900.0
Chartered Accountant,Jaipur,BTech,Tier 3,Manufacturing,Mid-size,Male,6.2,30.0,3.31,7,1243696.0,235853.0,1479549.0
Product Manager,Hyderabad,MBA,Tier 1,E-Commerce,MNC,Male,3.5,28.0,3.35,1,4740727.0,904687.0,5645414.0
Backend Developer,Mumbai,MTech,Tier 2,EdTech,Startup,Male,2.0,28.0,2.35,8,1970359.0,396698.0,2367058.0
Data Analyst,Kolkata,MBA,Tier 2,FinTech,MNC,Female,0.7,25.0,3.34,6,1835744.0,101502.0,1937247.0
Chartered Accountant,Ahmedabad,BTech,Tier 2,Consulting,Startup,Male,4.8,28.0,3.24,5,1779229.0,281195.0,2060425.0
Chartered Accountant,Chennai,PhD,Tier 2,EdTech,Mid-size,Female,0.1,24.0,2.56,1,1369029.0,280871.0,1649900.0
HR Manager,Remote,PhD,Tier 2,E-Commerce,Startup,Male,7.6,33.0,2.59,2,2065345.0,491131.0,2556476.0
AI Engineer,Hyderabad,BTech,Tier 1,EdTech,Startup,Male,7.3,31.0,3.22,7,2935707.0,635230.0,3570938.0
Software Engineer,Remote,MTech,Tier 1,FinTech,Mid-size,Male,6.9,25.0,2.77,2,2910829.0,521690.0,3432519.0
Product Manager,Remote,PhD,Tier 1,EdTech,Mid-size,Male,3.0,27.0,2.87,5,3363328.0,753578.0,4116906.0
DevOps Engineer,Chennai,BTech,Tier 3,E-Commerce,Mid-size,Male,2.8,24.0,2.96,10,1916498.0,366775.0,2283273.0
Frontend Developer,Jaipur,MBA,Tier 3,Manufacturing,MNC,Male,4.1,27.0,3.71,7,1898951.0,430696.0,2329647.0
Backend Developer,Pune,MTech,Tier 3,FinTech,Mid-size,Male,11.7,34.0,3.78,1,2367471.0,268998.0,2636469.0
Backend Developer,Jaipur,BTech,Tier 2,Manufacturing,Mid-size,Female,6.0,28.0,4.18,4,1314459.0,237077.0,1551536.0
Frontend Developer,Ahmedabad,BTech,Tier 3,E-Commerce,MNC,Female,9.8,35.0,,8,2290876.0,482994.0,2773870.0
AI Engineer,Hyderabad,BTech,Tier 1,Consulting,Startup,Female,12.4,38.0,4.51,8,3154229.0,258873.0,3413102.0
Frontend Developer,Mumbai,BTech,Tier 1,EdTech,Mid-size,Male,11.0,31.0,2.94,6,2224852.0,539046.0,2763898.0
Business Analyst,Jaipur,BTech,Tier 3,FinTech,Mid-size,Male,5.6,28.0,3.47,6,1397294.0,340014.0,1737307.0
Product Manager,Pune,BTech,Tier 3,FinTech,Mid-size,Female,11.7,36.0,3.67,5,3259458.0,383070.0,3642527.0
Chartered Accountant,Chennai,BTech,Tier 2,Manufacturing,MNC,Female,6.3,31.0,4.37,7,1992322.0,305520.0,2297841.0
Business Analyst,Chennai,MTech,Tier 2,IT Services,MNC,Male,9.8,34.0,3.32,1,2224750.0,179261.0,2404011.0
DevOps Engineer,Jaipur,BTech,Tier 2,EdTech,MNC,Male,2.8,25.0,3.59,6,1750090.0,321072.0,2071161.0
Chartered Accountant,Pune,,Tier 1,Consulting,Startup,Female,1.7,23.0,4.27,4,2100347.0,445049.0,2545396.0
Marketing Manager,Bangalore,BTech,Tier 2,E-Commerce,MNC,Male,0.4,23.0,1.72,9,2406486.0,343966.0,2750452.0
Financial Analyst,Delhi NCR,,Tier 2,EdTech,Startup,Female,3.1,26.0,4.25,5,1793458.0,424169.0,2217627.0
Data Scientist,Delhi NCR,MTech,Tier 3,Consulting,MNC,Male,0.0,26.0,,2,1898611.0,254600.0,2153211.0
Financial Analyst,Bangalore,MTech,Tier 1,Consulting,Mid-size,Male,10.2,34.0,2.65,3,2607299.0,465311.0,3072611.0
Product Manager,Hyderabad,BTech,Tier 2,EdTech,Mid-size,Male,11.3,31.0,3.49,7,2567718.0,481536.0,3049254.0
Backend Developer,Delhi NCR,BTech,Tier 3,IT Services,Mid-size,Male,4.8,31.0,,4,1676140.0,357189.0,2033329.0
Business Analyst,Chennai,MBA,Tier 2,Manufacturing,Mid-size,Male,0.0,22.0,4.45,3,1345492.0,103145.0,1448637.0
Financial Analyst,Jaipur,BTech,Tier 3,Manufacturing,MNC,Male,0.0,23.0,,3,668049.0,132430.0,800479.0
Data Analyst,Ahmedabad,PhD,Tier 1,Manufacturing,Mid-size,Female,14.0,38.0,1.2,6,2008660.0,266868.0,2275528.0
Product Manager,Pune,,Tier 1,FinTech,Mid-size,Male,7.1,30.0,1.77,3,3536761.0,445903.0,3982664.0
Business Analyst,Pune,MTech,Tier 3,IT Services,Mid-size,Male,8.9,33.0,2.91,8,2029371.0,129207.0,2158578.0
AI Engineer,Hyderabad,MBA,Tier 1,IT Services,Startup,Male,0.0,23.0,3.5,3,2400688.0,255434.0,2656122.0
Backend Developer,Jaipur,MTech,Tier 1,EdTech,MNC,Male,4.8,27.0,3.45,1,1877888.0,346039.0,2223926.0
Frontend Developer,Mumbai,BTech,Tier 2,Product Based,Startup,Male,5.7,28.0,3.56,7,2790979.0,465756.0,3256735.0
Financial Analyst,Hyderabad,MBA,Tier 2,EdTech,Mid-size,Male,8.3,31.0,3.12,1,2247510.0,230865.0,2478375.0
Financial Analyst,Delhi NCR,BTech,Tier 2,IT Services,Mid-size,Male,5.7,29.0,4.08,9,2146810.0,470029.0,2616839.0
Data Analyst,Ahmedabad,PhD,Tier 1,IT Services,Mid-size,Female,7.0,30.0,4.18,4,2132345.0,153592.0,2285937.0
Marketing Manager,Kolkata,BTech,Tier 2,Manufacturing,MNC,Female,2.4,27.0,3.12,4,1261894.0,187082.0,1448976.0
AI Engineer,Pune,BTech,Tier 3,EdTech,Mid-size,Male,6.6,31.0,2.39,1,2080990.0,479571.0,2560561.0
Data Analyst,Mumbai,BTech,Tier 1,Product Based,Startup,Male,10.3,32.0,4.2,7,3311418.0,373873.0,3685291.0
Product Manager,Delhi NCR,MBA,Tier 2,FinTech,Startup,Male,7.3,27.0,4.27,4,3917162.0,692276.0,4609438.0
Backend Developer,Jaipur,BTech,Tier 2,E-Commerce,MNC,Male,0.0,25.0,2.27,5,1276007.0,212300.0,1488308.0
Chartered Accountant,Bangalore,BTech,Tier 1,Manufacturing,Startup,Male,8.1,28.0,4.42,3,2391614.0,182985.0,2574599.0
DevOps Engineer,Jaipur,BTech,Tier 2,Product Based,Startup,Male,4.3,29.0,4.1,2,1887850.0,369196.0,2257046.0
Product Manager,Kolkata,BTech,Tier 2,EdTech,MNC,Male,13.1,36.0,3.89,5,2926987.0,481402.0,3408389.0
Frontend Developer,Kolkata,BTech,Tier 3,EdTech,MNC,Male,2.6,28.0,3.21,4,1618296.0,107429.0,1725725.0
HR Manager,Pune,BTech,Tier 3,Product Based,Startup,Male,0.0,28.0,4.84,5,1258669.0,66000.0,1324669.0
Backend Developer,Bangalore,BTech,Tier 2,Product Based,Mid-size,Female,9.3,30.0,4.11,8,2991580.0,702542.0,3694123.0
Software Engineer,Pune,BTech,Tier 3,Manufacturing,Mid-size,Female,9.0,33.0,3.86,6,1937161.0,106979.0,2044141.0
DevOps Engineer,Hyderabad,MTech,Tier 2,Product Based,MNC,Female,5.4,31.0,2.4,4,3386084.0,213694.0,3599778.0
Marketing Manager,Pune,BTech,Tier 2,Manufacturing,MNC,Male,2.2,25.0,3.41,6,1980339.0,344211.0,2324550.0
Financial Analyst,Remote,MTech,Tier 2,FinTech,Mid-size,Female,3.7,27.0,2.34,3,1807575.0,100362.0,1907936.0
Frontend Developer,Pune,BTech,Tier 3,E-Commerce,MNC,Male,3.2,26.0,2.9,8,2338647.0,437437.0,2776084.0
Marketing Manager,Bangalore,,Tier 3,IT Services,MNC,Male,0.0,22.0,2.39,8,1887183.0,324132.0,2211316.0
AI Engineer,Delhi NCR,MTech,Tier 2,Manufacturing,Startup,Male,0.7,21.0,4.32,8,2335547.0,299843.0,2635390.0
Software Engineer,Bangalore,PhD,Tier 3,IT Services,MNC,Male,7.5,30.0,2.44,9,3471717.0,660668.0,4132385.0
Data Scientist,Ahmedabad,BTech,Tier 2,Product Based,Startup,Male,0.5,26.0,2.39,2,1565563.0,279409.0,1844971.0
Data Analyst,Bangalore,MTech,Tier 2,Manufacturing,Startup,Male,3.1,27.0,4.35,5,1408189.0,90552.0,1498741.0
Financial Analyst,Hyderabad,PhD,Tier 3,Product Based,Startup,Male,8.0,30.0,2.62,5,2828187.0,514449.0,3342636.0
Software Engineer,Chennai,PhD,Tier 3,E-Commerce,Mid-size,Female,3.4,28.0,2.99,8,2379855.0,196812.0,2576667.0
DevOps Engineer,Chennai,,Tier 3,Manufacturing,Mid-size,Female,4.9,30.0,,5,1484458.0,290831.0,1775289.0
Backend Developer,Mumbai,,Tier 3,EdTech,Mid-size,Male,4.3,27.0,4.97,4,1815891.0,295437.0,2111327.0
Data Analyst,Remote,BTech,Tier 3,Product Based,Mid-size,Male,7.2,32.0,1.61,4,1766971.0,239566.0,2006538.0
Financial Analyst,Delhi NCR,PhD,Tier 3,EdTech,Mid-size,Female,0.0,24.0,,3,1569919.0,316466.0,1886385.0
Business Analyst,Bangalore,BTech,Tier 3,Manufacturing,MNC,Male,8.8,35.0,4.05,6,2188795.0,537426.0,2726221.0
AI Engineer,Bangalore,BTech,Tier 1,FinTech,Mid-size,Male,15.0,38.0,2.83,9,4939226.0,807710.0,5746936.0
Backend Developer,Bangalore,PhD,Tier 2,EdTech,MNC,Female,3.3,31.0,3.59,7,2866871.0,643908.0,3510780.0
Marketing Manager,Hyderabad,BTech,Tier 3,Manufacturing,MNC,Female,6.3,30.0,3.7,3,1836248.0,356642.0,2192890.0
DevOps Engineer,Mumbai,BTech,Tier 3,E-Commerce,Mid-size,Male,6.2,27.0,1.55,2,2057507.0,330588.0,2388095.0
Financial Analyst,Remote,BTech,Tier 1,E-Commerce,Mid-size,Male,4.7,27.0,2.8,1,1876593.0,431663.0,2308256.0
Product Manager,Mumbai,BTech,Tier 2,E-Commerce,Mid-size,Male,14.6,37.0,1.95,3,3240707.0,218862.0,3459568.0
Marketing Manager,Bangalore,MBA,Tier 2,FinTech,Mid-size,Male,1.6,25.0,3.78,3,2509169.0,288854.0,2798023.0
Business Analyst,Mumbai,MTech,Tier 3,Manufacturing,MNC,Female,10.4,34.0,2.44,4,2214769.0,137478.0,2352247.0
Financial Analyst,Bangalore,MTech,Tier 2,IT Services,Mid-size,Male,6.1,32.0,2.19,4,2111749.0,218087.0,2329836.0
Marketing Manager,Jaipur,MBA,Tier 3,Manufacturing,Startup,Female,3.6,30.0,2.74,6,1077550.0,131209.0,3194386.3812996317
Data Analyst,Delhi NCR,BTech,Tier 3,E-Commerce,Startup,Male,5.0,30.0,3.75,5,1795493.0,422843.0,2218336.0
Data Scientist,Bangalore,BTech,Tier 2,Manufacturing,Startup,Male,1.5,27.0,3.4,7,1785614.0,410890.0,2196504.0
Data Scientist,Mumbai,MTech,Tier 3,E-Commerce,Startup,Female,0.0,24.0,4.03,5,1947011.0,386422.0,2333432.0
Business Analyst,Bangalore,BTech,Tier 3,Consulting,Startup,Female,5.9,28.0,3.84,5,1602495.0,256789.0,1859284.0
AI Engineer,Jaipur,BTech,Tier 1,E-Commerce,Mid-size,Male,11.0,35.0,4.07,5,2905389.0,309965.0,3215354.0
Data Analyst,Remote,,Tier 2,Manufacturing,MNC,Male,5.1,24.0,,7,1539538.0,381578.0,1921116.0
Frontend Developer,Mumbai,BTech,Tier 2,FinTech,Mid-size,Female,5.9,30.0,3.1,3,2381369.0,566110.0,2947479.0
DevOps Engineer,Pune,BTech,Tier 3,EdTech,Mid-size,Male,11.1,33.0,3.73,4,2088992.0,366118.0,2455110.0
Frontend Developer,Kolkata,PhD,Tier 2,E-Commerce,Startup,Female,4.6,31.0,1.97,3,2028323.0,471311.0,2499634.0
HR Manager,Kolkata,MTech,Tier 3,Consulting,MNC,Male,3.5,26.0,3.86,5,1886302.0,360573.0,2246875.0
Financial Analyst,Kolkata,MBA,Tier 1,IT Services,Startup,Female,3.1,28.0,2.88,5,1984651.0,197126.0,2181776.0
HR Manager,Kolkata,BTech,Tier 1,Manufacturing,Startup,Female,7.4,31.0,2.63,4,1504149.0,252623.0,1756772.0
Chartered Accountant,Hyderabad,BTech,Tier 1,E-Commerce,Startup,Male,5.6,30.0,2.36,3,2454534.0,381241.0,2835775.0
Software Engineer,Jaipur,BTech,Tier 3,Consulting,Mid-size,Female,4.0,28.0,4.06,4,1660328.0,305630.0,1965958.0
Backend Developer,Pune,MBA,Tier 2,IT Services,MNC,Male,3.5,26.0,2.18,3,2085930.0,217173.0,2303103.0
Chartered Accountant,Kolkata,BTech,Tier 2,E-Commerce,Mid-size,Male,5.6,27.0,1.9,8,2092090.0,369047.0,2461137.0
HR Manager,Pune,BTech,Tier 2,Consulting,MNC,Female,6.7,25.0,5.0,6,2772337.0,540648.0,3312984.0
Frontend Developer,Bangalore,BTech,Tier 2,Product Based,Startup,Male,0.0,23.0,4.15,9,2159498.0,227308.0,2386806.0
Backend Developer,Hyderabad,BTech,Tier 2,FinTech,Startup,Male,4.7,22.0,4.61,9,2192236.0,125265.0,2317501.0
HR Manager,Pune,BTech,Tier 3,Product Based,Startup,Male,6.8,30.0,4.75,8,2310281.0,310639.0,2620920.0
Backend Developer,Pune,BTech,Tier 3,Product Based,Startup,Male,9.9,30.0,4.52,3,2382843.0,309654.0,2692497.0
Product Manager,Mumbai,BTech,Tier 3,IT Services,Mid-size,Male,10.1,30.0,3.17,5,2796573.0,468812.0,3265385.0
Software Engineer,Jaipur,BTech,Tier 2,E-Commerce,Startup,Male,8.5,34.0,4.37,6,1928984.0,419642.0,2348625.0
Business Analyst,Mumbai,BTech,Tier 3,IT Services,MNC,Male,6.9,31.0,,4,2061178.0,255252.0,2316430.0
Data Analyst,Jaipur,MBA,Tier 3,EdTech,Mid-size,Male,0.5,24.0,2.94,6,951865.0,188221.0,1140085.0
Software Engineer,Remote,BTech,Tier 2,FinTech,Mid-size,Male,6.1,33.0,4.29,6,2441539.0,401143.0,2842682.0
Marketing Manager,Remote,BTech,Tier 2,Product Based,Mid-size,Male,1.9,24.0,3.55,6,1800173.0,173009.0,1973182.0
Data Analyst,Chennai,PhD,Tier 1,Manufacturing,Startup,Male,0.0,22.0,2.66,7,1077712.0,132280.0,1209992.0
DevOps Engineer,Chennai,,Tier 2,Product Based,MNC,Male,1.8,23.0,2.45,3,3037606.0,473380.0,3510986.0
Frontend Developer,Ahmedabad,MBA,Tier 3,E-Commerce,MNC,Female,3.4,24.0,2.34,8,2168519.0,200044.0,2368562.0
Software Engineer,Delhi NCR,MBA,Tier 2,IT Services,Startup,Male,3.1,24.0,3.0,5,2362415.0,200293.0,2562708.0
Marketing Manager,Remote,BTech,Tier 3,IT Services,Startup,Male,7.1,33.0,3.81,5,1516765.0,375323.0,1892088.0
Product Manager,Pune,BTech,Tier 2,Manufacturing,Startup,Male,5.3,31.0,3.55,6,2057182.0,136347.0,2193529.0
Frontend Developer,Mumbai,BTech,Tier 3,IT Services,Mid-size,Male,12.2,38.0,2.77,9,2352480.0,275313.0,2627793.0
Frontend Developer,Remote,BTech,Tier 2,IT Services,MNC,Male,9.1,30.0,4.67,3,1996893.0,316998.0,2313890.0
Software Engineer,Delhi NCR,PhD,Tier 3,EdTech,Mid-size,Male,3.7,26.0,2.97,6,2511839.0,382628.0,2894466.0
Software Engineer,Pune,BTech,Tier 2,Product Based,Mid-size,Male,12.0,36.0,3.04,8,3027033.0,727711.0,3754744.0
Marketing Manager,Jaipur,BTech,Tier 3,E-Commerce,Startup,Male,5.7,28.0,3.49,4,1352979.0,163480.0,1516459.0
AI Engineer,Bangalore,MBA,Tier 3,FinTech,MNC,Male,6.5,30.0,4.03,3,4274184.0,765464.0,5039648.0
DevOps Engineer,Jaipur,,Tier 3,FinTech,Startup,Male,2.8,31.0,3.03,6,1868383.0,166148.0,2034531.0
Data Scientist,Mumbai,,Tier 2,E-Commerce,Startup,Female,4.0,26.0,1.52,7,2887332.0,198898.0,3086229.0
Product Manager,Pune,BTech,Tier 2,Manufacturing,Startup,Male,7.0,31.0,3.13,3,2255415.0,120095.0,2375510.0
Chartered Accountant,Bangalore,MTech,Tier 3,FinTech,MNC,Female,2.4,25.0,3.49,3,2955214.0,321214.0,3276428.0
Business Analyst,Bangalore,MBA,Tier 2,IT Services,Startup,Female,2.0,22.0,,8,1861246.0,459964.0,2321210.0
Product Manager,Ahmedabad,,Tier 2,IT Services,Mid-size,Female,4.7,27.0,2.82,4,2264296.0,416418.0,2680714.0
Software Engineer,Hyderabad,BTech,Tier 3,FinTech,Mid-size,Male,5.0,27.0,4.11,7,2420913.0,296968.0,2717881.0
Financial Analyst,Pune,BTech,Tier 1,EdTech,Mid-size,Female,1.2,23.0,4.01,8,1626740.0,360890.0,1987630.0
Data Analyst,Pune,BTech,Tier 3,FinTech,Mid-size,Male,2.8,23.0,,5,1545519.0,266848.0,1812367.0
Frontend Developer,Remote,,Tier 2,FinTech,Mid-size,Female,9.1,31.0,2.82,10,2322822.0,241933.0,2564755.0
DevOps Engineer,Remote,BTech,Tier 1,Consulting,Mid-size,Female,0.0,24.0,3.17,8,1905694.0,378623.0,2284317.0
Data Scientist,Chennai,BTech,Tier 3,Manufacturing,Mid-size,Male,8.6,29.0,4.65,4,1634962.0,295887.0,1930849.0
Marketing Manager,Ahmedabad,MTech,Tier 3,Product Based,Startup,Male,3.2,28.0,2.03,7,1922083.0,152742.0,2074824.0
Financial Analyst,Jaipur,MTech,Tier 2,E-Commerce,MNC,Male,9.4,35.0,4.73,4,2271900.0,544337.0,2816236.0
DevOps Engineer,Delhi NCR,BTech,Tier 3,IT Services,Startup,Male,0.0,25.0,2.5,7,1641778.0,103697.0,1745475.0
Software Engineer,Mumbai,MBA,Tier 3,Consulting,Startup,Male,5.2,29.0,3.18,6,2504078.0,368402.0,2872481.0
Software Engineer,Delhi NCR,PhD,Tier 2,FinTech,Startup,Male,2.2,28.0,3.85,6,2825424.0,401479.0,3226904.0
Data Scientist,Hyderabad,BTech,Tier 1,IT Services,Startup,Male,0.1,23.0,2.52,1,1743564.0,301516.0,2045080.0
Data Scientist,Kolkata,BTech,Tier 3,E-Commerce,Mid-size,Male,6.2,32.0,3.96,5,1864081.0,291386.0,2155467.0
Chartered Accountant,Chennai,BTech,Tier 2,Manufacturing,Startup,Male,8.0,32.0,3.2,7,2051405.0,179903.0,2231308.0
Financial Analyst,Mumbai,MBA,Tier 2,FinTech,MNC,Male,9.2,32.0,3.92,5,3873764.0,611156.0,4484921.0
Marketing Manager,Remote,MTech,Tier 3,Product Based,MNC,Male,2.6,25.0,3.68,1,2328107.0,230868.0,2558975.0
Business Analyst,Bangalore,BTech,Tier 3,EdTech,Mid-size,Male,1.9,25.0,2.47,6,1329052.0,168417.0,1497469.0
Business Analyst,Kolkata,BTech,Tier 2,FinTech,MNC,Female,9.2,33.0,3.89,6,2476960.0,135902.0,2612863.0
Data Analyst,Remote,PhD,Tier 2,EdTech,MNC,Male,10.7,33.0,3.48,8,2341893.0,182552.0,2524445.0
Data Scientist,Ahmedabad,MBA,Tier 2,EdTech,Startup,Female,8.4,33.0,4.48,10,2328809.0,176365.0,2505174.0
Frontend Developer,Bangalore,BTech,Tier 2,EdTech,Mid-size,Male,2.0,21.0,2.99,2,1563820.0,187519.0,1751339.0
Product Manager,Jaipur,MBA,Tier 3,Manufacturing,Startup,Male,6.8,32.0,1.87,5,2178200.0,526646.0,2704846.0
Chartered Accountant,Bangalore,BTech,Tier 3,Consulting,Startup,Male,1.0,23.0,3.25,3,1378671.0,308229.0,1686900.0
Financial Analyst,Remote,MTech,Tier 3,FinTech,Mid-size,Female,5.5,28.0,2.46,4,1808301.0,134169.0,1942470.0
Product Manager,Mumbai,MTech,Tier 3,Manufacturing,Mid-size,Female,7.4,31.0,2.89,6,2823114.0,460677.0,3283790.0
Financial Analyst,Mumbai,BTech,Tier 1,Consulting,Mid-size,Male,0.4,22.0,2.33,3,1614010.0,159856.0,1773866.0
Chartered Accountant,Jaipur,BTech,Tier 2,Manufacturing,Mid-size,Male,5.5,27.0,4.33,2,1461566.0,359803.0,1821368.0
AI Engineer,Mumbai,BTech,Tier 3,Manufacturing,Startup,Female,13.5,35.0,,3,2074533.0,406303.0,2480837.0
Business Analyst,Jaipur,BTech,Tier 3,Consulting,Startup,Female,4.2,30.0,4.81,8,1316805.0,210785.0,1527590.0
DevOps Engineer,Remote,MBA,Tier 1,FinTech,Mid-size,Male,6.7,28.0,4.22,7,3442791.0,573534.0,4016325.0
Chartered Accountant,Kolkata,BTech,Tier 3,FinTech,MNC,Female,1.3,25.0,3.4,3,1875867.0,334351.0,2210218.0
Data Scientist,Jaipur,BTech,Tier 3,Consulting,Mid-size,Male,2.0,27.0,3.71,8,1599898.0,155157.0,1755054.0
Financial Analyst,Bangalore,MBA,Tier 3,Manufacturing,Mid-size,Male,5.2,31.0,2.81,9,2293977.0,235850.0,2529827.0
Business Analyst,Bangalore,MTech,Tier 3,FinTech,Startup,Female,11.4,32.0,,7,2850188.0,386508.0,3236696.0
Product Manager,Pune,BTech,Tier 2,EdTech,Startup,Female,4.0,28.0,,6,2576174.0,579806.0,3155980.0
AI Engineer,Pune,BTech,Tier 1,EdTech,MNC,Male,0.0,23.0,2.69,2,2432081.0,131459.0,2563540.0
DevOps Engineer,Mumbai,BTech,Tier 2,Consulting,Startup,Male,13.2,33.0,3.35,9,2824546.0,596286.0,3420831.0
Frontend Developer,Pune,MTech,Tier 3,IT Services,MNC,Male,10.1,34.0,1.39,6,2204505.0,392565.0,2597070.0
Software Engineer,Chennai,BTech,Tier 2,FinTech,Mid-size,Male,4.9,29.0,3.93,3,2340622.0,337322.0,2677943.0
AI Engineer,Mumbai,MBA,Tier 3,IT Services,Startup,Male,4.0,25.0,2.45,3,2388095.0,478912.0,2867007.0
Marketing Manager,Kolkata,MTech,Tier 2,IT Services,Mid-size,Male,7.7,33.0,4.45,4,1963580.0,102118.0,2065697.0
Data Analyst,Chennai,BTech,Tier 3,Consulting,Startup,Male,0.0,24.0,3.39,1,876547.0,158182.0,1034729.0
Software Engineer,Remote,MTech,Tier 3,Manufacturing,Mid-size,Male,5.0,28.0,3.71,1,1393883.0,187201.0,1581084.0
Marketing Manager,Remote,BTech,Tier 2,Consulting,Mid-size,Female,0.6,25.0,2.46,5,1436352.0,204574.0,1640926.0
Software Engineer,Mumbai,BTech,Tier 2,E-Commerce,MNC,Male,3.8,29.0,2.9,5,3218679.0,468732.0,3687411.0
Product Manager,Pune,MTech,Tier 1,IT Services,Startup,Female,4.5,28.0,4.07,3,3192569.0,608075.0,3800644.0
Backend Developer,Hyderabad,BTech,Tier 2,E-Commerce,Mid-size,Male,5.9,29.0,4.07,8,2037667.0,405427.0,2443094.0
Backend Developer,Ahmedabad,,Tier 2,IT Services,Startup,Female,12.3,32.0,2.63,6,1957229.0,402915.0,2360145.0
Marketing Manager,Delhi NCR,MTech,Tier 2,Product Based,MNC,Male,6.6,30.0,3.82,6,3980676.0,912189.0,4892865.0
Data Analyst,Remote,BTech,Tier 2,IT Services,Mid-size,Male,7.3,27.0,3.73,7,1671885.0,201331.0,1873216.0
HR Manager,Chennai,BTech,Tier 2,EdTech,Startup,Male,0.0,22.0,2.07,7,1044531.0,131973.0,1176504.0
Product Manager,Remote,BTech,Tier 2,Manufacturing,MNC,Male,0.0,19.0,3.62,6,2049913.0,463241.0,2513154.0
Data Analyst,Bangalore,BTech,Tier 3,Product Based,Startup,Female,0.0,26.0,4.24,6,1562412.0,150701.0,1713114.0
Chartered Accountant,Pune,BTech,Tier 2,Product Based,MNC,Female,1.5,24.0,3.62,5,2841582.0,313076.0,3154658.0
Product Manager,Pune,MTech,Tier 2,Product Based,MNC,Male,2.9,26.0,4.04,7,4568200.0,778256.0,5346455.0
Data Scientist,Remote,BTech,Tier 1,E-Commerce,Mid-size,Male,7.6,35.0,3.34,7,2765724.0,502719.0,3268443.0
Data Scientist,Pune,BTech,Tier 3,Consulting,MNC,Male,4.8,28.0,5.0,8,2727468.0,384462.0,3111930.0
Financial Analyst,Jaipur,BTech,Tier 1,E-Commerce,MNC,Male,6.0,30.0,3.98,7,2609412.0,207234.0,2816646.0
Software Engineer,Hyderabad,BTech,Tier 3,E-Commerce,Startup,Male,2.7,26.0,2.51,5,1753047.0,222533.0,1975580.0
Chartered Accountant,Ahmedabad,PhD,Tier 1,IT Services,Startup,Male,2.6,25.0,2.85,5,2116017.0,179096.0,2295114.0
Marketing Manager,Delhi NCR,BTech,Tier 2,Consulting,MNC,Female,4.6,28.0,3.38,4,2478723.0,472049.0,7797996.203646941
Marketing Manager,Bangalore,BTech,Tier 2,Consulting,MNC,Male,2.0,24.0,1.89,5,2654565.0,459394.0,3113960.0
HR Manager,Pune,MTech,Tier 3,FinTech,Mid-size,Male,2.3,28.0,4.42,4,1992982.0,342850.0,2335832.0
DevOps Engineer,Jaipur,BTech,Tier 3,Product Based,MNC,Male,1.5,22.0,3.47,3,2019275.0,308644.0,2327919.0
Financial Analyst,Mumbai,BTech,Tier 3,FinTech,Mid-size,Male,8.1,32.0,3.76,2,2271193.0,268845.0,2540038.0
Business Analyst,Chennai,BTech,Tier 1,FinTech,Startup,Male,3.9,28.0,4.41,3,2234019.0,303168.0,2537187.0
Business Analyst,Delhi NCR,BTech,Tier 2,FinTech,MNC,Female,8.3,28.0,2.48,4,2542874.0,424864.0,2967738.0
Data Scientist,Remote,BTech,Tier 3,Manufacturing,Startup,Female,7.4,35.0,3.38,6,1670000.0,253590.0,1923590.0
Software Engineer,Bangalore,MTech,Tier 2,E-Commerce,Startup,Male,3.2,28.0,3.6,7,2860495.0,148872.0,3009367.0
Financial Analyst,Remote,MTech,Tier 1,EdTech,Startup,Female,10.4,35.0,2.59,6,1873330.0,434142.0,2307472.0
Software Engineer,Bangalore,MTech,Tier 1,FinTech,Mid-size,Female,0.0,24.0,3.6,5,2757261.0,332896.0,3090157.0
Marketing Manager,Delhi NCR,PhD,Tier 1,Consulting,Mid-size,Male,1.4,23.0,3.64,4,2729451.0,634706.0,3364156.0
AI Engineer,Chennai,MTech,Tier 2,Product Based,Startup,Female,3.1,25.0,3.81,12,3224457.0,517865.0,3742322.0
Business Analyst,Delhi NCR,BTech,Tier 1,FinTech,MNC,Male,5.7,25.0,2.9,4,3285464.0,299884.0,3585348.0
Backend Developer,Delhi NCR,BTech,Tier 2,E-Commerce,Startup,Male,9.9,34.0,2.79,5,2464018.0,560208.0,3024227.0
Chartered Accountant,Remote,BTech,Tier 2,EdTech,Startup,Male,3.2,27.0,3.73,4,1660980.0,136935.0,1797915.0
Chartered Accountant,Remote,BTech,Tier 2,FinTech,Startup,Male,7.9,34.0,3.01,4,2127508.0,198595.0,2326103.0
Backend Developer,Mumbai,BTech,Tier 2,FinTech,MNC,Male,0.0,22.0,2.92,3,2084165.0,475622.0,2559787.0
Business Analyst,Chennai,BTech,Tier 1,FinTech,Mid-size,Male,5.0,28.0,3.21,6,2674188.0,288749.0,2962937.0
Chartered Accountant,Mumbai,,Tier 2,Consulting,Startup,Male,6.8,28.0,1.92,9,2982275.0,265759.0,3248033.0
Backend Developer,Pune,BTech,Tier 1,Manufacturing,Mid-size,Female,0.0,23.0,3.23,6,1367634.0,198561.0,1566195.0
AI Engineer,Remote,MBA,Tier 2,Manufacturing,MNC,Female,5.1,28.0,3.95,4,2519229.0,230091.0,2749320.0
HR Manager,Delhi NCR,BTech,Tier 2,Manufacturing,Startup,Female,0.5,22.0,2.09,2,1091279.0,216203.0,1307482.0
Software Engineer,Hyderabad,BTech,Tier 2,Consulting,MNC,Male,12.8,34.0,3.44,9,2978862.0,256457.0,3235318.0
Financial Analyst,Pune,MTech,Tier 2,IT Services,Mid-size,Male,3.5,29.0,3.36,2,1750950.0,218226.0,1969176.0
HR Manager,Jaipur,,Tier 3,E-Commerce,Mid-size,Male,4.7,28.0,3.07,5,1320659.0,124264.0,1444923.0
Software Engineer,Chennai,BTech,Tier 2,Product Based,Startup,Male,0.6,28.0,4.15,8,2059368.0,105637.0,2165004.0
Backend Developer,Kolkata,MBA,Tier 2,FinTech,Startup,Male,1.9,27.0,3.85,8,2050388.0,184940.0,2235328.0
Data Scientist,Mumbai,MTech,Tier 3,Manufacturing,Startup,Male,3.9,26.0,4.99,4,1912299.0,463588.0,2375887.0
AI Engineer,Ahmedabad,MTech,Tier 3,EdTech,Startup,Female,2.2,28.0,3.73,5,1472496.0,143105.0,1615601.0
Marketing Manager,Pune,MBA,Tier 3,EdTech,Mid-size,Female,10.4,31.0,2.22,3,1764252.0,322369.0,2086621.0
Chartered Accountant,Jaipur,MTech,Tier 2,IT Services,Mid-size,Female,3.6,29.0,4.46,8,1605375.0,158052.0,1763427.0
DevOps Engineer,Chennai,MTech,Tier 1,Consulting,Startup,Male,3.0,25.0,2.17,5,2601327.0,209868.0,2811195.0
Marketing Manager,Chennai,BTech,Tier 1,Product Based,MNC,Male,5.2,28.0,4.03,1,2994633.0,553458.0,3548091.0
Frontend Developer,Ahmedabad,PhD,Tier 2,Product Based,Startup,Female,5.9,27.0,4.79,3,2682766.0,423998.0,3106764.0
Chartered Accountant,Jaipur,MTech,Tier 2,E-Commerce,MNC,Male,11.2,34.0,2.87,7,2532630.0,323839.0,2856469.0
Data Scientist,Mumbai,MBA,Tier 2,E-Commerce,Mid-size,Female,3.4,30.0,4.06,6,2915037.0,611734.0,3526772.0
Chartered Accountant,Ahmedabad,MTech,Tier 1,EdTech,Startup,Male,3.1,27.0,4.55,4,1915600.0,427839.0,2343439.0
Product Manager,Mumbai,BTech,Tier 1,E-Commerce,Mid-size,Male,4.8,29.0,4.42,6,3798183.0,509659.0,4307842.0
Backend Developer,Pune,BTech,Tier 1,Consulting,Mid-size,Male,6.1,30.0,4.04,6,2610091.0,619180.0,3229272.0
DevOps Engineer,Jaipur,PhD,Tier 2,Consulting,Startup,Male,2.0,23.0,2.22,6,1919904.0,158177.0,2078080.0
Backend Developer,Delhi NCR,BTech,Tier 2,IT Services,Mid-size,Male,1.8,25.0,3.79,4,1881666.0,168540.0,2050206.0
Marketing Manager,Delhi NCR,MTech,Tier 2,E-Commerce,Mid-size,Female,5.5,25.0,3.39,10,2827709.0,188229.0,3015938.0
Frontend Developer,Kolkata,MBA,Tier 1,Product Based,Mid-size,Male,1.3,28.0,3.78,4,2283271.0,501681.0,2784952.0
Data Analyst,Chennai,BTech,Tier 2,Consulting,Startup,Female,0.0,20.0,3.73,3,1153407.0,65161.0,1218568.0
AI Engineer,Pune,,Tier 1,Manufacturing,Startup,Female,7.7,28.0,4.82,5,2480062.0,439157.0,2919219.0
Marketing Manager,Bangalore,MBA,Tier 2,IT Services,Mid-size,Male,1.1,26.0,2.21,4,1625470.0,113185.0,1738655.0
DevOps Engineer,Chennai,PhD,Tier 2,EdTech,Mid-size,Male,5.4,25.0,2.24,8,2401207.0,584071.0,2985278.0
Frontend Developer,Delhi NCR,BTech,Tier 3,FinTech,Startup,Male,3.6,29.0,3.69,5,1823057.0,107769.0,1930827.0
Business Analyst,Pune,BTech,Tier 2,FinTech,Startup,Male,5.4,28.0,2.77,6,1990988.0,257233.0,2248221.0
Product Manager,Mumbai,BTech,Tier 2,FinTech,MNC,Male,4.4,26.0,3.34,2,3938525.0,271734.0,4210259.0
Backend Developer,Bangalore,MTech,Tier 1,E-Commerce,MNC,Male,5.1,28.0,3.85,3,3792851.0,773854.0,4566705.0
Data Scientist,Pune,MBA,Tier 3,IT Services,Mid-size,Male,7.6,29.0,5.0,8,2545245.0,563591.0,3108836.0
Chartered Accountant,Delhi NCR,BTech,Tier 2,EdTech,Startup,Male,5.8,31.0,,5,2199072.0,340619.0,2539691.0
Chartered Accountant,Jaipur,BTech,Tier 3,E-Commerce,MNC,Male,5.6,32.0,2.28,5,1934011.0,419821.0,2353833.0
Business Analyst,Kolkata,BTech,Tier 2,Consulting,MNC,Male,2.2,26.0,2.42,7,1755911.0,389213.0,2145124.0
Data Scientist,Remote,BTech,Tier 3,FinTech,Startup,Male,8.3,33.0,4.35,7,2229461.0,548852.0,2778313.0
DevOps Engineer,Chennai,MBA,Tier 2,E-Commerce,MNC,Male,4.7,28.0,1.99,3,3013446.0,182142.0,3195588.0
Frontend Developer,Remote,BTech,Tier 1,E-Commerce,Mid-size,Male,9.7,33.0,2.06,7,2569603.0,203489.0,2773092.0
HR Manager,Pune,PhD,Tier 2,Product Based,Startup,Male,2.2,25.0,3.56,1,2218212.0,230295.0,2448507.0
Data Scientist,Ahmedabad,BTech,Tier 3,Product Based,Startup,Female,8.6,29.0,1.84,5,1893306.0,196085.0,2089392.0
Frontend Developer,Ahmedabad,BTech,Tier 2,Consulting,MNC,Male,5.9,29.0,4.66,4,2251193.0,208673.0,2459866.0
Data Scientist,Hyderabad,BTech,Tier 2,FinTech,MNC,Male,8.7,29.0,,9,3503279.0,869832.0,4373111.0
Data Scientist,Chennai,MTech,Tier 1,FinTech,MNC,Male,13.3,37.0,3.21,5,4396864.0,530709.0,4927573.0
Software Engineer,Mumbai,BTech,Tier 3,E-Commerce,Startup,Male,8.6,30.0,4.88,4,2350078.0,581506.0,2931584.0
Business Analyst,Delhi NCR,MTech,Tier 2,E-Commerce,MNC,Female,0.0,21.0,2.51,4,1640373.0,196302.0,4853772.802282603
HR Manager,Kolkata,BTech,Tier 3,Product Based,Mid-size,Male,2.5,24.0,3.93,2,1315659.0,237488.0,1553147.0
HR Manager,Ahmedabad,BTech,Tier 3,Manufacturing,MNC,Male,16.5,39.0,1.73,5,1716250.0,262356.0,1978606.0
DevOps Engineer,Delhi NCR,BTech,Tier 3,Manufacturing,Mid-size,Female,6.3,31.0,2.75,4,1848525.0,228103.0,2076628.0
AI Engineer,Mumbai,MBA,Tier 2,Manufacturing,MNC,Female,0.0,23.0,2.38,4,2339282.0,321008.0,2660290.0
Data Analyst,Bangalore,BTech,Tier 3,EdTech,MNC,Female,4.3,27.0,1.92,5,1753949.0,120446.0,1874395.0
Chartered Accountant,Chennai,BTech,Tier 1,Manufacturing,Startup,Male,7.5,30.0,3.34,3,1810175.0,99099.0,1909274.0
Chartered Accountant,Jaipur,,Tier 1,FinTech,Startup,Male,7.9,32.0,3.8,4,3052016.0,722242.0,3774258.0
Frontend Developer,Ahmedabad,,Tier 2,Manufacturing,MNC,Male,8.7,34.0,2.21,3,2073744.0,289197.0,2362941.0
Product Manager,Pune,BTech,Tier 3,E-Commerce,MNC,Male,5.2,27.0,1.94,4,2903566.0,305697.0,3209263.0
Business Analyst,Chennai,BTech,Tier 2,Consulting,Mid-size,Male,8.9,32.0,4.39,4,1835119.0,112226.0,1947344.0
Frontend Developer,Pune,MTech,Tier 3,FinTech,Startup,Male,4.5,30.0,4.07,4,2254160.0,256836.0,6635801.503936141
Data Scientist,Hyderabad,,Tier 2,Product Based,Startup,Male,2.2,24.0,2.6,4,3143500.0,483419.0,3626919.0
Business Analyst,Delhi NCR,BTech,Tier 3,Consulting,Startup,Male,4.8,27.0,3.12,2,1755428.0,104185.0,1859614.0
Backend Developer,Chennai,MTech,Tier 2,IT Services,MNC,Female,0.0,25.0,4.41,5,1767701.0,423517.0,2191218.0
Chartered Accountant,Remote,BTech,Tier 3,Manufacturing,Startup,Male,4.2,30.0,4.66,2,1645019.0,320025.0,1965043.0
Financial Analyst,Chennai,BTech,Tier 3,Product Based,Mid-size,Female,2.9,26.0,,5,1989730.0,238497.0,2228226.0
AI Engineer,Bangalore,PhD,Tier 3,Manufacturing,Mid-size,Male,0.0,24.0,3.17,4,2305521.0,133401.0,2438922.0
DevOps Engineer,Mumbai,BTech,Tier 3,FinTech,MNC,Male,4.1,29.0,,6,3062824.0,184999.0,3247823.0
Marketing Manager,Chennai,BTech,Tier 3,Consulting,Mid-size,Female,4.0,28.0,2.69,6,1786268.0,145018.0,1931286.0
Data Analyst,Hyderabad,MBA,Tier 3,FinTech,Startup,Male,5.9,28.0,2.67,8,2306020.0,427188.0,2733208.0
HR Manager,Mumbai,MBA,Tier 3,Manufacturing,Startup,Male,2.1,22.0,2.88,2,1608895.0,324019.0,1932914.0
Chartered Accountant,Delhi NCR,BTech,Tier 1,Consulting,Startup,Male,5.7,32.0,4.97,4,3010350.0,599222.0,3609571.0
Frontend Developer,Mumbai,MTech,Tier 2,IT Services,Mid-size,Male,6.7,26.0,3.15,8,2350823.0,356224.0,2707047.0
Software Engineer,Bangalore,PhD,Tier 3,FinTech,Mid-size,Male,8.4,32.0,3.72,1,3276564.0,279065.0,3555629.0
Data Scientist,Mumbai,,Tier 2,Product Based,MNC,Male,3.9,24.0,3.4,4,3808176.0,242727.0,4050903.0
DevOps Engineer,Bangalore,BTech,Tier 1,FinTech,Startup,Female,6.8,25.0,3.89,7,3786302.0,750189.0,4536491.0
DevOps Engineer,Remote,PhD,Tier 1,IT Services,Mid-size,Male,7.8,28.0,3.7,4,3236966.0,788972.0,4025937.0
Backend Developer,Kolkata,MTech,Tier 3,FinTech,MNC,Male,6.7,33.0,3.84,1,2392512.0,306143.0,2698655.0
HR Manager,Delhi NCR,MTech,Tier 2,Product Based,Mid-size,Male,5.4,27.0,2.98,4,2520933.0,427840.0,2948773.0
Business Analyst,Delhi NCR,BTech,Tier 2,Consulting,MNC,Male,6.9,27.0,2.81,1,2040863.0,162160.0,2203023.0
Product Manager,Ahmedabad,MBA,Tier 3,Manufacturing,Mid-size,Male,10.3,33.0,4.54,4,2290966.0,352200.0,2643167.0
Data Analyst,Chennai,MTech,Tier 3,Consulting,MNC,Male,7.5,27.0,3.76,2,2041994.0,293864.0,2335858.0
Frontend Developer,Kolkata,MTech,Tier 3,IT Services,MNC,Female,10.6,33.0,3.27,6,2037992.0,373817.0,2411808.0
Product Manager,Pune,BTech,Tier 2,Manufacturing,Startup,Male,0.6,21.0,2.81,6,1957700.0,389577.0,2347276.0
Business Analyst,Hyderabad,MBA,Tier 3,Consulting,MNC,Male,6.2,32.0,3.3,6,2456110.0,230437.0,7099729.598531868
Software Engineer,Ahmedabad,BTech,Tier 2,IT Services,Mid-size,Male,1.5,26.0,,6,1495543.0,301131.0,1796674.0
Chartered Accountant,Ahmedabad,BTech,Tier 2,E-Commerce,Startup,Male,1.0,23.0,3.32,5,1409576.0,109019.0,1518595.0
HR Manager,Kolkata,,Tier 1,E-Commerce,Startup,Male,9.5,32.0,3.09,9,2362722.0,351149.0,2713871.0
Marketing Manager,Mumbai,BTech,Tier 2,Consulting,MNC,Male,4.1,26.0,2.05,7,2516325.0,243783.0,2760108.0
Frontend Developer,Chennai,BTech,Tier 2,FinTech,MNC,Male,0.8,26.0,2.69,6,2256591.0,328603.0,2585194.0
HR Manager,Chennai,MTech,Tier 2,Product Based,MNC,Female,7.9,33.0,3.81,4,2919896.0,298044.0,3217940.0
Chartered Accountant,Hyderabad,MBA,Tier 3,EdTech,Mid-size,Male,5.2,27.0,3.69,1,2023956.0,411323.0,2435279.0
Frontend Developer,Delhi NCR,BTech,Tier 1,Product Based,MNC,Female,0.0,25.0,3.89,6,2424413.0,586139.0,3010552.0
Data Analyst,Mumbai,PhD,Tier 2,E-Commerce,Mid-size,Male,0.0,17.0,2.62,4,1700228.0,175011.0,1875239.0
Software Engineer,Kolkata,BTech,Tier 2,FinTech,MNC,Female,5.3,26.0,3.36,1,2267501.0,467846.0,2735346.0
Software Engineer,Hyderabad,MTech,Tier 2,EdTech,Startup,Male,9.7,31.0,3.47,4,2115292.0,141252.0,2256544.0
DevOps Engineer,Ahmedabad,BTech,Tier 3,Consulting,MNC,Male,0.0,20.0,1.27,6,1713471.0,159248.0,1872719.0
Financial Analyst,Mumbai,BTech,Tier 2,E-Commerce,Mid-size,Male,1.8,24.0,3.89,7,2098405.0,508720.0,2607124.0
Product Manager,Bangalore,BTech,Tier 2,IT Services,Mid-size,Male,3.5,27.0,2.01,3,2618195.0,456075.0,3074270.0
Frontend Developer,Ahmedabad,MTech,Tier 2,Product Based,Startup,Male,7.6,32.0,1.44,3,1761149.0,199686.0,1960835.0
Data Scientist,Pune,BTech,Tier 2,EdTech,Mid-size,Male,0.4,22.0,4.24,3,1389071.0,199901.0,1588972.0
Software Engineer,Chennai,BTech,Tier 3,Product Based,MNC,Male,7.1,31.0,3.64,3,2726679.0,379920.0,3106598.0
Data Analyst,Pune,BTech,Tier 3,Product Based,Mid-size,Male,4.1,27.0,4.05,6,2032423.0,361073.0,2393496.0
Data Analyst,Jaipur,MTech,Tier 2,E-Commerce,Startup,Male,9.1,30.0,3.24,2,1818051.0,257754.0,2075804.0
Chartered Accountant,Mumbai,BTech,Tier 2,Product Based,Mid-size,Male,0.0,26.0,1.87,3,1756507.0,424555.0,2181062.0
Backend Developer,Bangalore,BTech,Tier 2,Product Based,Startup,Male,4.4,26.0,3.86,4,2614665.0,255852.0,2870517.0
Financial Analyst,Ahmedabad,BTech,Tier 1,E-Commerce,Startup,Male,0.8,24.0,4.14,8,1502594.0,324270.0,1826864.0
Product Manager,Pune,MBA,Tier 2,Product Based,Mid-size,Female,6.6,33.0,3.19,5,3969507.0,719959.0,4689465.0
Chartered Accountant,Mumbai,BTech,Tier 2,EdTech,Startup,Female,9.2,37.0,3.67,2,2370371.0,430018.0,2800389.0
AI Engineer,Delhi NCR,BTech,Tier 3,Consulting,Mid-size,Male,7.0,32.0,2.06,5,2460753.0,588001.0,3048753.0
Financial Analyst,Delhi NCR,MTech,Tier 2,E-Commerce,Mid-size,Male,0.0,25.0,3.41,5,1684195.0,93443.0,1777637.0
DevOps Engineer,Bangalore,MTech,Tier 1,FinTech,Mid-size,Female,4.6,30.0,3.7,3,3784885.0,415273.0,4200158.0
Business Analyst,Kolkata,MTech,Tier 2,IT Services,Mid-size,Female,9.2,33.0,2.29,3,1641004.0,303467.0,1944471.0
Financial Analyst,Bangalore,MTech,Tier 3,Product Based,Mid-size,Male,2.9,26.0,4.09,3,2511925.0,493032.0,3004957.0
HR Manager,Delhi NCR,BTech,Tier 3,Manufacturing,Mid-size,Female,7.2,31.0,3.23,5,1686766.0,104189.0,1790954.0
Data Analyst,Remote,MTech,Tier 1,EdTech,Startup,Female,0.0,26.0,2.84,6,1423895.0,341862.0,1765757.0
Frontend Developer,Hyderabad,MTech,Tier 3,E-Commerce,Startup,Female,0.0,23.0,2.79,11,1661199.0,261898.0,1923096.0
Software Engineer,Pune,MBA,Tier 3,Manufacturing,Mid-size,Male,12.6,32.0,3.14,3,1881095.0,187050.0,2068146.0
Marketing Manager,Kolkata,BTech,Tier 3,Product Based,Mid-size,Female,3.6,29.0,4.66,4,1407505.0,294269.0,1701775.0
AI Engineer,Remote,BTech,Tier 3,Product Based,MNC,Female,2.0,24.0,3.59,6,3071401.0,613943.0,3685344.0
Backend Developer,Bangalore,BTech,Tier 3,Product Based,Startup,Male,0.1,22.0,4.0,8,2232082.0,128153.0,2360235.0
Marketing Manager,Bangalore,BTech,Tier 2,FinTech,Mid-size,Female,1.4,24.0,2.8,6,2277836.0,372268.0,2650104.0
Backend Developer,Hyderabad,MBA,Tier 2,Consulting,Startup,Male,7.2,27.0,3.96,2,2613996.0,473550.0,3087546.0
Data Analyst,Hyderabad,BTech,Tier 3,EdTech,MNC,Female,7.4,31.0,3.21,5,1720936.0,131376.0,1852312.0
Financial Analyst,Kolkata,BTech,Tier 3,E-Commerce,MNC,Female,11.2,37.0,4.34,6,2307453.0,250807.0,2558260.0
Financial Analyst,Mumbai,BTech,Tier 1,Manufacturing,Mid-size,Male,0.0,24.0,2.27,7,1346981.0,196806.0,1543787.0
Data Scientist,Delhi NCR,BTech,Tier 2,IT Services,MNC,Male,12.8,37.0,4.39,6,3202608.0,359578.0,3562186.0
HR Manager,Pune,MTech,Tier 2,Manufacturing,MNC,Male,1.3,22.0,3.97,9,1930573.0,132810.0,2063383.0
Backend Developer,Bangalore,MTech,Tier 2,IT Services,Mid-size,Female,9.7,29.0,2.65,7,2588290.0,158221.0,2746511.0
Marketing Manager,Remote,BTech,Tier 3,IT Services,Mid-size,Male,4.9,26.0,4.23,6,1630203.0,164008.0,1794211.0
Data Scientist,Kolkata,BTech,Tier 3,E-Commerce,MNC,Female,10.0,32.0,3.08,14,2707847.0,427369.0,3135216.0
Product Manager,Remote,,Tier 2,E-Commerce,Mid-size,Male,0.3,26.0,2.92,2,2496550.0,190672.0,2687223.0
Data Scientist,Pune,MBA,Tier 3,Manufacturing,Mid-size,Male,2.8,24.0,4.39,2,1765408.0,405686.0,2171094.0
Business Analyst,Hyderabad,BTech,Tier 3,FinTech,Mid-size,Female,0.0,24.0,2.74,7,1639731.0,134267.0,1773999.0
DevOps Engineer,Kolkata,MTech,Tier 1,FinTech,Mid-size,Male,4.6,30.0,2.94,6,3137882.0,695287.0,3833169.0
Software Engineer,Bangalore,MTech,Tier 2,E-Commerce,Mid-size,Female,6.5,28.0,3.61,2,2793593.0,288371.0,3081963.0
Data Scientist,Kolkata,BTech,Tier 1,Manufacturing,Startup,Female,6.0,26.0,3.17,5,1930706.0,182504.0,2113211.0
Chartered Accountant,Mumbai,BTech,Tier 2,EdTech,MNC,Male,0.8,24.0,3.51,5,1950908.0,427431.0,2378339.0
Chartered Accountant,Delhi NCR,BTech,Tier 2,FinTech,MNC,Male,12.3,34.0,4.43,6,3583391.0,735898.0,4319290.0
HR Manager,Bangalore,BTech,Tier 3,IT Services,Mid-size,Female,2.4,28.0,4.3,4,1716098.0,342699.0,2058797.0
Software Engineer,Hyderabad,MTech,Tier 3,E-Commerce,MNC,Male,2.2,28.0,3.33,4,2589947.0,448294.0,3038241.0
AI Engineer,Ahmedabad,MBA,Tier 2,Manufacturing,Mid-size,Female,2.8,28.0,2.2,5,1687416.0,237219.0,1924635.0
Chartered Accountant,Kolkata,BTech,Tier 3,IT Services,MNC,Male,6.2,28.0,3.19,8,2160183.0,384201.0,2544384.0
Product Manager,Delhi NCR,BTech,Tier 3,FinTech,Startup,Female,0.1,26.0,,2,2149549.0,494304.0,2643852.0
Financial Analyst,Remote,MTech,Tier 2,IT Services,MNC,Female,10.2,30.0,3.6,8,2745323.0,467871.0,3213194.0
Business Analyst,Remote,MTech,Tier 2,EdTech,MNC,Male,0.7,22.0,4.37,9,1542771.0,344064.0,1886836.0
Financial Analyst,Ahmedabad,BTech,Tier 3,IT Services,Mid-size,Female,3.6,29.0,3.9,3,1006631.0,169160.0,1175791.0
Data Scientist,Kolkata,BTech,Tier 3,Consulting,MNC,Male,9.5,33.0,3.26,6,2594645.0,209571.0,2804216.0
Marketing Manager,Mumbai,MTech,Tier 3,EdTech,Mid-size,Male,9.6,31.0,3.52,3,2048531.0,481533.0,2530064.0
Backend Developer,Pune,MTech,Tier 1,Manufacturing,MNC,Male,0.9,22.0,3.73,5,1997506.0,420544.0,2418050.0
Data Scientist,Mumbai,BTech,Tier 3,FinTech,Mid-size,Male,4.8,30.0,3.61,5,2667059.0,324081.0,2991140.0
Business Analyst,Remote,BTech,Tier 1,EdTech,MNC,Female,3.3,24.0,3.82,2,1640503.0,89215.0,1729718.0
Frontend Developer,Ahmedabad,BTech,Tier 3,EdTech,MNC,Female,4.2,29.0,2.01,3,1120300.0,126149.0,1246449.0
Frontend Developer,Bangalore,PhD,Tier 2,Manufacturing,MNC,Female,3.4,25.0,2.31,4,2157777.0,440117.0,2597894.0
DevOps Engineer,Delhi NCR,BTech,Tier 3,IT Services,MNC,Female,1.5,26.0,3.48,9,2452348.0,548686.0,3001034.0
Backend Developer,Hyderabad,BTech,Tier 3,Consulting,MNC,Male,4.7,30.0,2.74,5,2262526.0,221780.0,2484307.0
Frontend Developer,Ahmedabad,MTech,Tier 3,Product Based,Startup,Female,0.8,24.0,4.01,7,1737066.0,136447.0,1873513.0
Financial Analyst,Jaipur,BTech,Tier 3,Consulting,MNC,Male,11.9,33.0,2.96,4,1893011.0,276613.0,2169624.0
Frontend Developer,Bangalore,MBA,Tier 3,FinTech,MNC,Female,2.4,24.0,3.66,3,2876348.0,689039.0,3565387.0
Data Scientist,Jaipur,BTech,Tier 2,Manufacturing,MNC,Female,5.5,26.0,3.98,5,1815071.0,295369.0,2110440.0
DevOps Engineer,Jaipur,BTech,Tier 2,E-Commerce,Mid-size,Female,1.7,24.0,2.81,4,1485125.0,292716.0,1777841.0
Business Analyst,Kolkata,MBA,Tier 3,Manufacturing,Startup,Female,1.6,22.0,3.94,6,1423221.0,78087.0,1501308.0
Data Analyst,Remote,BTech,Tier 1,FinTech,MNC,Male,4.0,25.0,3.2,9,2929848.0,621162.0,3551011.0
Product Manager,Chennai,MTech,Tier 3,Consulting,Startup,Male,2.0,24.0,3.69,6,2626443.0,643141.0,3269584.0
Financial Analyst,Pune,MTech,Tier 1,Consulting,Mid-size,Male,7.9,34.0,2.69,6,2641257.0,458159.0,3099416.0
DevOps Engineer,Delhi NCR,BTech,Tier 2,EdTech,MNC,Male,2.1,23.0,3.71,4,2236502.0,217351.0,2453853.0
Software Engineer,Jaipur,BTech,Tier 2,FinTech,MNC,Male,8.0,34.0,,4,2233445.0,272872.0,2506317.0
Backend Developer,Mumbai,BTech,Tier 2,IT Services,MNC,Male,8.1,31.0,2.07,2,2248436.0,310125.0,2558561.0
Marketing Manager,Bangalore,BTech,Tier 2,EdTech,Startup,Male,11.6,37.0,3.35,4,2073603.0,243457.0,2317060.0
Financial Analyst,Hyderabad,PhD,Tier 1,EdTech,Startup,Male,6.7,31.0,2.87,3,2443007.0,466381.0,2909388.0
Backend Developer,Kolkata,MTech,Tier 3,IT Services,MNC,Male,3.1,26.0,3.1,5,1924415.0,200373.0,2124787.0
Product Manager,Remote,BTech,Tier 2,FinTech,Mid-size,Male,4.6,26.0,,3,2556577.0,486217.0,3042794.0
Backend Developer,Delhi NCR,MBA,Tier 2,Consulting,MNC,Male,10.8,35.0,3.03,4,3371051.0,542003.0,3913054.0
HR Manager,Delhi NCR,BTech,Tier 1,Manufacturing,Mid-size,Male,1.2,25.0,2.24,5,1799751.0,434698.0,2234448.0
Data Scientist,Mumbai,BTech,Tier 3,FinTech,Startup,Male,2.4,22.0,3.66,5,2099246.0,457541.0,2556787.0
Data Analyst,Chennai,,Tier 3,Product Based,Startup,Male,5.1,30.0,1.66,4,1619889.0,356720.0,1976609.0
Backend Developer,Delhi NCR,MTech,Tier 2,Product Based,MNC,Female,2.1,27.0,3.95,2,2851777.0,329643.0,3181420.0
Backend Developer,Kolkata,BTech,Tier 2,Manufacturing,Startup,Male,3.2,28.0,2.69,9,1216442.0,63786.0,1280227.0
Frontend Developer,Delhi NCR,BTech,Tier 2,IT Services,Mid-size,Male,7.7,32.0,3.84,6,2367660.0,121879.0,2489539.0
Product Manager,Hyderabad,MBA,Tier 3,Manufacturing,MNC,Female,4.5,27.0,3.83,2,2717994.0,270992.0,2988986.0
Data Analyst,Jaipur,MBA,Tier 2,FinTech,Startup,Male,1.5,25.0,3.37,1,1450303.0,115611.0,1565913.0
HR Manager,Mumbai,BTech,Tier 2,Manufacturing,Startup,Male,7.4,32.0,3.56,4,1648279.0,212080.0,1860359.0
Business Analyst,Mumbai,BTech,Tier 2,EdTech,Startup,Male,10.2,32.0,4.19,3,1962479.0,416030.0,2378510.0
Frontend Developer,Remote,MBA,Tier 2,IT Services,Mid-size,Male,3.6,25.0,2.76,7,2174442.0,393380.0,2567822.0
Business Analyst,Jaipur,BTech,Tier 2,IT Services,Mid-size,Male,0.0,22.0,3.4,4,1008433.0,195799.0,1204231.0
Business Analyst,Bangalore,MBA,Tier 3,EdTech,Startup,Male,4.5,28.0,3.77,3,2007163.0,481786.0,2488949.0
Financial Analyst,Hyderabad,MTech,Tier 3,E-Commerce,Mid-size,Male,3.8,28.0,3.69,1,1789322.0,318533.0,2107855.0
HR Manager,Remote,MBA,Tier 2,Manufacturing,Mid-size,Male,7.5,30.0,3.22,1,1749805.0,240101.0,1989906.0
Software Engineer,Chennai,MTech,Tier 2,Manufacturing,MNC,Male,5.3,27.0,2.81,4,2255034.0,452975.0,2708009.0
HR Manager,Remote,PhD,Tier 1,FinTech,Mid-size,Male,2.1,28.0,3.87,4,2952546.0,425025.0,3377572.0
Chartered Accountant,Bangalore,PhD,Tier 1,E-Commerce,Mid-size,Male,0.0,23.0,4.8,7,3099723.0,387078.0,3486802.0
HR Manager,Pune,BTech,Tier 3,IT Services,Startup,Male,9.9,33.0,4.43,5,1613560.0,232532.0,1846092.0
AI Engineer,Delhi NCR,BTech,Tier 2,EdTech,MNC,Male,2.6,26.0,4.06,9,2768938.0,217312.0,2986249.0
HR Manager,Hyderabad,,Tier 2,Consulting,Mid-size,Female,5.2,33.0,3.01,5,1764814.0,378849.0,2143663.0
Frontend Developer,Delhi NCR,MBA,Tier 3,Consulting,MNC,Male,9.8,30.0,2.18,9,3253955.0,375545.0,3629501.0
Product Manager,Chennai,MBA,Tier 2,Manufacturing,MNC,Male,3.2,27.0,3.5,5,3175897.0,607587.0,3783484.0
Software Engineer,Pune,BTech,Tier 2,FinTech,Mid-size,Male,4.4,27.0,2.61,5,2399576.0,222653.0,2622229.0
Software Engineer,Remote,BTech,Tier 2,Consulting,MNC,Female,4.9,31.0,3.75,4,2715281.0,221165.0,2936447.0
HR Manager,Delhi NCR,MBA,Tier 3,Product Based,Mid-size,Female,0.0,25.0,4.51,4,2040800.0,263367.0,2304167.0
Chartered Accountant,Remote,BTech,Tier 2,Consulting,Startup,Male,10.5,34.0,3.97,2,1912549.0,141276.0,2053825.0
Software Engineer,Jaipur,MBA,Tier 2,EdTech,Mid-size,Male,1.2,23.0,3.41,6,1481052.0,260814.0,1741866.0
Financial Analyst,Pune,,Tier 3,IT Services,Mid-size,Male,6.0,26.0,3.54,5,1949690.0,478130.0,2427820.0
Business Analyst,Ahmedabad,BTech,Tier 1,Consulting,Startup,Male,13.2,35.0,4.16,4,2317336.0,237596.0,2554932.0
Financial Analyst,Ahmedabad,BTech,Tier 2,Consulting,MNC,Female,0.0,26.0,4.14,2,1535706.0,300985.0,1836690.0
Backend Developer,Mumbai,BTech,Tier 2,Product Based,MNC,Female,6.1,27.0,2.0,7,3219462.0,780130.0,3999592.0
AI Engineer,Pune,BTech,Tier 3,Manufacturing,MNC,Male,2.8,23.0,3.19,4,2362054.0,125585.0,2487639.0
Chartered Accountant,Hyderabad,BTech,Tier 2,IT Services,Startup,Female,4.8,29.0,2.94,3,1525719.0,227249.0,1752968.0
Financial Analyst,Chennai,MBA,Tier 3,EdTech,Startup,Female,11.6,35.0,3.05,7,1756533.0,354517.0,2111050.0
DevOps Engineer,Hyderabad,,Tier 1,E-Commerce,Startup,Male,6.2,32.0,3.13,3,2866625.0,663434.0,3530059.0
Chartered Accountant,Kolkata,BTech,Tier 3,Consulting,MNC,Male,4.6,28.0,3.25,2,2064574.0,414169.0,2478743.0
Software Engineer,Kolkata,MTech,Tier 1,Manufacturing,Mid-size,Male,5.6,30.0,2.17,3,1907121.0,329045.0,2236166.0
Marketing Manager,Delhi NCR,BTech,Tier 1,Product Based,Mid-size,Female,5.2,29.0,3.43,4,2672718.0,154718.0,2827435.0
DevOps Engineer,Hyderabad,BTech,Tier 2,EdTech,MNC,Female,5.9,31.0,3.25,3,2318900.0,426814.0,2745714.0
Financial Analyst,Pune,MTech,Tier 1,IT Services,Startup,Male,2.1,26.0,4.14,2,1763313.0,89170.0,1852482.0
Business Analyst,Kolkata,BTech,Tier 3,IT Services,Mid-size,Male,3.8,31.0,4.08,1,1423629.0,119575.0,1543204.0
Chartered Accountant,Mumbai,,Tier 1,FinTech,Mid-size,Female,4.9,30.0,2.34,5,3042666.0,553618.0,3596284.0
HR Manager,Bangalore,BTech,Tier 3,Consulting,Mid-size,Male,3.4,28.0,1.61,3,1932697.0,414718.0,2347415.0
Financial Analyst,Chennai,BTech,Tier 2,Product Based,Startup,Male,1.9,25.0,2.19,4,1612259.0,401395.0,2013654.0
Data Analyst,Ahmedabad,BTech,Tier 1,E-Commerce,Startup,Male,2.0,24.0,3.17,4,1424250.0,287092.0,1711342.0
Software Engineer,Jaipur,MTech,Tier 3,FinTech,Mid-size,Male,5.3,28.0,3.64,7,1917311.0,246523.0,2163834.0
Frontend Developer,Bangalore,MTech,Tier 3,Consulting,MNC,Male,2.6,25.0,4.85,4,2463008.0,405418.0,2868426.0
Data Scientist,Bangalore,MBA,Tier 3,FinTech,MNC,Female,3.0,25.0,4.08,4,3223825.0,689842.0,3913667.0
Data Scientist,Delhi NCR,BTech,Tier 1,EdTech,Mid-size,Male,8.8,29.0,2.77,8,2905736.0,655646.0,3561382.0
HR Manager,Kolkata,MTech,Tier 3,FinTech,Startup,Male,4.7,26.0,3.63,7,2187957.0,499028.0,2686984.0
Data Analyst,Mumbai,MBA,Tier 2,FinTech,Startup,Male,5.8,34.0,3.63,7,2520888.0,197913.0,2718801.0
Business Analyst,Remote,BTech,Tier 2,Manufacturing,Startup,Female,1.1,24.0,2.99,7,1101886.0,152407.0,1254293.0
Financial Analyst,Kolkata,MTech,Tier 2,EdTech,Startup,Female,1.5,22.0,3.22,6,1332916.0,148257.0,1481173.0
Data Scientist,Ahmedabad,MTech,Tier 2,Manufacturing,Startup,Male,1.4,24.0,3.54,5,1503762.0,188639.0,1692401.0
HR Manager,Jaipur,MBA,Tier 1,E-Commerce,Startup,Male,2.1,28.0,4.44,7,2220328.0,245177.0,2465505.0
HR Manager,Remote,BTech,Tier 2,Manufacturing,Mid-size,Male,4.7,26.0,3.03,7,1611662.0,322850.0,5112328.987773184
AI Engineer,Pune,BTech,Tier 3,Product Based,Startup,Male,5.3,28.0,4.01,5,2423187.0,270263.0,2693450.0
Data Scientist,Jaipur,BTech,Tier 3,Product Based,MNC,Male,4.6,25.0,2.61,3,1888549.0,122045.0,2010594.0
Software Engineer,Chennai,BTech,Tier 2,Manufacturing,MNC,Male,11.8,33.0,3.23,8,2512898.0,234615.0,2747513.0
Frontend Developer,Chennai,,Tier 2,Consulting,Startup,Male,1.2,27.0,3.7,5,1366593.0,328870.0,1695463.0
Marketing Manager,Bangalore,MBA,Tier 1,Product Based,MNC,Male,5.0,29.0,2.84,7,4896440.0,674663.0,5571103.0
Product Manager,Bangalore,PhD,Tier 1,Product Based,Startup,Male,4.4,29.0,3.34,8,5758702.0,588565.0,6347267.0
Frontend Developer,Chennai,BTech,Tier 1,FinTech,Mid-size,Male,3.7,29.0,2.78,3,2347325.0,550172.0,2897496.0
Product Manager,Mumbai,BTech,Tier 1,IT Services,Mid-size,Male,4.9,31.0,3.96,2,3338937.0,326595.0,3665532.0
Business Analyst,Pune,BTech,Tier 2,IT Services,MNC,Male,0.5,23.0,1.63,8,1606737.0,192645.0,1799382.0
Financial Analyst,Pune,BTech,Tier 3,FinTech,MNC,Male,3.4,27.0,3.29,4,2225974.0,195999.0,2421972.0
Frontend Developer,Mumbai,BTech,Tier 3,IT Services,MNC,Male,11.1,35.0,2.74,7,2363360.0,329194.0,2692554.0
Business Analyst,Remote,BTech,Tier 3,E-Commerce,Startup,Male,8.8,30.0,4.18,6,1610104.0,365111.0,1975216.0
Product Manager,Remote,BTech,Tier 3,FinTech,Mid-size,Male,5.7,28.0,4.52,5,2665274.0,640262.0,3305536.0
Product Manager,Ahmedabad,PhD,Tier 2,Consulting,Mid-size,Male,0.0,25.0,2.47,5,2737107.0,567823.0,3304930.0
Chartered Accountant,Jaipur,BTech,Tier 1,Product Based,MNC,Male,4.6,26.0,2.6,4,2709896.0,206085.0,2915981.0
Marketing Manager,Bangalore,BTech,Tier 3,Consulting,MNC,Male,6.5,29.0,3.25,13,3090333.0,575968.0,3666301.0
Product Manager,Mumbai,BTech,Tier 3,EdTech,Mid-size,Male,8.6,32.0,3.55,10,2842234.0,699335.0,3541568.0
Marketing Manager,Delhi NCR,MTech,Tier 2,EdTech,MNC,Male,7.7,31.0,4.81,3,2800114.0,163288.0,2963402.0
Data Analyst,Hyderabad,BTech,Tier 2,EdTech,Startup,Male,8.8,33.0,2.91,3,1648621.0,389161.0,2037782.0
Marketing Manager,Jaipur,BTech,Tier 3,Manufacturing,Mid-size,Male,1.3,23.0,3.03,5,932435.0,162545.0,1094980.0
DevOps Engineer,Hyderabad,BTech,Tier 2,IT Services,MNC,Female,8.9,32.0,2.37,6,2826055.0,593752.0,3419807.0
Product Manager,Kolkata,BTech,Tier 2,Product Based,MNC,Female,7.7,28.0,3.25,5,3512653.0,591751.0,4104405.0
Product Manager,Kolkata,BTech,Tier 2,FinTech,Mid-size,Male,6.0,28.0,4.51,5,2792314.0,205710.0,2998024.0
Software Engineer,Hyderabad,BTech,Tier 2,Product Based,Mid-size,Male,7.1,30.0,3.98,8,2988220.0,290318.0,3278538.0
Backend Developer,Remote,,Tier 2,EdTech,MNC,Male,7.5,32.0,3.62,15,2967480.0,661876.0,3629356.0
Data Analyst,Pune,,Tier 3,E-Commerce,MNC,Male,5.5,26.0,2.39,2,1743184.0,202965.0,1946149.0
Software Engineer,Jaipur,BTech,Tier 2,Product Based,Startup,Male,3.5,26.0,1.95,3,1598208.0,343799.0,1942007.0
Marketing Manager,Bangalore,BTech,Tier 2,Product Based,MNC,Female,3.0,26.0,2.7,4,2811518.0,641441.0,3452959.0
DevOps Engineer,Jaipur,,Tier 3,Manufacturing,Mid-size,Male,4.1,27.0,3.63,4,1430231.0,166293.0,1596524.0
Product Manager,Pune,BTech,Tier 2,Consulting,MNC,Male,1.4,25.0,2.99,7,3451865.0,281203.0,3733068.0
HR Manager,Bangalore,MTech,Tier 1,E-Commerce,Startup,Female,1.1,24.0,3.32,2,2184084.0,151298.0,2335382.0
AI Engineer,Chennai,MTech,Tier 3,EdTech,MNC,Female,2.9,26.0,3.75,5,2551917.0,480831.0,8014633.92990643
Data Scientist,Pune,BTech,Tier 2,E-Commerce,MNC,Female,0.0,22.0,4.98,5,2293328.0,384248.0,2677576.0
Business Analyst,Jaipur,BTech,Tier 1,EdTech,Mid-size,Female,8.8,27.0,4.29,7,1659021.0,398867.0,2057888.0
Frontend Developer,Pune,MBA,Tier 3,Manufacturing,Mid-size,Female,1.0,24.0,4.49,11,1363077.0,264418.0,1627496.0
Financial Analyst,Jaipur,BTech,Tier 3,Product Based,Startup,Female,2.0,26.0,3.64,7,1438710.0,94969.0,1533678.0
AI Engineer,Chennai,BTech,Tier 3,Product Based,MNC,Female,0.0,23.0,2.35,4,2461913.0,446381.0,2908293.0
Marketing Manager,Hyderabad,MTech,Tier 2,Product Based,Mid-size,Male,2.9,28.0,3.38,4,2360545.0,464258.0,2824803.0
Data Scientist,Jaipur,MTech,Tier 1,FinTech,Startup,Female,0.0,25.0,3.08,5,1949608.0,479596.0,2429203.0
Product Manager,Mumbai,MTech,Tier 3,Manufacturing,Mid-size,Male,4.1,31.0,4.29,4,2823962.0,242572.0,3066534.0
Backend Developer,Pune,BTech,Tier 1,IT Services,MNC,Female,9.4,36.0,3.06,5,2720240.0,610984.0,3331224.0
Chartered Accountant,Jaipur,BTech,Tier 1,EdTech,Startup,Male,5.7,31.0,3.89,4,1876076.0,383387.0,2259463.0
Business Analyst,Pune,MTech,Tier 1,FinTech,Mid-size,Female,6.3,28.0,4.23,3,2750610.0,611251.0,3361862.0
Software Engineer,Bangalore,BTech,Tier 3,Manufacturing,MNC,Male,12.0,36.0,5.0,4,2419322.0,266791.0,2686113.0
Chartered Accountant,Remote,MBA,Tier 3,IT Services,Mid-size,Male,0.0,21.0,3.31,6,1576313.0,136988.0,1713301.0
HR Manager,Ahmedabad,PhD,Tier 2,FinTech,MNC,Male,11.9,34.0,3.42,4,3422665.0,532163.0,3954828.0
Marketing Manager,Delhi NCR,MBA,Tier 2,FinTech,MNC,Male,9.2,31.0,2.45,3,3560329.0,466532.0,4026861.0
Software Engineer,Remote,MTech,Tier 2,E-Commerce,MNC,Male,3.6,23.0,3.84,3,2585671.0,336940.0,2922611.0
Software Engineer,Jaipur,BTech,Tier 2,Consulting,Mid-size,Male,5.6,27.0,3.39,3,1612209.0,94190.0,1706399.0
Financial Analyst,Ahmedabad,MBA,Tier 3,IT Services,Startup,Male,0.0,23.0,2.78,4,966077.0,75998.0,1042075.0
Marketing Manager,Bangalore,MTech,Tier 2,FinTech,MNC,Male,6.8,30.0,3.07,7,3728563.0,671110.0,4399673.0
Financial Analyst,Chennai,MTech,Tier 1,E-Commerce,Mid-size,Male,9.9,35.0,3.24,4,2558625.0,343704.0,2902330.0
Financial Analyst,Pune,BTech,Tier 1,EdTech,Mid-size,Female,10.6,33.0,2.77,4,2051154.0,409943.0,2461097.0
Backend Developer,Chennai,BTech,Tier 3,Manufacturing,MNC,Male,1.6,25.0,4.05,4,1612481.0,159124.0,1771605.0
Software Engineer,Hyderabad,PhD,Tier 1,Consulting,MNC,Male,7.5,36.0,3.29,3,4367492.0,496232.0,4863724.0
AI Engineer,Mumbai,BTech,Tier 3,Consulting,MNC,Male,5.2,27.0,3.37,7,2954482.0,256581.0,3211064.0
Financial Analyst,Jaipur,MTech,Tier 2,Consulting,MNC,Male,7.6,32.0,3.5,2,2206320.0,440561.0,2646881.0
Financial Analyst,Bangalore,MTech,Tier 2,FinTech,MNC,Male,9.7,31.0,,5,4012839.0,716597.0,4729435.0
Data Analyst,Ahmedabad,MTech,Tier 2,IT Services,Startup,Male,0.0,24.0,3.86,3,970163.0,190437.0,1160599.0
DevOps Engineer,Chennai,BTech,Tier 3,E-Commerce,Mid-size,Male,7.7,29.0,3.44,6,2098521.0,469835.0,2568356.0
Business Analyst,Bangalore,PhD,Tier 2,E-Commerce,MNC,Male,5.8,31.0,2.96,4,3327378.0,491825.0,3819203.0
HR Manager,Hyderabad,BTech,Tier 2,E-Commerce,Mid-size,Male,1.5,26.0,3.03,10,1914193.0,358588.0,2272780.0
DevOps Engineer,Delhi NCR,MTech,Tier 3,IT Services,MNC,Male,7.4,32.0,,10,3224678.0,376233.0,3600911.0
Data Analyst,Pune,BTech,Tier 2,Consulting,Mid-size,Male,0.0,20.0,4.09,7,1456117.0,104199.0,1560317.0
Financial Analyst,Delhi NCR,MTech,Tier 3,E-Commerce,Mid-size,Male,4.9,27.0,3.09,2,2041883.0,446861.0,2488745.0
Marketing Manager,Kolkata,MBA,Tier 3,EdTech,Startup,Male,10.6,34.0,4.62,1,1663482.0,373050.0,5381934.289267117
HR Manager,Bangalore,MTech,Tier 2,E-Commerce,Mid-size,Male,0.0,19.0,3.65,6,2027083.0,377399.0,2404482.0
Software Engineer,Delhi NCR,BTech,Tier 2,EdTech,Mid-size,Female,4.7,25.0,3.22,2,1852077.0,105166.0,1957244.0
Data Scientist,Ahmedabad,BTech,Tier 3,E-Commerce,Startup,Female,3.2,30.0,2.44,11,1743568.0,310857.0,2054426.0
Backend Developer,Bangalore,BTech,Tier 2,EdTech,MNC,Male,7.2,32.0,2.96,7,2962117.0,425217.0,3387334.0
DevOps Engineer,Kolkata,MTech,Tier 3,Consulting,MNC,Female,4.7,27.0,2.61,6,2570572.0,491975.0,3062546.0
Marketing Manager,Hyderabad,BTech,Tier 1,EdTech,Mid-size,Male,8.1,34.0,3.5,5,2336036.0,391584.0,2727619.0
Business Analyst,Kolkata,BTech,Tier 1,EdTech,MNC,Male,0.0,20.0,3.83,5,1320834.0,111851.0,1432684.0
AI Engineer,Delhi NCR,MTech,Tier 2,Consulting,MNC,Male,9.5,33.0,2.41,6,3618872.0,585562.0,4204434.0
Frontend Developer,Chennai,BTech,Tier 2,E-Commerce,Startup,Male,10.8,33.0,3.73,6,2070623.0,450209.0,2520832.0
Financial Analyst,Chennai,PhD,Tier 2,Manufacturing,Startup,Male,4.3,29.0,3.37,5,1716770.0,260343.0,1977113.0
HR Manager,Hyderabad,MTech,Tier 3,Product Based,MNC,Male,0.0,24.0,3.77,4,2219734.0,270959.0,2490694.0
Product Manager,Jaipur,BTech,Tier 1,Consulting,Startup,Male,5.6,28.0,3.17,3,2554641.0,307653.0,2862294.0
Data Analyst,Chennai,BTech,Tier 1,E-Commerce,Mid-size,Male,8.5,31.0,3.17,2,2163499.0,306094.0,2469593.0
HR Manager,Kolkata,BTech,Tier 2,E-Commerce,MNC,Male,13.1,36.0,3.14,5,2389983.0,338490.0,2728472.0
Frontend Developer,Bangalore,BTech,Tier 3,Product Based,Mid-size,Female,2.6,26.0,2.49,2,1800204.0,114067.0,1914271.0
Frontend Developer,Remote,MBA,Tier 3,Product Based,MNC,Female,7.0,31.0,1.19,6,2834254.0,469492.0,3303746.0
Financial Analyst,Kolkata,MTech,Tier 2,Consulting,MNC,Male,4.4,24.0,1.59,6,2130201.0,196371.0,2326571.0
Software Engineer,Jaipur,BTech,Tier 2,Consulting,MNC,Male,4.7,26.0,4.02,3,1654609.0,265127.0,1919736.0
Business Analyst,Jaipur,MTech,Tier 2,IT Services,Startup,Male,4.7,29.0,3.48,4,1593400.0,203126.0,1796526.0
Software Engineer,Mumbai,MTech,Tier 1,Manufacturing,MNC,Male,11.0,34.0,3.06,1,2968783.0,185100.0,3153883.0
Product Manager,Kolkata,MTech,Tier 2,E-Commerce,MNC,Male,1.1,25.0,3.02,8,3107546.0,551044.0,3658590.0
Product Manager,Remote,MTech,Tier 3,Consulting,Startup,Female,5.6,27.0,3.73,4,2309595.0,556150.0,2865745.0
Marketing Manager,Delhi NCR,BTech,Tier 3,E-Commerce,Startup,Female,7.7,31.0,3.7,2,2066037.0,396886.0,2462923.0
Marketing Manager,Hyderabad,,Tier 1,E-Commerce,MNC,Male,7.0,30.0,3.11,4,3562271.0,430325.0,3992596.0
HR Manager,Bangalore,MTech,Tier 2,IT Services,Mid-size,Male,1.3,24.0,2.56,5,1848236.0,214300.0,2062536.0
Software Engineer,Chennai,BTech,Tier 3,Manufacturing,Mid-size,Female,6.7,27.0,4.83,6,1619173.0,311301.0,1930474.0
Software Engineer,Pune,BTech,Tier 3,Product Based,Mid-size,Male,2.4,25.0,2.38,6,2016950.0,189616.0,2206566.0
Data Analyst,Pune,,Tier 1,FinTech,MNC,Male,6.5,32.0,4.87,4,3354571.0,796264.0,4150835.0
DevOps Engineer,Hyderabad,MBA,Tier 2,Consulting,MNC,Male,5.9,30.0,3.64,3,3388015.0,645261.0,4033277.0
Frontend Developer,Remote,BTech,Tier 3,E-Commerce,MNC,Male,9.0,34.0,4.98,9,2378516.0,397961.0,2776477.0
Business Analyst,Chennai,BTech,Tier 3,EdTech,Mid-size,Male,7.2,35.0,3.37,7,1557335.0,98240.0,1655575.0
Frontend Developer,Bangalore,BTech,Tier 3,FinTech,MNC,Female,3.7,28.0,3.7,4,2529825.0,333520.0,2863346.0
DevOps Engineer,Bangalore,MTech,Tier 2,E-Commerce,Mid-size,Female,4.2,29.0,3.53,7,3261931.0,789176.0,4051107.0
Backend Developer,Jaipur,MTech,Tier 3,Product Based,MNC,Female,3.3,28.0,4.19,2,2056730.0,208446.0,2265176.0
HR Manager,Delhi NCR,BTech,Tier 3,Consulting,MNC,Male,4.6,27.0,,4,2209937.0,273358.0,2483295.0
Chartered Accountant,Jaipur,BTech,Tier 1,IT Services,Startup,Female,9.5,31.0,,1,1776058.0,311610.0,2087668.0
Data Scientist,Pune,MTech,Tier 1,EdTech,Startup,Female,10.4,31.0,,5,2710686.0,393302.0,3103988.0
Financial Analyst,Bangalore,BTech,Tier 1,EdTech,Mid-size,Male,11.8,35.0,2.54,2,1909365.0,375249.0,2284615.0
Backend Developer,Mumbai,BTech,Tier 3,IT Services,MNC,Male,5.9,30.0,3.34,6,2335193.0,307868.0,2643061.0
Data Analyst,Remote,BTech,Tier 1,Consulting,Mid-size,Female,8.8,31.0,3.05,10,2144857.0,364883.0,2509741.0
Data Scientist,Pune,BTech,Tier 1,Product Based,Startup,Male,11.7,31.0,3.74,8,3568528.0,187436.0,3755965.0
Backend Developer,Hyderabad,MTech,Tier 3,Product Based,Mid-size,Female,4.7,31.0,3.14,7,2370411.0,195844.0,2566255.0
HR Manager,Bangalore,,Tier 3,Consulting,MNC,Male,10.0,32.0,2.08,4,2470776.0,435420.0,2906197.0
Business Analyst,Chennai,BTech,Tier 2,FinTech,MNC,Male,6.6,30.0,3.08,5,2675034.0,483098.0,3158132.0
Product Manager,Hyderabad,BTech,Tier 2,Consulting,Mid-size,Male,1.8,24.0,3.16,5,2671979.0,587583.0,3259561.0
DevOps Engineer,Mumbai,MTech,Tier 2,EdTech,MNC,Male,0.0,24.0,2.81,3,2175301.0,179920.0,2355221.0
Financial Analyst,Ahmedabad,BTech,Tier 3,E-Commerce,Startup,Female,11.2,31.0,,5,1912974.0,267783.0,2180757.0
Data Scientist,Pune,BTech,Tier 3,EdTech,Startup,Male,8.3,30.0,4.89,4,2192725.0,154595.0,2347320.0
Software Engineer,Jaipur,MBA,Tier 2,Product Based,Mid-size,Male,3.1,23.0,2.55,6,2138753.0,327102.0,2465855.0
Software Engineer,Pune,MBA,Tier 2,EdTech,MNC,Female,9.2,34.0,3.97,1,2775391.0,171888.0,2947279.0
Data Analyst,Chennai,BTech,Tier 3,E-Commerce,Mid-size,Male,0.0,24.0,3.74,3,1090263.0,167713.0,1257976.0
HR Manager,Bangalore,BTech,Tier 3,Manufacturing,MNC,Male,3.5,26.0,3.13,6,1945773.0,413999.0,2359772.0
Frontend Developer,Hyderabad,MBA,Tier 1,Manufacturing,Mid-size,Male,15.1,42.0,3.2,5,2511903.0,155830.0,2667732.0
Marketing Manager,Chennai,BTech,Tier 2,E-Commerce,MNC,Male,2.7,25.0,3.6,6,2255601.0,119178.0,2374779.0
Product Manager,Jaipur,BTech,Tier 2,FinTech,Mid-size,Male,0.7,22.0,2.78,4,1981906.0,426947.0,2408853.0
Product Manager,Pune,MTech,Tier 3,Product Based,Startup,Male,1.7,20.0,3.38,5,3111075.0,326921.0,3437995.0
HR Manager,Bangalore,BTech,Tier 2,Manufacturing,MNC,Female,10.1,33.0,3.23,2,2001522.0,245190.0,2246712.0
Chartered Accountant,Kolkata,PhD,Tier 2,Product Based,Mid-size,Male,0.0,25.0,4.01,7,2536334.0,191240.0,2727574.0
Backend Developer,Jaipur,BTech,Tier 3,EdTech,Startup,Female,4.3,26.0,4.16,3,1350708.0,127787.0,1478495.0
Software Engineer,Remote,BTech,Tier 2,Product Based,Startup,Male,3.7,27.0,2.9,7,2032799.0,498314.0,2531113.0
HR Manager,Chennai,BTech,Tier 2,EdTech,MNC,Male,3.6,31.0,5.0,2,1539967.0,201100.0,1741068.0
Chartered Accountant,Jaipur,MTech,Tier 1,Consulting,MNC,Female,7.0,28.0,3.41,4,2692373.0,472973.0,3165347.0
Business Analyst,Jaipur,,Tier 3,Manufacturing,Mid-size,Male,3.2,23.0,3.89,5,1226366.0,61974.0,1288339.0
AI Engineer,Ahmedabad,MTech,Tier 3,Consulting,Startup,Male,6.5,31.0,1.21,1,1843439.0,209901.0,2053340.0
Chartered Accountant,Jaipur,BTech,Tier 1,Manufacturing,Startup,Male,6.6,27.0,3.77,6,1650243.0,389765.0,2040008.0
Financial Analyst,Delhi NCR,BTech,Tier 1,EdTech,MNC,Male,3.8,24.0,,8,2712254.0,518038.0,3230293.0
Backend Developer,Remote,BTech,Tier 3,E-Commerce,MNC,Male,10.4,31.0,3.08,4,2339203.0,452040.0,2791243.0
Product Manager,Chennai,MBA,Tier 3,Product Based,MNC,Male,6.8,32.0,4.63,8,4784151.0,383361.0,5167512.0
Chartered Accountant,Hyderabad,MTech,Tier 3,EdTech,MNC,Male,4.3,28.0,4.8,7,2503858.0,325340.0,2829197.0
Product Manager,Chennai,MBA,Tier 3,E-Commerce,Startup,Male,4.3,28.0,3.89,5,3078670.0,652146.0,3730816.0
Data Scientist,Remote,MTech,Tier 3,Manufacturing,Startup,Male,0.0,20.0,3.09,4,1311122.0,131005.0,1442127.0
AI Engineer,Mumbai,BTech,Tier 2,Product Based,Startup,Female,8.3,31.0,3.68,2,3241603.0,740748.0,3982351.0
Data Analyst,Mumbai,BTech,Tier 2,EdTech,Startup,Female,14.3,39.0,,4,1778038.0,226757.0,2004795.0
Marketing Manager,Kolkata,BTech,Tier 3,Product Based,MNC,Female,5.3,29.0,,5,2133777.0,205705.0,2339482.0
Product Manager,Pune,BTech,Tier 2,Manufacturing,MNC,Male,2.8,27.0,3.11,5,2794595.0,430494.0,3225089.0
Data Analyst,Bangalore,MBA,Tier 3,IT Services,Startup,Male,5.0,30.0,2.84,6,1967136.0,398848.0,2365984.0
Marketing Manager,Pune,MTech,Tier 3,Manufacturing,MNC,Male,2.7,25.0,4.0,6,1973720.0,254263.0,2227983.0
Data Scientist,Jaipur,BTech,Tier 3,FinTech,Mid-size,Male,3.3,26.0,3.13,5,2077757.0,244803.0,2322560.0
Product Manager,Ahmedabad,BTech,Tier 3,E-Commerce,Startup,Male,3.8,25.0,3.66,5,2061941.0,389965.0,2451905.0
DevOps Engineer,Bangalore,MTech,Tier 2,Manufacturing,MNC,Male,12.2,35.0,3.12,10,3509346.0,335113.0,3844459.0
Data Scientist,Mumbai,BTech,Tier 3,Manufacturing,Startup,Female,10.4,33.0,4.81,8,2118712.0,214663.0,2333375.0
Backend Developer,Remote,BTech,Tier 3,FinTech,MNC,Female,9.5,28.0,4.05,9,2620787.0,318373.0,2939160.0
Backend Developer,Delhi NCR,BTech,Tier 2,Manufacturing,Startup,Male,0.0,25.0,,7,1525811.0,267368.0,1793179.0
AI Engineer,Chennai,MTech,Tier 1,Product Based,Mid-size,Male,6.2,34.0,3.43,5,4102393.0,1014793.0,13523171.902592026
Frontend Developer,Kolkata,BTech,Tier 2,EdTech,Mid-size,Male,0.0,22.0,3.42,4,1040031.0,235363.0,1275394.0
Financial Analyst,Delhi NCR,MTech,Tier 1,Consulting,Startup,Male,4.0,30.0,4.27,7,2731260.0,668351.0,3399611.0
HR Manager,Bangalore,MBA,Tier 3,E-Commerce,MNC,Male,2.5,25.0,3.45,3,2601965.0,146242.0,2748207.0
Backend Developer,Hyderabad,BTech,Tier 2,Consulting,Startup,Male,11.0,32.0,,8,2614513.0,163690.0,2778203.0
Data Scientist,Kolkata,BTech,Tier 1,FinTech,Mid-size,Male,4.7,27.0,,4,2485739.0,214899.0,2700638.0
Marketing Manager,Ahmedabad,BTech,Tier 2,Product Based,Startup,Male,3.7,25.0,3.98,7,1932515.0,209710.0,2142225.0
Backend Developer,Ahmedabad,MTech,Tier 1,EdTech,Mid-size,Female,5.9,28.0,2.71,6,2009839.0,329122.0,2338961.0
DevOps Engineer,Mumbai,BTech,Tier 2,FinTech,Startup,Female,7.0,33.0,3.6,2,2656921.0,639216.0,3296137.0
DevOps Engineer,Kolkata,MTech,Tier 2,Consulting,Startup,Male,3.8,25.0,,6,2142487.0,219951.0,2362437.0
Backend Developer,Jaipur,BTech,Tier 2,EdTech,Mid-size,Male,9.7,36.0,4.59,2,1477149.0,153027.0,1630176.0
Software Engineer,Pune,BTech,Tier 3,Consulting,Mid-size,Male,5.5,28.0,3.51,6,1951677.0,450071.0,2401749.0
Data Analyst,Delhi NCR,MBA,Tier 2,EdTech,Startup,Male,6.7,28.0,2.07,9,2200426.0,443339.0,2643765.0
Frontend Developer,Bangalore,BTech,Tier 3,E-Commerce,MNC,Female,8.3,31.0,5.0,3,2665893.0,438420.0,3104313.0
Software Engineer,Mumbai,BTech,Tier 2,Consulting,Startup,Male,5.3,27.0,3.01,7,2457897.0,376369.0,2834266.0
Product Manager,Chennai,MTech,Tier 1,Consulting,Startup,Male,1.4,28.0,4.62,5,3119974.0,639871.0,3759845.0
DevOps Engineer,Delhi NCR,MBA,Tier 2,Product Based,MNC,Female,10.8,37.0,4.02,9,4891246.0,1036075.0,5927321.0
DevOps Engineer,Mumbai,MTech,Tier 2,FinTech,Mid-size,Male,3.0,27.0,4.21,2,3019041.0,428935.0,9111953.061866373
Business Analyst,Kolkata,BTech,Tier 3,FinTech,Startup,Male,0.0,24.0,5.0,10,1552727.0,346027.0,1898754.0
Financial Analyst,Hyderabad,MBA,Tier 1,Product Based,Mid-size,Male,10.0,33.0,2.85,8,3801095.0,424877.0,4225972.0
Software Engineer,Kolkata,BTech,Tier 1,E-Commerce,Startup,Male,2.2,22.0,3.01,1,2071219.0,161804.0,2233023.0
Product Manager,Ahmedabad,PhD,Tier 3,E-Commerce,MNC,Male,4.7,28.0,3.11,6,3699973.0,416114.0,4116086.0
Software Engineer,Remote,BTech,Tier 1,Product Based,Startup,Male,11.0,34.0,4.58,7,3122936.0,469528.0,3592464.0
Chartered Accountant,Pune,BTech,Tier 2,EdTech,Startup,Male,8.5,31.0,,9,2029572.0,229328.0,2258901.0
Marketing Manager,Hyderabad,MTech,Tier 1,Manufacturing,MNC,Male,4.0,28.0,2.74,1,2564844.0,310919.0,2875763.0
Frontend Developer,Remote,BTech,Tier 2,Consulting,Mid-size,Male,7.3,35.0,5.0,8,2217809.0,272229.0,2490038.0
Product Manager,Jaipur,BTech,Tier 2,E-Commerce,MNC,Male,4.1,26.0,3.34,5,2955703.0,245474.0,3201177.0
Chartered Accountant,Mumbai,BTech,Tier 2,Consulting,MNC,Female,0.0,25.0,2.43,4,2118814.0,408084.0,2526897.0
DevOps Engineer,Jaipur,BTech,Tier 3,Product Based,MNC,Male,1.4,26.0,4.25,7,2328465.0,455077.0,2783542.0
Software Engineer,Kolkata,MTech,Tier 3,Consulting,MNC,Male,4.8,29.0,3.96,7,2421163.0,152243.0,2573407.0
HR Manager,Delhi NCR,BTech,Tier 1,IT Services,MNC,Female,4.8,28.0,4.66,2,2554491.0,215823.0,2770314.0
Frontend Developer,Bangalore,BTech,Tier 2,E-Commerce,MNC,Male,0.0,25.0,2.51,5,2047556.0,248288.0,2295845.0
Marketing Manager,Mumbai,BTech,Tier 3,Consulting,Startup,Male,6.3,26.0,4.89,8,2360663.0,302599.0,2663262.0
Data Analyst,Ahmedabad,MTech,Tier 2,FinTech,Mid-size,Male,4.4,24.0,3.35,5,1807757.0,434783.0,2242540.0
HR Manager,Chennai,BTech,Tier 2,Product Based,MNC,Female,4.2,25.0,3.39,6,2490293.0,430289.0,2920582.0
Financial Analyst,Delhi NCR,MTech,Tier 2,E-Commerce,MNC,Male,0.0,22.0,1.56,3,1854577.0,447187.0,2301765.0
Data Analyst,Bangalore,BTech,Tier 1,Consulting,Mid-size,Female,9.8,29.0,3.89,6,2549463.0,513691.0,3063154.0
Data Analyst,Mumbai,BTech,Tier 2,FinTech,Startup,Male,5.5,26.0,4.03,3,2088209.0,288455.0,2376664.0
Business Analyst,Ahmedabad,BTech,Tier 1,IT Services,Mid-size,Male,8.4,35.0,3.23,7,1876656.0,281231.0,2157888.0
Chartered Accountant,Kolkata,BTech,Tier 2,Manufacturing,Mid-size,Female,8.7,32.0,3.38,5,1432456.0,287440.0,1719896.0
Data Scientist,Pune,MBA,Tier 3,EdTech,Startup,Male,0.0,23.0,5.0,4,1631160.0,109297.0,1740456.0
Backend Developer,Bangalore,BTech,Tier 3,E-Commerce,Startup,Female,8.2,28.0,,2,2097855.0,410626.0,2508481.0
Backend Developer,Delhi NCR,BTech,Tier 3,Consulting,Startup,Female,4.4,28.0,2.68,2,1490145.0,248964.0,1739109.0
HR Manager,Jaipur,MBA,Tier 2,IT Services,MNC,Male,8.1,34.0,2.51,7,2043874.0,201927.0,2245802.0
Backend Developer,Remote,MBA,Tier 3,Consulting,Mid-size,Male,3.8,24.0,2.99,3,1925863.0,118803.0,2044665.0
Marketing Manager,Mumbai,PhD,Tier 1,E-Commerce,Mid-size,Male,5.2,30.0,4.25,6,3638541.0,311184.0,3949725.0
Business Analyst,Mumbai,BTech,Tier 3,IT Services,Startup,Male,8.7,29.0,3.45,1,1460967.0,290703.0,1751670.0
Marketing Manager,Bangalore,MTech,Tier 2,FinTech,Mid-size,Male,4.8,28.0,2.03,7,2838971.0,226102.0,3065073.0
Backend Developer,Kolkata,MBA,Tier 3,IT Services,MNC,Male,2.6,26.0,,2,2001664.0,184866.0,2186530.0
Software Engineer,Mumbai,BTech,Tier 1,Product Based,Mid-size,Male,2.0,24.0,3.47,6,2899245.0,584441.0,3483686.0
Backend Developer,Hyderabad,MTech,Tier 1,Manufacturing,Mid-size,Female,4.3,28.0,4.56,4,2171052.0,175789.0,2346841.0
Backend Developer,Pune,BTech,Tier 2,Consulting,Startup,Male,7.2,32.0,,1,1875765.0,142493.0,2018257.0
Data Analyst,Delhi NCR,BTech,Tier 2,Manufacturing,Mid-size,Male,12.3,36.0,3.78,7,1847026.0,311111.0,2158138.0
Marketing Manager,Pune,BTech,Tier 3,IT Services,Startup,Male,11.0,36.0,5.0,3,1672131.0,311511.0,1983642.0
Data Scientist,Hyderabad,MBA,Tier 2,E-Commerce,Mid-size,Male,5.3,28.0,2.99,4,2755011.0,502168.0,3257178.0
Financial Analyst,Kolkata,BTech,Tier 3,FinTech,Mid-size,Male,11.1,35.0,4.02,7,2031616.0,406134.0,2437750.0
DevOps Engineer,Kolkata,BTech,Tier 2,IT Services,MNC,Female,2.0,25.0,2.93,6,2144342.0,344624.0,2488965.0
Business Analyst,Mumbai,BTech,Tier 1,Consulting,MNC,Male,0.2,25.0,4.33,10,2518960.0,534036.0,3052996.0
Chartered Accountant,Ahmedabad,BTech,Tier 2,E-Commerce,Mid-size,Female,7.1,31.0,2.98,6,2146705.0,400370.0,2547075.0
Software Engineer,Kolkata,BTech,Tier 3,Product Based,MNC,Female,0.1,20.0,4.38,8,2087707.0,481190.0,2568897.0
Product Manager,Mumbai,MTech,Tier 2,IT Services,Mid-size,Male,3.3,28.0,3.59,7,3104721.0,724110.0,3828831.0
DevOps Engineer,Delhi NCR,MBA,Tier 1,Manufacturing,Mid-size,Female,6.4,26.0,3.14,4,2727972.0,516393.0,3244365.0
HR Manager,Delhi NCR,BTech,Tier 3,Manufacturing,Mid-size,Male,4.1,26.0,2.94,4,1689663.0,137228.0,1826891.0
Frontend Developer,Ahmedabad,MBA,Tier 2,Manufacturing,Startup,Female,14.3,34.0,2.29,1,1304080.0,249223.0,1553303.0
Business Analyst,Delhi NCR,BTech,Tier 3,E-Commerce,Mid-size,Male,2.2,25.0,3.65,1,1426089.0,200046.0,1626135.0
HR Manager,Delhi NCR,BTech,Tier 2,Consulting,Mid-size,Male,4.5,24.0,4.45,5,2239282.0,114166.0,2353449.0
DevOps Engineer,Delhi NCR,,Tier 2,E-Commerce,Mid-size,Male,0.0,23.0,4.07,5,1819223.0,192067.0,2011290.0
AI Engineer,Pune,MTech,Tier 2,EdTech,MNC,Male,7.7,33.0,3.32,3,2923962.0,313473.0,3237435.0
Business Analyst,Ahmedabad,BTech,Tier 3,EdTech,Startup,Male,4.7,29.0,3.43,8,1254541.0,143736.0,1398277.0
DevOps Engineer,Bangalore,BTech,Tier 3,EdTech,MNC,Female,2.0,27.0,4.09,4,2213404.0,347632.0,2561035.0
Frontend Developer,Remote,MBA,Tier 3,IT Services,Mid-size,Male,1.0,24.0,3.07,8,1695024.0,176017.0,1871040.0
Data Analyst,Hyderabad,MTech,Tier 2,FinTech,MNC,Female,1.6,27.0,3.11,7,2199873.0,480364.0,2680237.0
Software Engineer,Pune,BTech,Tier 3,FinTech,Startup,Female,0.0,23.0,4.21,7,1553163.0,210510.0,1763673.0
AI Engineer,Hyderabad,MBA,Tier 3,Product Based,Mid-size,Male,5.2,30.0,2.07,4,3204925.0,364805.0,3569730.0
Marketing Manager,Remote,BTech,Tier 3,Manufacturing,Mid-size,Male,7.3,27.0,4.13,5,1468139.0,77026.0,1545165.0
Business Analyst,Pune,BTech,Tier 1,Product Based,Startup,Female,4.1,27.0,3.57,6,2255937.0,397006.0,2652943.0
Financial Analyst,Jaipur,BTech,Tier 2,FinTech,MNC,Male,9.5,34.0,5.0,7,2452481.0,432960.0,2885441.0
DevOps Engineer,Pune,MTech,Tier 1,Manufacturing,MNC,Male,8.4,30.0,,9,3635785.0,476090.0,10866439.575768907
Frontend Developer,Bangalore,PhD,Tier 3,Consulting,Startup,Male,11.9,37.0,2.78,14,3401150.0,802747.0,4203897.0
Software Engineer,Bangalore,BTech,Tier 2,FinTech,Mid-size,Female,0.0,27.0,3.1,6,1859586.0,189002.0,2048588.0
Financial Analyst,Remote,MTech,Tier 1,E-Commerce,Startup,Female,5.0,31.0,2.92,5,2085087.0,212051.0,2297138.0
HR Manager,Pune,PhD,Tier 1,Product Based,Mid-size,Female,3.9,25.0,3.79,9,3404589.0,498439.0,3903028.0
Financial Analyst,Mumbai,MTech,Tier 1,FinTech,Mid-size,Male,4.8,28.0,3.77,4,3036022.0,688277.0,3724300.0
Marketing Manager,Mumbai,BTech,Tier 1,EdTech,Startup,Male,4.6,26.0,,6,2132549.0,462701.0,2595250.0
Chartered Accountant,Jaipur,BTech,Tier 2,E-Commerce,Mid-size,Female,7.5,29.0,,7,2033979.0,422911.0,2456890.0
Software Engineer,Mumbai,BTech,Tier 1,IT Services,MNC,Male,0.0,24.0,2.84,5,2158266.0,214074.0,2372339.0
Frontend Developer,Mumbai,BTech,Tier 2,Consulting,MNC,Male,8.8,30.0,4.97,11,3362634.0,437668.0,3800302.0
Software Engineer,Pune,BTech,Tier 2,FinTech,Startup,Male,9.0,30.0,5.0,5,2343598.0,578679.0,2922277.0
Marketing Manager,Remote,BTech,Tier 2,IT Services,MNC,Male,13.2,37.0,1.83,6,2084483.0,352891.0,2437374.0
Data Analyst,Delhi NCR,MBA,Tier 3,IT Services,Startup,Male,2.1,27.0,3.55,6,1728639.0,238215.0,1966853.0
Backend Developer,Remote,BTech,Tier 2,Manufacturing,MNC,Male,6.8,28.0,3.58,2,1765992.0,321087.0,2087079.0
Business Analyst,Delhi NCR,BTech,Tier 2,Consulting,Startup,Male,6.9,26.0,2.06,5,1997865.0,308971.0,2306836.0
DevOps Engineer,Kolkata,BTech,Tier 1,Manufacturing,Startup,Female,5.7,26.0,4.39,4,1835792.0,329459.0,2165250.0
Data Analyst,Pune,BTech,Tier 2,EdTech,Startup,Female,4.8,24.0,2.64,3,1103890.0,215623.0,1319512.0
Financial Analyst,Delhi NCR,MBA,Tier 1,Consulting,Startup,Female,5.9,31.0,3.17,7,3072221.0,403678.0,3475899.0
DevOps Engineer,Jaipur,MTech,Tier 1,E-Commerce,MNC,Male,4.5,26.0,2.71,7,2823490.0,558520.0,3382010.0
Frontend Developer,Mumbai,MTech,Tier 1,EdTech,Mid-size,Female,8.9,32.0,1.5,6,2419182.0,488076.0,2907258.0
Chartered Accountant,Remote,BTech,Tier 1,Manufacturing,Startup,Female,0.8,23.0,2.9,4,1577977.0,345561.0,1923538.0
HR Manager,Kolkata,BTech,Tier 3,E-Commerce,MNC,Male,0.5,25.0,3.35,9,1788948.0,186858.0,1975806.0
Data Scientist,Ahmedabad,MTech,Tier 1,Product Based,MNC,Male,5.8,30.0,4.16,9,4092351.0,370993.0,4463344.0
DevOps Engineer,Hyderabad,BTech,Tier 1,IT Services,MNC,Male,6.8,29.0,3.84,3,3326413.0,535251.0,3861665.0
AI Engineer,Kolkata,BTech,Tier 3,EdTech,MNC,Male,0.0,24.0,2.83,8,1640278.0,297561.0,1937838.0
Financial Analyst,Hyderabad,MTech,Tier 3,Consulting,Startup,Male,8.0,31.0,2.75,10,2254650.0,340787.0,2595437.0
Marketing Manager,Delhi NCR,BTech,Tier 1,E-Commerce,MNC,Male,0.0,23.0,2.76,4,2112531.0,275471.0,2388002.0
Frontend Developer,Chennai,BTech,Tier 2,IT Services,Mid-size,Female,8.3,31.0,1.0,5,1855870.0,359571.0,2215441.0
Chartered Accountant,Chennai,MTech,Tier 2,Product Based,Startup,Male,8.8,31.0,3.74,5,2622876.0,316429.0,2939305.0
Backend Developer,Jaipur,BTech,Tier 3,Product Based,Mid-size,Male,6.9,30.0,4.83,7,2075748.0,326116.0,2401864.0
AI Engineer,Remote,PhD,Tier 1,Product Based,Mid-size,Male,1.5,26.0,,7,3914577.0,460690.0,4375267.0
DevOps Engineer,Kolkata,MTech,Tier 2,IT Services,MNC,Male,1.6,23.0,3.34,8,2441228.0,603929.0,3045157.0
Financial Analyst,Ahmedabad,BTech,Tier 2,Consulting,MNC,Female,6.8,32.0,,4,1744413.0,98571.0,1842985.0
Frontend Developer,Jaipur,MBA,Tier 3,IT Services,Startup,Male,4.8,27.0,3.06,6,1514196.0,367842.0,1882038.0
HR Manager,Kolkata,MTech,Tier 2,Manufacturing,Startup,Male,1.6,22.0,2.18,5,957326.0,231487.0,3141672.5049736584
Software Engineer,Hyderabad,BTech,Tier 1,Product Based,MNC,Male,0.0,21.0,4.0,5,2596637.0,340987.0,2937624.0
DevOps Engineer,Pune,MBA,Tier 1,E-Commerce,MNC,Male,7.5,29.0,2.68,4,4338272.0,793546.0,5131818.0
DevOps Engineer,Chennai,BTech,Tier 3,IT Services,Startup,Female,8.3,32.0,3.97,8,1819670.0,368652.0,2188321.0
Financial Analyst,Jaipur,MTech,Tier 2,FinTech,MNC,Male,0.0,21.0,2.84,3,1639832.0,217854.0,1857686.0
Product Manager,Kolkata,BTech,Tier 1,FinTech,MNC,Male,2.0,24.0,3.23,4,3729900.0,735806.0,4465707.0
Data Analyst,Remote,BTech,Tier 3,EdTech,Mid-size,Male,9.6,32.0,4.02,6,1449002.0,316971.0,1765973.0
Frontend Developer,Remote,MTech,Tier 2,Manufacturing,Startup,Male,5.4,32.0,3.35,6,1570772.0,103825.0,1674597.0
Business Analyst,Chennai,MTech,Tier 1,FinTech,MNC,Male,3.0,24.0,3.53,6,3146269.0,688321.0,3834590.0
HR Manager,Mumbai,BTech,Tier 2,Manufacturing,Startup,Male,2.4,25.0,3.33,1,1200157.0,83382.0,1283539.0
HR Manager,Jaipur,MBA,Tier 2,E-Commerce,Startup,Male,5.9,31.0,3.84,5,2005923.0,193551.0,2199474.0
Data Scientist,Remote,MBA,Tier 1,Product Based,Startup,Male,6.1,29.0,2.42,5,3201121.0,566471.0,3767593.0
Business Analyst,Chennai,BTech,Tier 3,E-Commerce,MNC,Male,5.9,29.0,4.27,4,2305008.0,140063.0,2445071.0
Business Analyst,Chennai,BTech,Tier 3,Manufacturing,Startup,Female,3.7,23.0,2.8,4,977214.0,178084.0,1155297.0
Chartered Accountant,Chennai,MBA,Tier 2,Manufacturing,Mid-size,Male,3.7,27.0,4.02,7,2120067.0,344785.0,2464853.0
Software Engineer,Remote,BTech,Tier 1,IT Services,MNC,Female,0.0,24.0,3.49,3,1917460.0,347506.0,2264966.0
Software Engineer,Bangalore,,Tier 3,Consulting,MNC,Male,0.6,23.0,3.32,3,2556628.0,185930.0,2742558.0
Data Analyst,Bangalore,BTech,Tier 3,IT Services,Mid-size,Male,7.6,32.0,4.08,2,2158569.0,113215.0,2271784.0
HR Manager,Chennai,BTech,Tier 2,Product Based,Startup,Male,6.5,28.0,3.62,2,2232487.0,480611.0,2713098.0
Data Analyst,Hyderabad,BTech,Tier 2,Product Based,Mid-size,Male,6.9,31.0,2.47,5,2264844.0,263704.0,2528548.0
HR Manager,Chennai,BTech,Tier 3,EdTech,Mid-size,Female,3.2,28.0,3.22,3,1452062.0,360266.0,1812328.0
DevOps Engineer,Chennai,BTech,Tier 1,Consulting,MNC,Female,9.2,32.0,,3,3213270.0,623552.0,3836823.0
Marketing Manager,Remote,,Tier 3,EdTech,MNC,Male,2.3,23.0,2.67,4,1564811.0,81636.0,1646448.0
DevOps Engineer,Chennai,MTech,Tier 2,FinTech,MNC,Female,5.4,24.0,2.93,5,3358121.0,243896.0,3602017.0
Data Analyst,Pune,MTech,Tier 1,Product Based,Startup,Male,3.4,29.0,3.26,5,2720966.0,585735.0,8738611.333776973
DevOps Engineer,Ahmedabad,BTech,Tier 2,E-Commerce,Mid-size,Male,8.0,33.0,4.32,3,2055166.0,322056.0,2377223.0
Financial Analyst,Chennai,MTech,Tier 3,EdTech,Mid-size,Male,3.0,31.0,4.48,6,1673488.0,417619.0,2091107.0
HR Manager,Mumbai,BTech,Tier 3,FinTech,Startup,Female,2.8,23.0,4.66,5,1870685.0,418556.0,2289241.0
Product Manager,Pune,BTech,Tier 3,E-Commerce,Startup,Male,7.4,35.0,3.19,6,2834125.0,532058.0,3366183.0
Software Engineer,Kolkata,MTech,Tier 3,Product Based,MNC,Male,0.8,23.0,2.14,12,2596064.0,476554.0,3072618.0
HR Manager,Pune,MTech,Tier 2,Product Based,Mid-size,Male,5.8,33.0,3.62,4,2546607.0,162939.0,2709545.0
HR Manager,Jaipur,BTech,Tier 2,Manufacturing,MNC,Male,7.7,29.0,4.67,3,1431163.0,160391.0,1591553.0
Software Engineer,Hyderabad,MTech,Tier 2,FinTech,MNC,Female,5.0,25.0,3.92,4,3357660.0,591668.0,3949328.0
Financial Analyst,Hyderabad,MTech,Tier 2,FinTech,Mid-size,Female,7.1,32.0,,7,2784577.0,491026.0,3275603.0
Marketing Manager,Jaipur,MBA,Tier 2,FinTech,MNC,Male,0.7,26.0,3.08,5,1955398.0,143419.0,2098816.0
Data Scientist,Remote,BTech,Tier 2,FinTech,MNC,Male,5.6,29.0,2.84,8,2635189.0,657220.0,3292409.0
Financial Analyst,Hyderabad,BTech,Tier 2,Consulting,Mid-size,Male,2.2,26.0,3.26,4,2109261.0,438131.0,2547392.0
AI Engineer,Remote,BTech,Tier 2,EdTech,MNC,Female,13.4,38.0,4.0,5,2599537.0,479645.0,3079182.0
HR Manager,Remote,BTech,Tier 2,Manufacturing,MNC,Male,7.8,29.0,3.3,4,1778195.0,407023.0,2185219.0
Backend Developer,Chennai,BTech,Tier 3,FinTech,Startup,Male,2.3,25.0,3.97,5,1627592.0,117528.0,1745119.0
DevOps Engineer,Bangalore,MBA,Tier 3,Manufacturing,Startup,Male,4.2,26.0,3.09,5,2242100.0,334049.0,2576149.0
Backend Developer,Delhi NCR,BTech,Tier 3,EdTech,Mid-size,Male,2.4,26.0,2.5,7,1567871.0,377889.0,5142054.043215834
Backend Developer,Kolkata,BTech,Tier 1,EdTech,Startup,Male,0.1,20.0,4.27,9,1322172.0,199863.0,1522035.0
Data Analyst,Bangalore,MTech,Tier 2,FinTech,Mid-size,Male,10.8,33.0,4.28,4,3004738.0,654297.0,3659036.0
HR Manager,Delhi NCR,BTech,Tier 2,FinTech,MNC,Male,8.2,32.0,2.98,8,3285023.0,471106.0,3756129.0
Data Analyst,Pune,BTech,Tier 3,FinTech,Mid-size,Male,2.1,26.0,2.16,4,1287461.0,303191.0,1590652.0
Backend Developer,Chennai,,Tier 1,IT Services,Mid-size,Male,3.9,26.0,4.89,5,2299528.0,377592.0,2677120.0
Frontend Developer,Chennai,MBA,Tier 3,Manufacturing,Mid-size,Male,3.9,27.0,2.14,2,1541790.0,135023.0,1676813.0
DevOps Engineer,Chennai,BTech,Tier 2,FinTech,Mid-size,Male,4.4,28.0,3.3,2,2246949.0,137740.0,2384689.0
AI Engineer,Kolkata,MTech,Tier 2,Manufacturing,MNC,Male,3.2,26.0,3.6,7,2271790.0,332057.0,2603847.0
Product Manager,Kolkata,MTech,Tier 2,FinTech,Startup,Male,0.0,22.0,3.5,6,2557640.0,344430.0,2902069.0
Data Analyst,Mumbai,BTech,Tier 2,FinTech,MNC,Male,3.8,33.0,3.18,4,2375668.0,209807.0,2585475.0
Data Scientist,Remote,MTech,Tier 2,Product Based,Mid-size,Male,2.5,27.0,4.06,3,2340678.0,206817.0,2547495.0
Business Analyst,Ahmedabad,BTech,Tier 3,IT Services,MNC,Male,9.0,30.0,3.3,6,1648336.0,155205.0,1803541.0
Product Manager,Bangalore,MTech,Tier 1,Product Based,Startup,Male,4.3,29.0,3.6,6,4860069.0,484239.0,5344309.0
Software Engineer,Bangalore,MTech,Tier 2,EdTech,Mid-size,Female,8.0,31.0,,4,2728354.0,528309.0,3256663.0
Frontend Developer,Kolkata,BTech,Tier 2,Product Based,Mid-size,Female,9.7,31.0,3.48,6,2558338.0,562634.0,3120971.0
DevOps Engineer,Pune,BTech,Tier 1,Product Based,MNC,Male,8.6,34.0,3.75,1,4001801.0,296538.0,4298339.0
Data Scientist,Kolkata,BTech,Tier 3,Product Based,Mid-size,Male,7.5,31.0,4.18,4,2285869.0,355172.0,2641042.0
Marketing Manager,Delhi NCR,MBA,Tier 3,Manufacturing,MNC,Male,9.4,32.0,3.4,7,2512909.0,173901.0,2686810.0
AI Engineer,Ahmedabad,MBA,Tier 3,E-Commerce,MNC,Male,12.0,34.0,4.8,2,3222140.0,431586.0,3653726.0
DevOps Engineer,Hyderabad,BTech,Tier 1,Manufacturing,Mid-size,Male,9.2,30.0,2.82,5,2352580.0,191225.0,2543805.0
AI Engineer,Jaipur,PhD,Tier 2,E-Commerce,MNC,Male,3.3,30.0,4.14,8,3459616.0,487389.0,3947005.0
Financial Analyst,Mumbai,BTech,Tier 2,E-Commerce,MNC,Female,5.1,28.0,3.84,3,2734373.0,410631.0,3145004.0
AI Engineer,Remote,BTech,Tier 3,Manufacturing,Startup,Male,10.3,32.0,2.31,5,1705662.0,378442.0,2084104.0
Chartered Accountant,Pune,BTech,Tier 3,E-Commerce,Startup,Male,2.9,26.0,2.89,8,1915163.0,466534.0,2381697.0
Data Scientist,Mumbai,BTech,Tier 3,EdTech,MNC,Male,2.1,27.0,4.18,3,2162755.0,346908.0,2509663.0
Frontend Developer,Mumbai,BTech,Tier 2,EdTech,Mid-size,Male,5.6,25.0,2.63,7,1733249.0,373865.0,2107113.0
Chartered Accountant,Remote,BTech,Tier 2,FinTech,MNC,Male,6.5,28.0,4.59,5,2589194.0,555547.0,3144741.0
Business Analyst,Delhi NCR,MTech,Tier 1,Manufacturing,Startup,Male,3.6,25.0,3.52,4,1877643.0,424582.0,2302225.0
Business Analyst,Remote,MBA,Tier 2,EdTech,Startup,Male,4.7,27.0,2.56,3,1668966.0,283435.0,1952400.0
Software Engineer,Chennai,PhD,Tier 2,IT Services,MNC,Male,5.1,27.0,2.93,3,3077883.0,412269.0,3490152.0
Backend Developer,Mumbai,BTech,Tier 3,FinTech,Startup,Male,8.0,31.0,4.52,3,2410444.0,450743.0,2861187.0
Frontend Developer,Pune,PhD,Tier 2,IT Services,Mid-size,Male,3.5,28.0,3.16,7,2362157.0,256370.0,2618527.0
Financial Analyst,Chennai,BTech,Tier 1,Consulting,Startup,Male,14.4,38.0,3.11,5,2362946.0,256058.0,2619005.0
Marketing Manager,Kolkata,,Tier 2,Manufacturing,MNC,Female,0.6,23.0,3.24,5,1078835.0,233693.0,1312528.0
DevOps Engineer,Remote,BTech,Tier 3,Consulting,MNC,Male,2.1,28.0,3.75,3,2399383.0,357468.0,2756851.0
Frontend Developer,Chennai,MTech,Tier 1,E-Commerce,MNC,Female,3.1,26.0,2.74,3,2819357.0,248946.0,3068303.0
Product Manager,Pune,BTech,Tier 2,FinTech,Startup,Male,0.0,23.0,1.12,2,2193669.0,462411.0,2656080.0
Backend Developer,Mumbai,BTech,Tier 3,EdTech,Mid-size,Female,0.0,26.0,3.12,7,1317590.0,106656.0,1424246.0
AI Engineer,Kolkata,,Tier 1,E-Commerce,Mid-size,Male,3.0,25.0,4.25,1,2631858.0,469002.0,3100860.0
DevOps Engineer,Mumbai,MTech,Tier 3,Product Based,MNC,Female,2.9,26.0,1.95,6,3074205.0,378844.0,3453049.0
Chartered Accountant,Kolkata,BTech,Tier 2,Product Based,Mid-size,Male,6.5,29.0,2.42,4,2298289.0,130189.0,2428478.0
DevOps Engineer,Chennai,BTech,Tier 3,E-Commerce,Startup,Male,5.3,27.0,3.72,6,2139025.0,302931.0,2441956.0
DevOps Engineer,Pune,BTech,Tier 2,Product Based,Startup,Male,9.9,35.0,2.68,6,2703629.0,212960.0,2916589.0
Marketing Manager,Hyderabad,BTech,Tier 2,Product Based,Mid-size,Male,0.0,25.0,3.56,10,2091283.0,203530.0,2294812.0
Data Scientist,Jaipur,MTech,Tier 2,IT Services,MNC,Male,15.3,35.0,5.0,4,2575157.0,290235.0,2865392.0
HR Manager,Ahmedabad,MTech,Tier 2,EdTech,MNC,Male,12.8,38.0,4.01,5,2224681.0,244755.0,2469437.0
HR Manager,Chennai,BTech,Tier 3,Consulting,Startup,Male,5.5,31.0,2.84,7,1664247.0,219463.0,1883710.0
Chartered Accountant,Remote,BTech,Tier 3,EdTech,Mid-size,Female,8.8,32.0,4.22,9,1406208.0,98466.0,1504674.0
Marketing Manager,Mumbai,MTech,Tier 2,EdTech,Mid-size,Male,10.0,35.0,3.8,3,2232856.0,268544.0,2501400.0
Data Scientist,Chennai,MBA,Tier 3,Product Based,Mid-size,Male,10.1,29.0,2.8,2,2804832.0,416760.0,3221592.0
Business Analyst,Chennai,BTech,Tier 1,IT Services,Startup,Female,0.0,25.0,1.0,7,855457.0,109701.0,965158.0
Marketing Manager,Kolkata,BTech,Tier 2,Consulting,Mid-size,Female,1.8,24.0,2.79,9,1348153.0,212548.0,1560701.0
Data Analyst,Jaipur,BTech,Tier 3,FinTech,MNC,Female,6.6,30.0,2.61,7,1728944.0,332073.0,2061018.0
Chartered Accountant,Delhi NCR,BTech,Tier 3,IT Services,Startup,Male,1.4,27.0,3.83,8,1727767.0,156295.0,1884062.0
Chartered Accountant,Remote,MBA,Tier 2,E-Commerce,Mid-size,Male,5.4,30.0,5.0,8,2772950.0,600916.0,3373866.0
Data Analyst,Ahmedabad,BTech,Tier 1,FinTech,Mid-size,Male,7.1,33.0,3.39,7,2219930.0,128516.0,2348446.0
Frontend Developer,Pune,BTech,Tier 1,Consulting,Startup,Male,2.0,21.0,2.67,5,1935485.0,304263.0,2239748.0
AI Engineer,Chennai,MBA,Tier 3,Consulting,MNC,Male,4.7,27.0,3.53,5,3130987.0,178500.0,3309487.0
Data Analyst,Ahmedabad,BTech,Tier 3,IT Services,MNC,Male,2.6,25.0,4.33,9,1347291.0,226266.0,1573556.0
Chartered Accountant,Kolkata,BTech,Tier 2,Product Based,Startup,Male,0.0,24.0,3.68,4,1516702.0,323648.0,1840350.0
Backend Developer,Remote,MTech,Tier 3,FinTech,MNC,Male,9.1,31.0,3.47,8,2925294.0,362661.0,3287955.0
Chartered Accountant,Remote,BTech,Tier 2,Manufacturing,Startup,Female,12.4,34.0,3.31,5,1760981.0,340225.0,2101206.0
Product Manager,Jaipur,BTech,Tier 1,Manufacturing,Mid-size,Male,2.2,25.0,3.67,6,2069791.0,195440.0,2265231.0
Backend Developer,Hyderabad,BTech,Tier 2,Consulting,MNC,Male,1.1,24.0,3.1,1,1853436.0,322325.0,2175761.0
Software Engineer,Hyderabad,MTech,Tier 2,Consulting,Mid-size,Female,5.3,29.0,2.41,2,2217493.0,204120.0,2421613.0
Chartered Accountant,Delhi NCR,BTech,Tier 3,Product Based,MNC,Female,3.9,26.0,2.39,5,2683851.0,629381.0,3313233.0
Business Analyst,Kolkata,MBA,Tier 3,Consulting,MNC,Male,3.5,27.0,2.88,4,1917129.0,143278.0,2060407.0
Data Analyst,Hyderabad,BTech,Tier 1,E-Commerce,MNC,Male,6.7,30.0,3.65,1,2512128.0,494954.0,3007082.0
Product Manager,Delhi NCR,BTech,Tier 2,Manufacturing,MNC,Female,6.2,30.0,2.66,2,2824627.0,417113.0,3241740.0
Frontend Developer,Chennai,BTech,Tier 3,Consulting,MNC,Male,0.0,24.0,4.39,5,1523877.0,177295.0,1701172.0
HR Manager,Ahmedabad,MBA,Tier 1,Manufacturing,MNC,Male,0.0,22.0,,3,1553162.0,380752.0,1933914.0
Business Analyst,Mumbai,BTech,Tier 1,IT Services,Mid-size,Male,8.0,31.0,3.2,1,2190948.0,312201.0,2503149.0
Frontend Developer,Kolkata,BTech,Tier 1,E-Commerce,Startup,Male,14.1,33.0,3.45,5,2142549.0,330561.0,2473111.0
Chartered Accountant,Hyderabad,MTech,Tier 3,E-Commerce,Startup,Male,13.8,36.0,3.33,1,2416488.0,480056.0,2896544.0
Chartered Accountant,Kolkata,BTech,Tier 2,Product Based,MNC,Male,2.2,26.0,2.43,7,2512824.0,393281.0,2906105.0
Product Manager,Ahmedabad,MBA,Tier 2,Consulting,MNC,Female,3.1,29.0,,2,3178028.0,792888.0,3970916.0
AI Engineer,Jaipur,BTech,Tier 2,E-Commerce,Startup,Male,1.6,25.0,3.84,5,1931665.0,409023.0,2340687.0
Chartered Accountant,Delhi NCR,BTech,Tier 3,IT Services,MNC,Female,16.2,37.0,3.52,5,2682499.0,649679.0,3332178.0
AI Engineer,Chennai,BTech,Tier 3,FinTech,Mid-size,Male,8.5,32.0,2.42,8,2845511.0,574918.0,3420429.0
Chartered Accountant,Chennai,MTech,Tier 3,IT Services,Mid-size,Female,0.0,23.0,2.45,2,1310237.0,229810.0,1540047.0
Financial Analyst,Chennai,,Tier 2,IT Services,Startup,Male,5.0,31.0,2.83,5,2077393.0,316741.0,2394135.0
Data Analyst,Hyderabad,,Tier 3,EdTech,MNC,Male,2.6,26.0,3.12,4,1660153.0,280768.0,1940921.0
Chartered Accountant,Kolkata,BTech,Tier 1,EdTech,MNC,Male,8.8,33.0,3.54,11,2875317.0,528471.0,3403787.0
Data Analyst,Mumbai,PhD,Tier 1,Manufacturing,Startup,Female,11.2,35.0,4.14,9,2684967.0,299143.0,2984110.0
DevOps Engineer,Kolkata,BTech,Tier 3,Consulting,Startup,Male,2.4,22.0,2.48,7,1456055.0,240838.0,1696893.0
Frontend Developer,Remote,BTech,Tier 2,Product Based,MNC,Male,4.0,27.0,3.98,7,2741538.0,331707.0,3073245.0
Chartered Accountant,Mumbai,BTech,Tier 3,FinTech,Mid-size,Male,4.9,26.0,2.81,6,2519160.0,497364.0,3016523.0
DevOps Engineer,Chennai,MTech,Tier 3,E-Commerce,MNC,Male,5.8,29.0,4.21,7,3147551.0,447693.0,3595244.0
Data Scientist,Remote,BTech,Tier 2,FinTech,Mid-size,Male,9.6,32.0,4.98,2,2461118.0,182757.0,2643875.0
DevOps Engineer,Pune,BTech,Tier 2,EdTech,Mid-size,Male,8.6,31.0,4.72,2,2084504.0,105918.0,2190422.0
Business Analyst,Hyderabad,BTech,Tier 2,Manufacturing,Mid-size,Male,2.7,26.0,3.21,4,1211780.0,284953.0,1496733.0
Frontend Developer,Chennai,MBA,Tier 2,IT Services,Mid-size,Male,10.0,26.0,2.82,5,2154982.0,190159.0,2345140.0
Chartered Accountant,Mumbai,MTech,Tier 3,IT Services,Mid-size,Male,8.0,32.0,3.4,5,2228842.0,197516.0,2426358.0
HR Manager,Ahmedabad,BTech,Tier 3,Product Based,Startup,Male,9.5,29.0,3.89,5,1852025.0,280997.0,2133022.0
Frontend Developer,Mumbai,MTech,Tier 2,Consulting,Mid-size,Male,7.7,29.0,3.66,3,2723059.0,340166.0,3063225.0
Chartered Accountant,Bangalore,,Tier 3,Manufacturing,Startup,Male,7.7,31.0,3.49,3,2042281.0,271341.0,2313622.0
Frontend Developer,Hyderabad,BTech,Tier 2,EdTech,Mid-size,Male,0.0,26.0,3.2,5,1588256.0,99552.0,1687808.0
Chartered Accountant,Ahmedabad,MTech,Tier 3,EdTech,Mid-size,Male,3.9,25.0,4.34,3,1690410.0,176026.0,1866435.0
Data Scientist,Delhi NCR,BTech,Tier 2,Manufacturing,Startup,Male,6.3,30.0,3.49,7,1986846.0,264972.0,2251818.0
Product Manager,Chennai,BTech,Tier 3,E-Commerce,Mid-size,Male,5.5,27.0,3.18,11,2684202.0,169294.0,2853496.0
Frontend Developer,Chennai,MTech,Tier 2,Manufacturing,Mid-size,Female,10.2,33.0,3.16,4,1868044.0,445661.0,2313705.0
AI Engineer,Ahmedabad,MTech,Tier 1,Manufacturing,Startup,Female,6.9,30.0,3.28,5,2345283.0,215350.0,2560633.0
HR Manager,Chennai,MTech,Tier 2,Consulting,MNC,Male,11.4,31.0,4.37,4,2845554.0,361428.0,3206981.0
Data Analyst,Kolkata,BTech,Tier 2,E-Commerce,Mid-size,Female,4.1,22.0,4.74,9,2038046.0,330229.0,2368275.0
Marketing Manager,Bangalore,BTech,Tier 3,EdTech,Startup,Male,7.2,36.0,5.0,5,2139545.0,108597.0,2248142.0
Data Analyst,Jaipur,MTech,Tier 3,FinTech,MNC,Female,2.5,24.0,3.12,7,1617307.0,248925.0,1866232.0
AI Engineer,Jaipur,BTech,Tier 2,FinTech,Mid-size,Female,13.8,38.0,3.21,4,2426700.0,267861.0,2694561.0
Software Engineer,Jaipur,MBA,Tier 2,E-Commerce,MNC,Female,0.1,23.0,4.05,5,1703794.0,259206.0,1963000.0
Product Manager,Hyderabad,MTech,Tier 3,FinTech,Mid-size,Male,0.9,22.0,5.0,7,3158152.0,613964.0,3772116.0
Marketing Manager,Jaipur,BTech,Tier 1,Consulting,MNC,Female,3.6,25.0,3.77,8,1651401.0,246780.0,1898181.0
Business Analyst,Hyderabad,BTech,Tier 3,E-Commerce,MNC,Male,7.1,31.0,2.9,4,2466232.0,576257.0,3042489.0
Product Manager,Hyderabad,BTech,Tier 2,IT Services,Mid-size,Male,5.8,30.0,,1,2560570.0,482228.0,3042798.0
Software Engineer,Mumbai,BTech,Tier 1,Product Based,Mid-size,Male,6.6,29.0,4.15,6,3530675.0,496853.0,4027528.0
Financial Analyst,Kolkata,BTech,Tier 2,E-Commerce,Startup,Male,8.2,32.0,3.14,7,2128810.0,392600.0,2521410.0
Data Analyst,Jaipur,MBA,Tier 3,Manufacturing,Mid-size,Male,2.3,24.0,,9,1247579.0,67984.0,1315563.0
Business Analyst,Bangalore,BTech,Tier 1,IT Services,Mid-size,Male,15.4,38.0,3.6,3,2692082.0,613521.0,3305603.0
Chartered Accountant,Mumbai,BTech,Tier 2,E-Commerce,Startup,Female,6.3,28.0,2.83,4,2064530.0,484239.0,2548768.0
Product Manager,Ahmedabad,PhD,Tier 2,FinTech,Startup,Female,7.0,28.0,2.79,6,3639291.0,417718.0,4057009.0
Software Engineer,Delhi NCR,,Tier 3,Manufacturing,Mid-size,Female,8.1,30.0,2.38,4,1918156.0,150176.0,2068332.0
DevOps Engineer,Pune,PhD,Tier 3,IT Services,MNC,Male,2.4,29.0,2.87,1,2058004.0,485347.0,2543351.0
Data Analyst,Hyderabad,MTech,Tier 3,Product Based,MNC,Male,2.0,27.0,2.2,9,2751972.0,288777.0,3040750.0
Data Analyst,Mumbai,,Tier 2,FinTech,MNC,Female,8.7,32.0,4.55,5,3252852.0,615759.0,3868611.0
HR Manager,Jaipur,BTech,Tier 1,FinTech,Startup,Female,7.9,33.0,3.1,5,2014178.0,203386.0,2217564.0
Data Scientist,Remote,BTech,Tier 3,EdTech,MNC,Male,6.2,29.0,4.23,3,1818986.0,203765.0,2022750.0
Business Analyst,Delhi NCR,BTech,Tier 2,Consulting,Startup,Male,9.2,32.0,4.75,2,2214647.0,232681.0,2447327.0
Backend Developer,Chennai,BTech,Tier 2,Manufacturing,MNC,Female,6.3,27.0,2.48,4,1851180.0,323583.0,2174763.0
DevOps Engineer,Delhi NCR,MTech,Tier 3,IT Services,MNC,Male,1.8,28.0,4.03,5,2196683.0,370756.0,2567439.0
Software Engineer,Ahmedabad,BTech,Tier 3,Manufacturing,Mid-size,Female,9.0,29.0,2.14,7,1251143.0,290399.0,1541542.0
Data Analyst,Mumbai,BTech,Tier 3,FinTech,Startup,Male,10.9,35.0,2.8,6,2081706.0,138939.0,2220644.0
Business Analyst,Kolkata,MBA,Tier 2,Manufacturing,MNC,Female,11.3,37.0,2.5,2,1776767.0,124936.0,1901703.0
HR Manager,Pune,BTech,Tier 3,FinTech,MNC,Male,1.4,22.0,4.03,3,1970671.0,221473.0,2192144.0
AI Engineer,Mumbai,MBA,Tier 2,FinTech,MNC,Male,6.9,31.0,3.47,7,4983111.0,1232911.0,6216021.0
Data Analyst,Chennai,,Tier 1,E-Commerce,Startup,Male,3.6,29.0,3.26,2,1876445.0,305623.0,2182067.0
Chartered Accountant,Delhi NCR,BTech,Tier 3,Manufacturing,Startup,Male,2.2,28.0,2.83,5,1470313.0,280475.0,1750788.0
Financial Analyst,Pune,BTech,Tier 2,FinTech,MNC,Male,6.5,34.0,3.5,7,2810844.0,660568.0,3471412.0
Marketing Manager,Remote,MBA,Tier 3,EdTech,MNC,Male,7.9,33.0,2.07,3,2095296.0,287898.0,2383194.0
HR Manager,Mumbai,PhD,Tier 1,Product Based,Startup,Male,5.0,29.0,4.19,6,3831252.0,650168.0,4481421.0
Product Manager,Mumbai,MBA,Tier 3,Consulting,Startup,Female,5.5,30.0,2.78,3,3252637.0,362883.0,3615519.0
Product Manager,Pune,,Tier 1,FinTech,Mid-size,Male,6.9,30.0,,6,3797826.0,822771.0,4620597.0
Financial Analyst,Jaipur,,Tier 3,FinTech,MNC,Female,1.0,22.0,3.75,1,1182759.0,99363.0,1282123.0
DevOps Engineer,Mumbai,BTech,Tier 3,IT Services,Mid-size,Male,4.5,30.0,3.15,5,1914218.0,195720.0,2109938.0
Backend Developer,Mumbai,PhD,Tier 3,E-Commerce,Startup,Male,1.8,28.0,3.57,6,2611743.0,431504.0,3043248.0
Data Scientist,Chennai,BTech,Tier 2,FinTech,MNC,Male,6.4,28.0,2.79,7,3153462.0,579172.0,3732634.0
Software Engineer,Ahmedabad,BTech,Tier 2,FinTech,MNC,Male,7.4,32.0,2.75,7,2646504.0,166572.0,2813076.0
Chartered Accountant,Jaipur,BTech,Tier 1,E-Commerce,Mid-size,Male,8.6,35.0,2.19,7,2571634.0,488883.0,3060517.0
Software Engineer,Jaipur,BTech,Tier 3,FinTech,MNC,Male,0.0,25.0,3.43,7,1616726.0,102347.0,1719073.0
Marketing Manager,Jaipur,,Tier 1,Consulting,Mid-size,Male,5.2,31.0,3.4,5,1922957.0,118866.0,2041823.0
Data Scientist,Mumbai,BTech,Tier 3,FinTech,Startup,Male,1.4,27.0,2.54,3,2099009.0,171767.0,2270776.0
Marketing Manager,Hyderabad,MBA,Tier 2,Product Based,MNC,Male,3.4,23.0,2.58,3,3081226.0,602826.0,3684052.0
DevOps Engineer,Jaipur,MTech,Tier 2,Manufacturing,Startup,Female,7.9,30.0,2.76,4,1554605.0,170842.0,1725448.0
HR Manager,Delhi NCR,BTech,Tier 2,EdTech,Mid-size,Male,0.0,25.0,3.09,4,1486534.0,100967.0,1587501.0
AI Engineer,Pune,BTech,Tier 2,FinTech,Mid-size,Male,7.0,32.0,,2,3012888.0,278947.0,3291835.0
Chartered Accountant,Delhi NCR,BTech,Tier 1,IT Services,Startup,Male,6.3,26.0,3.3,5,2592513.0,154717.0,2747230.0
Chartered Accountant,Delhi NCR,MTech,Tier 3,E-Commerce,MNC,Female,6.0,27.0,2.99,2,2861286.0,262552.0,3123838.0
AI Engineer,Mumbai,PhD,Tier 1,EdTech,Mid-size,Female,10.0,29.0,4.23,2,3889026.0,345960.0,4234985.0
Product Manager,Delhi NCR,BTech,Tier 3,Manufacturing,MNC,Female,9.1,32.0,,7,3131889.0,195196.0,3327085.0
Frontend Developer,Hyderabad,BTech,Tier 3,IT Services,MNC,Male,6.7,30.0,3.74,4,2178051.0,458564.0,2636615.0
Marketing Manager,Chennai,,Tier 3,IT Services,MNC,Male,4.0,25.0,3.96,3,1990478.0,363888.0,6221875.878582091
Chartered Accountant,Ahmedabad,BTech,Tier 2,E-Commerce,MNC,Male,0.0,23.0,3.76,5,1902943.0,173998.0,2076941.0
Backend Developer,Mumbai,BTech,Tier 2,Consulting,MNC,Male,2.2,26.0,2.82,6,2417000.0,438790.0,2855791.0
Business Analyst,Bangalore,PhD,Tier 2,IT Services,Startup,Female,3.5,26.0,2.31,3,2151147.0,483490.0,2634638.0
Data Scientist,Mumbai,MBA,Tier 2,Product Based,Startup,Male,9.0,30.0,,1,3206953.0,770615.0,3977568.0
Marketing Manager,Ahmedabad,BTech,Tier 1,EdTech,Startup,Male,0.5,24.0,4.31,2,1449110.0,236360.0,1685470.0
AI Engineer,Chennai,BTech,Tier 2,Manufacturing,MNC,Male,6.4,30.0,2.27,7,2531898.0,307726.0,2839624.0
Data Analyst,Hyderabad,BTech,Tier 3,Product Based,MNC,Female,0.0,23.0,2.39,2,1368991.0,166097.0,1535087.0
HR Manager,Mumbai,BTech,Tier 3,Consulting,Mid-size,Male,0.0,25.0,2.93,5,1502511.0,162573.0,1665084.0
Product Manager,Chennai,BTech,Tier 2,EdTech,MNC,Female,5.7,29.0,2.77,6,2996980.0,351287.0,3348267.0
HR Manager,Delhi NCR,BTech,Tier 3,E-Commerce,MNC,Male,8.3,29.0,3.99,4,2624088.0,274424.0,2898513.0
Business Analyst,Mumbai,PhD,Tier 3,EdTech,Startup,Male,5.4,30.0,3.21,9,2033744.0,133112.0,2166857.0
Frontend Developer,Hyderabad,BTech,Tier 2,E-Commerce,MNC,Male,4.1,26.0,3.44,7,2487275.0,309381.0,2796657.0
DevOps Engineer,Kolkata,MTech,Tier 3,Manufacturing,Startup,Female,3.5,26.0,4.27,6,1512630.0,261596.0,1774226.0
Financial Analyst,Hyderabad,BTech,Tier 2,EdTech,Startup,Male,5.1,28.0,3.4,5,1833223.0,177329.0,2010552.0
Business Analyst,Pune,MTech,Tier 3,Consulting,Startup,Male,8.1,31.0,3.1,4,1925418.0,424935.0,2350353.0
Product Manager,Delhi NCR,BTech,Tier 1,Consulting,Mid-size,Male,6.0,26.0,2.75,5,3950308.0,572486.0,4522795.0
Frontend Developer,Bangalore,BTech,Tier 3,Product Based,Mid-size,Male,3.5,25.0,,6,2439845.0,258311.0,2698156.0
Software Engineer,Remote,BTech,Tier 1,Manufacturing,MNC,Male,7.4,28.0,3.21,6,2288727.0,386260.0,2674986.0
Chartered Accountant,Ahmedabad,MTech,Tier 2,IT Services,Mid-size,Female,9.0,35.0,3.52,5,2008160.0,161364.0,2169524.0
DevOps Engineer,Delhi NCR,MBA,Tier 2,IT Services,Mid-size,Male,0.8,26.0,,8,2167699.0,448417.0,2616116.0
Software Engineer,Hyderabad,MTech,Tier 3,Manufacturing,Mid-size,Female,0.0,19.0,3.76,6,1472001.0,206530.0,1678531.0
Backend Developer,Bangalore,PhD,Tier 2,Consulting,MNC,Male,3.9,28.0,3.77,4,3521199.0,302634.0,3823833.0
Data Analyst,Hyderabad,MTech,Tier 3,IT Services,MNC,Female,2.4,26.0,3.82,4,1616132.0,83768.0,1699900.0
Data Scientist,Jaipur,BTech,Tier 3,IT Services,Mid-size,Male,8.1,33.0,4.39,2,1579411.0,299719.0,1879130.0
Chartered Accountant,Hyderabad,MTech,Tier 3,IT Services,Mid-size,Male,3.6,27.0,3.72,5,2060354.0,424145.0,2484499.0
Software Engineer,Ahmedabad,BTech,Tier 2,EdTech,Startup,Male,0.0,21.0,3.52,6,1028183.0,190029.0,1218211.0
Business Analyst,Pune,,Tier 3,IT Services,MNC,Male,8.5,31.0,,5,2103900.0,163643.0,2267543.0
Business Analyst,Pune,BTech,Tier 3,Manufacturing,MNC,Male,5.3,28.0,,4,1291119.0,111161.0,1402280.0
AI Engineer,Pune,,Tier 1,E-Commerce,Mid-size,Male,0.0,25.0,3.01,8,3418630.0,709325.0,4127955.0
Software Engineer,Hyderabad,BTech,Tier 2,FinTech,Startup,Male,4.8,30.0,3.89,14,2734640.0,670872.0,3405511.0
Business Analyst,Chennai,BTech,Tier 3,Product Based,Startup,Male,4.3,25.0,2.87,4,1733560.0,339179.0,2072738.0
HR Manager,Hyderabad,BTech,Tier 2,Product Based,MNC,Female,0.0,23.0,2.86,2,1978130.0,170379.0,2148510.0
Business Analyst,Bangalore,BTech,Tier 2,Manufacturing,Startup,Male,8.8,34.0,4.27,2,1540004.0,230568.0,1770572.0
DevOps Engineer,Jaipur,BTech,Tier 2,Manufacturing,Mid-size,Male,3.9,27.0,,7,1521856.0,214937.0,1736793.0
Frontend Developer,Kolkata,,Tier 3,Product Based,MNC,Female,2.3,24.0,4.51,6,1985175.0,285539.0,2270714.0
Frontend Developer,Remote,BTech,Tier 2,IT Services,Startup,Male,3.4,25.0,2.66,2,1637808.0,350046.0,1987854.0
AI Engineer,Remote,BTech,Tier 2,IT Services,Startup,Male,1.8,24.0,4.31,5,2084832.0,270982.0,2355813.0
Chartered Accountant,Remote,BTech,Tier 3,Product Based,Startup,Male,0.0,27.0,3.33,1,1350297.0,269773.0,1620069.0
Chartered Accountant,Jaipur,MBA,Tier 2,Manufacturing,Mid-size,Male,3.6,26.0,,5,1619678.0,128441.0,1748120.0
Data Analyst,Hyderabad,BTech,Tier 3,EdTech,Mid-size,Male,0.2,24.0,4.18,2,939663.0,197862.0,1137525.0
AI Engineer,Delhi NCR,BTech,Tier 2,EdTech,MNC,Male,0.0,23.0,3.49,1,2185233.0,216222.0,2401455.0
DevOps Engineer,Chennai,,Tier 2,IT Services,MNC,Male,3.2,26.0,4.88,6,2648656.0,178199.0,2826855.0
HR Manager,Kolkata,MTech,Tier 3,IT Services,Startup,Male,13.1,34.0,3.86,7,1730060.0,413506.0,5664792.716031755
HR Manager,Kolkata,,Tier 3,EdTech,Startup,Female,9.2,32.0,4.19,7,1881299.0,108607.0,1989907.0
AI Engineer,Hyderabad,BTech,Tier 1,FinTech,MNC,Female,11.2,38.0,3.71,4,4741084.0,759060.0,5500145.0
Financial Analyst,Mumbai,MBA,Tier 1,FinTech,Mid-size,Female,4.8,29.0,3.29,7,3297864.0,504395.0,3802259.0
Business Analyst,Bangalore,BTech,Tier 1,Manufacturing,Mid-size,Male,3.8,27.0,3.17,4,1981040.0,339465.0,2320504.0
Financial Analyst,Remote,MBA,Tier 3,Consulting,MNC,Female,6.5,30.0,3.99,6,2611255.0,159032.0,2770287.0
HR Manager,Pune,BTech,Tier 2,FinTech,MNC,Male,7.5,29.0,2.67,5,2837154.0,518558.0,3355712.0
Data Scientist,Kolkata,BTech,Tier 3,Manufacturing,Startup,Female,10.7,33.0,3.63,4,1574977.0,109860.0,1684837.0
Software Engineer,Kolkata,BTech,Tier 3,Manufacturing,Mid-size,Male,2.3,28.0,3.71,8,1216621.0,253103.0,1469725.0
Product Manager,Remote,BTech,Tier 1,Consulting,Startup,Female,3.4,27.0,2.98,3,2596098.0,413776.0,3009873.0
Business Analyst,Delhi NCR,BTech,Tier 1,E-Commerce,Mid-size,Female,0.0,27.0,3.4,6,1572610.0,210565.0,1783175.0
Product Manager,Mumbai,BTech,Tier 3,EdTech,Startup,Male,1.8,22.0,,2,2060989.0,284263.0,2345251.0
HR Manager,Ahmedabad,BTech,Tier 1,E-Commerce,MNC,Male,4.6,30.0,2.21,3,1964900.0,219520.0,2184420.0
Software Engineer,Pune,BTech,Tier 2,FinTech,Mid-size,Male,10.1,29.0,3.35,3,2452513.0,331290.0,2783803.0
DevOps Engineer,Hyderabad,BTech,Tier 2,FinTech,Mid-size,Male,5.5,28.0,,4,2911051.0,394992.0,3306043.0
Business Analyst,Jaipur,BTech,Tier 1,Consulting,Mid-size,Male,4.0,26.0,4.32,5,1630686.0,214821.0,1845507.0
Business Analyst,Remote,PhD,Tier 3,FinTech,Startup,Female,0.0,23.0,3.89,4,1435495.0,275904.0,1711399.0
Marketing Manager,Kolkata,BTech,Tier 3,EdTech,Mid-size,Male,6.2,27.0,3.29,8,1507646.0,211482.0,1719127.0
Frontend Developer,Pune,MBA,Tier 2,EdTech,Startup,Male,0.0,25.0,4.58,7,1657697.0,263988.0,1921685.0
Chartered Accountant,Remote,BTech,Tier 3,E-Commerce,MNC,Male,6.4,31.0,3.57,6,2235878.0,253738.0,2489616.0
HR Manager,Mumbai,BTech,Tier 2,Manufacturing,MNC,Male,7.5,28.0,3.64,6,2231060.0,335259.0,2566319.0
Frontend Developer,Hyderabad,MBA,Tier 2,IT Services,MNC,Male,11.4,30.0,1.34,1,2500049.0,321277.0,2821326.0
Software Engineer,Jaipur,BTech,Tier 3,EdTech,MNC,Male,7.1,31.0,3.8,3,1720089.0,102243.0,1822332.0
AI Engineer,Ahmedabad,BTech,Tier 3,FinTech,Startup,Female,5.6,30.0,1.93,8,2079397.0,501161.0,2580559.0
Financial Analyst,Kolkata,BTech,Tier 1,IT Services,Mid-size,Male,0.9,25.0,2.98,4,1547540.0,117454.0,1664995.0
Frontend Developer,Hyderabad,BTech,Tier 2,IT Services,MNC,Male,1.6,26.0,2.95,1,1475132.0,110817.0,1585949.0
Frontend Developer,Delhi NCR,,Tier 2,FinTech,MNC,Male,12.6,34.0,2.65,1,3527992.0,631296.0,4159288.0
HR Manager,Delhi NCR,,Tier 3,EdTech,Startup,Male,3.8,28.0,2.82,8,1825187.0,378757.0,2203944.0
Chartered Accountant,Remote,BTech,Tier 3,Consulting,Mid-size,Male,6.5,27.0,3.35,2,1626109.0,269346.0,1895456.0
Data Analyst,Delhi NCR,MTech,Tier 2,Product Based,Startup,Male,5.1,27.0,4.64,3,2278438.0,153067.0,2431505.0
Business Analyst,Chennai,BTech,Tier 3,Product Based,Startup,Male,7.1,29.0,1.91,8,1780085.0,313503.0,5532716.007202382
Software Engineer,Jaipur,BTech,Tier 2,EdTech,Mid-size,Female,5.3,31.0,3.38,9,1440866.0,149783.0,1590649.0
DevOps Engineer,Remote,BTech,Tier 2,Product Based,MNC,Female,7.7,31.0,4.03,3,3055668.0,181271.0,3236938.0
Data Analyst,Pune,PhD,Tier 2,IT Services,Mid-size,Female,1.7,28.0,3.96,7,1952960.0,249254.0,2202214.0
Data Scientist,Kolkata,BTech,Tier 1,FinTech,Startup,Male,2.6,28.0,2.31,5,2493980.0,194294.0,2688274.0
Chartered Accountant,Ahmedabad,MTech,Tier 2,E-Commerce,MNC,Female,7.1,28.0,3.58,9,2745508.0,557383.0,3302891.0
Software Engineer,Mumbai,MTech,Tier 3,IT Services,MNC,Female,1.4,24.0,3.31,3,2118018.0,202385.0,2320403.0
HR Manager,Delhi NCR,BTech,Tier 2,EdTech,MNC,Male,6.6,28.0,3.12,6,2237881.0,241731.0,2479613.0
HR Manager,Chennai,BTech,Tier 2,FinTech,MNC,Male,2.9,27.0,2.79,4,2287318.0,396117.0,2683435.0
Chartered Accountant,Jaipur,MBA,Tier 2,Consulting,Startup,Female,0.0,21.0,2.53,6,1606017.0,161066.0,1767084.0
AI Engineer,Bangalore,BTech,Tier 2,EdTech,MNC,Male,3.9,26.0,4.26,2,3021612.0,448527.0,3470139.0
DevOps Engineer,Mumbai,MTech,Tier 3,IT Services,MNC,Female,6.6,31.0,4.42,5,3071671.0,242239.0,3313909.0
Data Scientist,Pune,,Tier 2,Consulting,Startup,Female,2.3,25.0,3.33,7,1856300.0,256043.0,2112343.0
DevOps Engineer,Delhi NCR,BTech,Tier 1,Consulting,MNC,Male,4.6,28.0,,3,3302675.0,521982.0,3824657.0
Chartered Accountant,Kolkata,BTech,Tier 3,IT Services,Mid-size,Male,7.0,31.0,3.35,2,1782257.0,184018.0,1966275.0
AI Engineer,Pune,MTech,Tier 2,Product Based,Mid-size,Male,0.3,22.0,3.79,7,2735294.0,419034.0,3154328.0
Backend Developer,Kolkata,PhD,Tier 3,EdTech,Mid-size,Female,10.0,35.0,2.94,8,1990282.0,377691.0,2367974.0
Frontend Developer,Hyderabad,MTech,Tier 2,IT Services,Startup,Female,6.8,30.0,4.87,4,2316889.0,487452.0,2804341.0
Frontend Developer,Pune,BTech,Tier 3,Manufacturing,Mid-size,Male,9.7,34.0,3.25,6,1663467.0,385690.0,2049157.0
Frontend Developer,Hyderabad,BTech,Tier 1,E-Commerce,MNC,Male,8.5,32.0,5.0,4,3585182.0,518367.0,4103549.0
Software Engineer,Hyderabad,MBA,Tier 1,IT Services,MNC,Female,4.5,29.0,,3,2969495.0,153976.0,3123472.0
Marketing Manager,Bangalore,MBA,Tier 3,Consulting,Startup,Male,1.1,26.0,4.13,4,1990964.0,155640.0,2146604.0
Chartered Accountant,Pune,BTech,Tier 3,Product Based,Startup,Male,5.9,28.0,5.0,1,2212975.0,243764.0,2456738.0
Frontend Developer,Jaipur,MBA,Tier 1,EdTech,MNC,Male,2.2,27.0,3.04,2,1821023.0,414487.0,2235510.0
AI Engineer,Remote,MBA,Tier 2,Product Based,Mid-size,Male,0.0,24.0,3.71,6,2762654.0,155392.0,2918046.0
Product Manager,Ahmedabad,BTech,Tier 1,Product Based,MNC,Male,4.6,28.0,4.05,10,4472632.0,590991.0,5063623.0
Business Analyst,Delhi NCR,BTech,Tier 3,E-Commerce,MNC,Male,7.2,31.0,3.93,2,2596311.0,270869.0,2867179.0
Backend Developer,Bangalore,BTech,Tier 3,EdTech,Mid-size,Male,3.1,29.0,3.72,9,2013418.0,381562.0,2394980.0
Product Manager,Hyderabad,PhD,Tier 3,IT Services,MNC,Male,2.4,26.0,,6,3571381.0,580460.0,4151841.0
HR Manager,Pune,MTech,Tier 2,FinTech,Mid-size,Male,3.5,27.0,2.81,6,2526339.0,355351.0,2881690.0
Business Analyst,Jaipur,BTech,Tier 3,Product Based,Startup,Male,4.2,31.0,5.0,3,1483172.0,150712.0,1633884.0
Backend Developer,Remote,BTech,Tier 2,EdTech,Mid-size,Male,4.3,29.0,3.37,7,1825740.0,127718.0,1953457.0
Data Scientist,Delhi NCR,MTech,Tier 1,Manufacturing,Startup,Female,11.3,38.0,2.4,2,2417583.0,278436.0,2696019.0
Software Engineer,Delhi NCR,PhD,Tier 3,EdTech,Startup,Male,6.4,31.0,3.37,4,2436014.0,556753.0,2992767.0
Data Analyst,Mumbai,PhD,Tier 3,EdTech,Startup,Male,5.5,27.0,,3,2018274.0,445155.0,2463428.0
HR Manager,Hyderabad,MTech,Tier 3,Consulting,Startup,Female,2.2,27.0,3.76,1,1552419.0,102215.0,4372696.247092338
Product Manager,Ahmedabad,MTech,Tier 2,FinTech,Mid-size,Male,1.0,28.0,3.65,5,2825870.0,466672.0,3292541.0
Software Engineer,Chennai,BTech,Tier 3,EdTech,Mid-size,Male,4.4,30.0,3.6,7,1837146.0,456772.0,2293918.0
Frontend Developer,Remote,MTech,Tier 1,Product Based,MNC,Female,4.7,26.0,3.44,4,3125419.0,570070.0,3695489.0
Data Analyst,Jaipur,BTech,Tier 3,IT Services,Mid-size,Female,6.2,26.0,3.71,2,1266825.0,193398.0,1460223.0
Data Analyst,Bangalore,BTech,Tier 3,E-Commerce,Startup,Male,6.5,30.0,1.94,6,2020428.0,133245.0,2153672.0
HR Manager,Kolkata,,Tier 2,E-Commerce,Startup,Male,2.3,28.0,3.36,7,1834416.0,361631.0,2196047.0
HR Manager,Kolkata,,Tier 2,EdTech,Startup,Male,6.8,28.0,3.71,5,1621398.0,340732.0,1962130.0
Marketing Manager,Bangalore,BTech,Tier 2,Manufacturing,MNC,Male,5.9,29.0,,3,2208676.0,222702.0,2431378.0
Marketing Manager,Ahmedabad,MBA,Tier 3,Consulting,Startup,Male,6.1,29.0,1.29,7,1666607.0,367565.0,2034172.0
Product Manager,Ahmedabad,BTech,Tier 3,Consulting,MNC,Male,4.9,29.0,3.35,3,2622942.0,523851.0,3146793.0
Product Manager,Remote,,Tier 2,IT Services,Startup,Male,3.1,22.0,4.06,8,2984469.0,252541.0,3237010.0
Marketing Manager,Delhi NCR,PhD,Tier 3,EdTech,Startup,Male,2.9,27.0,2.83,2,1691199.0,199900.0,1891099.0
Marketing Manager,Pune,MBA,Tier 3,IT Services,Startup,Male,10.1,32.0,,7,1911204.0,248210.0,2159413.0
HR Manager,Remote,PhD,Tier 1,FinTech,Mid-size,Female,7.7,29.0,3.8,5,2926961.0,715713.0,3642675.0
Business Analyst,Mumbai,MTech,Tier 2,Manufacturing,MNC,Female,3.0,26.0,3.04,5,2273568.0,215411.0,2488979.0
DevOps Engineer,Hyderabad,MTech,Tier 3,IT Services,Mid-size,Male,8.6,31.0,4.59,2,2351344.0,541785.0,2893128.0
DevOps Engineer,Mumbai,,Tier 2,FinTech,Startup,Male,0.0,25.0,3.83,1,2003468.0,370267.0,2373735.0
Chartered Accountant,Hyderabad,BTech,Tier 1,IT Services,Startup,Male,11.9,37.0,4.76,4,2699892.0,556113.0,3256005.0
Software Engineer,Mumbai,BTech,Tier 2,Manufacturing,Startup,Male,0.0,23.0,3.89,3,1399541.0,303274.0,1702815.0
Data Scientist,Kolkata,BTech,Tier 3,Manufacturing,Startup,Female,6.0,32.0,3.14,8,1440712.0,143427.0,1584139.0
Frontend Developer,Jaipur,MTech,Tier 3,IT Services,Mid-size,Male,1.6,24.0,3.81,7,1285634.0,116813.0,1402447.0
Chartered Accountant,Delhi NCR,PhD,Tier 3,FinTech,Startup,Male,4.9,31.0,4.34,5,3211752.0,422252.0,3634004.0
Financial Analyst,Bangalore,BTech,Tier 3,Manufacturing,Startup,Male,5.7,30.0,2.18,2,1551922.0,342978.0,1894899.0
Chartered Accountant,Pune,BTech,Tier 2,E-Commerce,Mid-size,Male,5.0,29.0,3.45,3,2288403.0,274882.0,2563285.0
Data Analyst,Kolkata,BTech,Tier 3,Consulting,Mid-size,Male,9.5,31.0,2.23,6,1664923.0,185050.0,1849973.0
Software Engineer,Mumbai,BTech,Tier 2,Product Based,Mid-size,Male,2.0,24.0,5.0,6,2542303.0,506233.0,3048536.0
Chartered Accountant,Ahmedabad,BTech,Tier 2,Consulting,Startup,Female,7.5,33.0,3.82,9,1951956.0,141251.0,2093208.0
Frontend Developer,Jaipur,BTech,Tier 2,Consulting,Mid-size,Male,4.2,32.0,3.54,2,1254210.0,187268.0,1441477.0
Financial Analyst,Chennai,MBA,Tier 3,IT Services,MNC,Female,3.9,28.0,3.18,5,1795623.0,354546.0,2150169.0
Financial Analyst,Jaipur,PhD,Tier 3,E-Commerce,Mid-size,Male,0.4,25.0,4.84,5,1429807.0,234900.0,1664708.0
AI Engineer,Hyderabad,BTech,Tier 3,FinTech,Startup,Male,2.2,26.0,3.71,3,2262570.0,154609.0,2417178.0
Financial Analyst,Jaipur,MBA,Tier 3,FinTech,Mid-size,Male,3.0,23.0,4.09,5,1689411.0,379824.0,2069235.0
AI Engineer,Mumbai,MTech,Tier 3,E-Commerce,MNC,Male,2.8,27.0,2.99,5,3632140.0,263621.0,3895761.0
Marketing Manager,Chennai,MTech,Tier 1,Product Based,Mid-size,Male,8.6,31.0,4.04,4,3316697.0,745571.0,4062268.0
Data Scientist,Ahmedabad,BTech,Tier 1,EdTech,Mid-size,Male,6.9,31.0,4.02,6,2141751.0,302539.0,2444290.0
Chartered Accountant,Hyderabad,MTech,Tier 1,Manufacturing,Mid-size,Male,5.8,27.0,3.24,5,2406058.0,244774.0,2650832.0
Product Manager,Bangalore,BTech,Tier 2,Consulting,MNC,Male,3.4,26.0,3.67,5,3884097.0,356650.0,4240747.0
Data Analyst,Mumbai,PhD,Tier 3,E-Commerce,Startup,Female,1.6,25.0,3.38,4,1849396.0,388029.0,2237425.0
AI Engineer,Chennai,MTech,Tier 1,EdTech,Startup,Male,0.0,23.0,3.56,1,2073777.0,254363.0,2328139.0
AI Engineer,Pune,BTech,Tier 1,FinTech,MNC,Male,3.6,26.0,5.0,3,3780174.0,711192.0,4491365.0
Frontend Developer,Ahmedabad,BTech,Tier 3,FinTech,MNC,Male,3.1,29.0,3.45,2,1889138.0,197584.0,2086722.0
Data Analyst,Hyderabad,BTech,Tier 2,Manufacturing,Startup,Male,4.1,25.0,4.94,4,1261217.0,64501.0,1325718.0
DevOps Engineer,Kolkata,,Tier 2,E-Commerce,MNC,Male,3.8,23.0,4.47,7,2514101.0,223511.0,2737612.0
DevOps Engineer,Jaipur,BTech,Tier 2,Consulting,Startup,Male,3.0,24.0,3.51,8,1724081.0,160981.0,1885062.0
HR Manager,Remote,MTech,Tier 3,IT Services,Startup,Male,4.0,28.0,,5,1440204.0,102813.0,1543017.0
Software Engineer,Hyderabad,BTech,Tier 2,Consulting,Mid-size,Male,0.2,22.0,3.78,2,1636269.0,107410.0,1743679.0
Frontend Developer,Pune,BTech,Tier 3,FinTech,Startup,Male,6.0,31.0,3.58,4,2211168.0,280613.0,2491782.0
Software Engineer,Delhi NCR,MTech,Tier 2,FinTech,Mid-size,Male,6.2,32.0,3.21,1,2629853.0,333521.0,2963374.0
Product Manager,Jaipur,MBA,Tier 1,Manufacturing,MNC,Female,0.0,21.0,3.16,3,1994570.0,417768.0,2412338.0
Marketing Manager,Bangalore,BTech,Tier 3,E-Commerce,Mid-size,Male,6.9,29.0,,4,1900967.0,159155.0,2060122.0
Chartered Accountant,Ahmedabad,BTech,Tier 1,Product Based,Startup,Male,6.6,27.0,3.16,6,2786636.0,468659.0,3255295.0
Product Manager,Delhi NCR,MTech,Tier 3,E-Commerce,MNC,Female,3.2,30.0,4.75,3,3557945.0,759595.0,4317540.0
Frontend Developer,Bangalore,,Tier 1,FinTech,Startup,Male,4.4,26.0,3.68,2,2867681.0,672009.0,3539690.0
Financial Analyst,Bangalore,MBA,Tier 1,Consulting,Mid-size,Male,0.0,20.0,4.88,3,2124065.0,220125.0,2344191.0
Financial Analyst,Remote,BTech,Tier 3,E-Commerce,Mid-size,Male,1.4,25.0,3.1,8,1207009.0,98533.0,1305542.0
Marketing Manager,Pune,MBA,Tier 3,EdTech,Mid-size,Male,4.3,29.0,5.0,5,1811579.0,414332.0,2225911.0
Business Analyst,Remote,BTech,Tier 3,IT Services,Startup,Male,4.4,22.0,4.05,9,1211757.0,125924.0,1337682.0
Software Engineer,Remote,BTech,Tier 3,FinTech,Startup,Male,1.5,26.0,3.2,5,1413415.0,310533.0,1723948.0
Business Analyst,Delhi NCR,MTech,Tier 2,Consulting,Startup,Female,6.1,30.0,2.07,3,2033806.0,478499.0,2512305.0
Backend Developer,Delhi NCR,BTech,Tier 1,Product Based,Mid-size,Male,0.6,24.0,3.63,4,2219940.0,211109.0,2431049.0
Chartered Accountant,Pune,MBA,Tier 3,E-Commerce,Startup,Male,0.8,22.0,3.47,5,1878490.0,343039.0,2221529.0
Software Engineer,Delhi NCR,BTech,Tier 3,IT Services,MNC,Female,5.3,28.0,3.0,8,2257949.0,224815.0,2482764.0
DevOps Engineer,Hyderabad,BTech,Tier 2,Product Based,Startup,Female,2.8,27.0,2.97,7,2696273.0,515214.0,3211486.0
Data Scientist,Ahmedabad,BTech,Tier 2,EdTech,Startup,Female,2.5,26.0,3.84,5,1152978.0,73613.0,1226591.0
HR Manager,Bangalore,BTech,Tier 3,Product Based,Mid-size,Female,12.1,36.0,3.6,9,2910161.0,699763.0,3609925.0
Backend Developer,Bangalore,BTech,Tier 1,Consulting,Mid-size,Male,0.3,25.0,3.62,8,2032619.0,395776.0,2428396.0
Data Analyst,Mumbai,BTech,Tier 2,IT Services,Mid-size,Male,4.6,25.0,3.73,1,2140294.0,168219.0,2308513.0
Data Analyst,Kolkata,MTech,Tier 3,EdTech,MNC,Male,0.8,22.0,3.96,4,1196654.0,236673.0,1433327.0
Software Engineer,Kolkata,BTech,Tier 3,IT Services,MNC,Male,11.1,35.0,3.8,5,2047101.0,392090.0,2439191.0
Product Manager,Delhi NCR,BTech,Tier 2,Manufacturing,MNC,Male,8.2,32.0,1.99,10,3399821.0,656847.0,4056668.0
Data Scientist,Delhi NCR,BTech,Tier 2,FinTech,Startup,Male,0.0,25.0,3.28,4,1749395.0,122558.0,1871953.0
AI Engineer,Remote,MTech,Tier 2,IT Services,Startup,Male,3.7,26.0,3.23,7,2256023.0,240269.0,2496292.0
Business Analyst,Remote,BTech,Tier 3,Product Based,MNC,Female,0.0,24.0,3.05,4,1332895.0,329056.0,1661951.0
Data Scientist,Chennai,MBA,Tier 3,Manufacturing,Startup,Male,5.2,27.0,4.67,3,1820221.0,449435.0,2269656.0
Chartered Accountant,Delhi NCR,BTech,Tier 3,EdTech,Startup,Male,6.7,32.0,3.25,12,2069990.0,454296.0,2524287.0
Frontend Developer,Remote,BTech,Tier 3,Manufacturing,MNC,Male,2.5,24.0,3.54,3,1220268.0,82896.0,1303164.0
Financial Analyst,Kolkata,MTech,Tier 2,FinTech,Startup,Male,6.2,27.0,3.16,4,1656236.0,277987.0,1934223.0
Data Analyst,Pune,BTech,Tier 1,FinTech,Startup,Male,0.0,21.0,3.68,2,1005525.0,150992.0,1156517.0
Data Scientist,Pune,MBA,Tier 3,FinTech,Startup,Male,1.7,27.0,3.18,3,2182377.0,438093.0,2620470.0
Marketing Manager,Mumbai,,Tier 2,Manufacturing,Startup,Male,4.6,27.0,,5,2031402.0,191384.0,2222785.0
Chartered Accountant,Ahmedabad,BTech,Tier 1,FinTech,Mid-size,Female,9.8,35.0,2.78,3,2556493.0,397526.0,2954019.0
Marketing Manager,Ahmedabad,BTech,Tier 1,IT Services,MNC,Male,0.0,20.0,2.87,9,1613893.0,130089.0,1743982.0
Data Scientist,Kolkata,MBA,Tier 1,E-Commerce,Mid-size,Male,10.0,34.0,2.98,5,3204332.0,307739.0,3512070.0
Backend Developer,Chennai,BTech,Tier 2,IT Services,MNC,Male,1.4,23.0,4.23,4,1796220.0,222191.0,2018411.0
Data Analyst,Mumbai,BTech,Tier 3,FinTech,Mid-size,Male,5.0,28.0,3.09,5,1981877.0,217273.0,2199150.0
Backend Developer,Remote,BTech,Tier 3,EdTech,Mid-size,Male,2.0,25.0,3.92,6,1389870.0,84286.0,1474156.0
DevOps Engineer,Kolkata,BTech,Tier 3,FinTech,Startup,Female,5.5,26.0,4.17,6,2179411.0,326194.0,2505605.0
Business Analyst,Ahmedabad,,Tier 3,Consulting,MNC,Male,5.6,26.0,4.34,8,2227028.0,407502.0,6962264.430594427
Data Scientist,Delhi NCR,BTech,Tier 2,Product Based,MNC,Male,2.5,28.0,2.18,11,3306081.0,625675.0,3931755.0
AI Engineer,Kolkata,BTech,Tier 1,Consulting,Mid-size,Female,2.8,28.0,3.12,5,2257878.0,425079.0,2682957.0
Business Analyst,Ahmedabad,MTech,Tier 3,FinTech,MNC,Male,6.8,26.0,3.03,8,2437002.0,192092.0,2629094.0
DevOps Engineer,Remote,BTech,Tier 1,Product Based,Startup,Male,4.6,27.0,3.37,5,2647540.0,540602.0,3188142.0
Business Analyst,Pune,,Tier 1,FinTech,Mid-size,Male,8.8,29.0,2.74,2,2390938.0,347059.0,2737996.0
Data Scientist,Bangalore,PhD,Tier 3,Consulting,Startup,Male,0.0,20.0,5.0,3,2101769.0,351135.0,2452905.0
Business Analyst,Ahmedabad,MTech,Tier 2,Consulting,Startup,Female,3.0,28.0,3.83,6,1255668.0,303732.0,1559399.0
Data Analyst,Chennai,PhD,Tier 3,EdTech,Mid-size,Female,7.5,27.0,3.73,4,1917989.0,238751.0,2156740.0
Backend Developer,Hyderabad,BTech,Tier 2,Product Based,Mid-size,Female,7.7,31.0,2.57,3,2469376.0,603809.0,3073186.0
Business Analyst,Remote,BTech,Tier 3,E-Commerce,MNC,Male,0.3,23.0,2.71,7,1384219.0,203307.0,1587525.0
Frontend Developer,Delhi NCR,PhD,Tier 3,E-Commerce,Mid-size,Male,4.5,28.0,,3,2309388.0,337540.0,2646928.0
AI Engineer,Delhi NCR,BTech,Tier 3,Manufacturing,Startup,Male,7.7,30.0,3.23,2,2056301.0,471286.0,2527587.0
Marketing Manager,Ahmedabad,BTech,Tier 2,FinTech,MNC,Male,4.6,31.0,1.91,5,2324229.0,521540.0,2845768.0
Business Analyst,Jaipur,BTech,Tier 2,Consulting,MNC,Male,5.9,27.0,2.31,7,1889050.0,227200.0,2116250.0
Product Manager,Hyderabad,MTech,Tier 2,EdTech,Mid-size,Male,0.0,22.0,2.52,7,2535025.0,361506.0,2896531.0
HR Manager,Chennai,MTech,Tier 2,E-Commerce,Mid-size,Male,6.0,29.0,4.36,6,2446106.0,494047.0,2940153.0
AI Engineer,Jaipur,BTech,Tier 3,E-Commerce,MNC,Female,2.3,24.0,2.57,4,2051155.0,211618.0,2262773.0
Data Analyst,Remote,BTech,Tier 2,EdTech,Mid-size,Female,8.0,28.0,2.73,7,1405932.0,230327.0,1636260.0
Business Analyst,Kolkata,BTech,Tier 3,Manufacturing,Startup,Male,7.4,29.0,3.49,3,1110732.0,275408.0,1386140.0
HR Manager,Kolkata,MBA,Tier 3,E-Commerce,MNC,Male,8.6,35.0,3.72,10,2526581.0,259031.0,2785612.0
Financial Analyst,Mumbai,BTech,Tier 3,Product Based,MNC,Female,6.7,31.0,,5,2802319.0,442632.0,3244951.0
Business Analyst,Kolkata,BTech,Tier 2,FinTech,Mid-size,Male,10.6,33.0,2.97,6,1947977.0,102671.0,2050647.0
Business Analyst,Delhi NCR,BTech,Tier 3,Manufacturing,Startup,Male,1.3,25.0,3.9,6,1181508.0,163807.0,1345316.0
Data Scientist,Kolkata,BTech,Tier 2,Product Based,Startup,Male,0.0,26.0,3.45,2,1354036.0,276440.0,1630476.0
Business Analyst,Kolkata,BTech,Tier 1,IT Services,MNC,Male,9.6,32.0,3.89,1,1950607.0,374450.0,2325057.0
Software Engineer,Ahmedabad,MBA,Tier 2,IT Services,MNC,Female,1.9,28.0,3.24,2,1804896.0,449361.0,2254257.0
Product Manager,Jaipur,BTech,Tier 3,E-Commerce,MNC,Female,3.3,25.0,,3,2115630.0,201054.0,2316683.0
Software Engineer,Kolkata,BTech,Tier 2,Consulting,Startup,Male,2.6,25.0,2.1,9,1643170.0,312337.0,1955506.0
Software Engineer,Jaipur,MTech,Tier 3,FinTech,Mid-size,Male,3.2,30.0,4.77,5,1911216.0,262283.0,2173499.0
Product Manager,Jaipur,MBA,Tier 2,Manufacturing,Mid-size,Male,0.9,23.0,3.46,5,1835073.0,283514.0,2118588.0
Business Analyst,Hyderabad,MTech,Tier 2,Consulting,MNC,Female,9.0,36.0,4.07,4,2825061.0,428912.0,3253973.0
AI Engineer,Remote,MTech,Tier 3,E-Commerce,Mid-size,Female,9.8,31.0,3.33,8,3109710.0,422913.0,3532624.0
DevOps Engineer,Remote,BTech,Tier 1,IT Services,Mid-size,Male,15.8,37.0,3.08,4,2486782.0,135814.0,2622596.0
AI Engineer,Ahmedabad,BTech,Tier 2,E-Commerce,Mid-size,Female,9.2,34.0,3.48,4,2579714.0,198545.0,7342096.622425571
HR Manager,Remote,BTech,Tier 2,EdTech,Mid-size,Male,4.1,28.0,3.27,4,1447071.0,227236.0,1674307.0
HR Manager,Bangalore,,Tier 3,IT Services,Startup,Male,8.2,32.0,2.64,1,1759480.0,228292.0,1987772.0
HR Manager,Kolkata,BTech,Tier 2,EdTech,MNC,Female,8.7,34.0,3.64,7,1671590.0,105787.0,1777377.0
Software Engineer,Delhi NCR,BTech,Tier 1,E-Commerce,Mid-size,Female,7.0,33.0,4.1,8,2736261.0,466195.0,3202456.0
HR Manager,Chennai,BTech,Tier 2,EdTech,Mid-size,Male,9.5,32.0,3.64,3,1520151.0,87461.0,1607612.0
Frontend Developer,Delhi NCR,MBA,Tier 1,FinTech,Startup,Female,0.8,25.0,3.2,2,2409581.0,293679.0,2703260.0
Chartered Accountant,Jaipur,,Tier 3,Consulting,MNC,Male,3.1,24.0,1.65,5,1865454.0,203406.0,2068860.0
Business Analyst,Ahmedabad,MBA,Tier 2,IT Services,Startup,Male,3.6,25.0,4.35,9,1792987.0,111618.0,1904606.0
Product Manager,Delhi NCR,MBA,Tier 2,EdTech,Startup,Female,4.6,29.0,5.0,9,2938981.0,189343.0,3128324.0
Data Scientist,Remote,MTech,Tier 3,EdTech,Startup,Male,0.0,23.0,3.85,5,1385737.0,106944.0,1492681.0
Software Engineer,Mumbai,BTech,Tier 3,Consulting,Mid-size,Female,6.8,31.0,3.96,6,2258575.0,501855.0,2760430.0
Chartered Accountant,Ahmedabad,BTech,Tier 3,E-Commerce,Mid-size,Female,4.3,25.0,,7,1686535.0,367451.0,2053986.0
Chartered Accountant,Kolkata,BTech,Tier 2,Consulting,Mid-size,Male,7.1,28.0,3.24,5,1980435.0,431944.0,2412379.0
Marketing Manager,Ahmedabad,BTech,Tier 1,IT Services,MNC,Male,11.7,38.0,2.1,3,2223844.0,257903.0,2481748.0
Data Scientist,Remote,MBA,Tier 3,FinTech,Mid-size,Male,6.8,30.0,2.17,6,2556804.0,506274.0,3063078.0
Chartered Accountant,Mumbai,BTech,Tier 2,FinTech,MNC,Female,4.5,31.0,3.83,13,3727728.0,484294.0,4212022.0
Marketing Manager,Kolkata,BTech,Tier 2,EdTech,Startup,Male,12.3,35.0,3.81,6,1932468.0,441936.0,2374404.0
Data Analyst,Mumbai,MTech,Tier 3,Consulting,MNC,Female,1.2,26.0,2.04,5,1556580.0,167665.0,1724245.0
Data Scientist,Mumbai,BTech,Tier 2,Consulting,Startup,Male,16.1,38.0,3.13,3,2564297.0,560134.0,3124431.0
Product Manager,Ahmedabad,BTech,Tier 3,Consulting,Mid-size,Male,2.9,29.0,3.33,5,1923550.0,109379.0,2032929.0
Chartered Accountant,Bangalore,MTech,Tier 2,Manufacturing,Startup,Male,7.2,30.0,2.75,7,2141511.0,476093.0,2617605.0
Software Engineer,Hyderabad,BTech,Tier 2,FinTech,MNC,Male,7.2,33.0,3.48,8,3448792.0,726113.0,4174904.0
Software Engineer,Mumbai,BTech,Tier 2,E-Commerce,Startup,Male,3.8,26.0,2.86,6,2431319.0,163977.0,2595296.0
Business Analyst,Jaipur,BTech,Tier 2,E-Commerce,Mid-size,Male,4.2,26.0,2.18,6,1484076.0,228481.0,1712558.0
Financial Analyst,Chennai,BTech,Tier 3,IT Services,Mid-size,Male,7.6,31.0,2.94,7,1635609.0,401441.0,2037050.0
Data Scientist,Kolkata,BTech,Tier 1,FinTech,Mid-size,Male,2.8,26.0,4.88,4,2606695.0,174010.0,2780704.0
Frontend Developer,Bangalore,,Tier 2,Manufacturing,Mid-size,Female,0.0,24.0,4.12,2,1307437.0,107487.0,1414923.0
Frontend Developer,Mumbai,MTech,Tier 2,Product Based,Mid-size,Male,10.5,32.0,4.31,6,3445118.0,771786.0,4216905.0
Business Analyst,Ahmedabad,BTech,Tier 2,Consulting,MNC,Male,4.2,28.0,2.34,4,2050374.0,382606.0,2432980.0
Product Manager,Kolkata,MTech,Tier 3,Consulting,MNC,Female,8.2,32.0,2.46,6,3164802.0,472875.0,3637677.0
Data Analyst,Remote,BTech,Tier 2,Product Based,MNC,Male,0.0,26.0,3.2,6,1611030.0,91595.0,1702625.0
Frontend Developer,Bangalore,MBA,Tier 3,EdTech,Mid-size,Male,6.2,27.0,3.99,5,2185218.0,301407.0,2486625.0
HR Manager,Chennai,MBA,Tier 1,IT Services,Mid-size,Male,4.1,28.0,3.99,10,2456541.0,295730.0,2752270.0
DevOps Engineer,Ahmedabad,BTech,Tier 2,Consulting,Mid-size,Male,12.6,35.0,4.28,6,2216119.0,176215.0,2392334.0
Product Manager,Remote,,Tier 1,Product Based,Mid-size,Male,4.1,28.0,3.81,5,3691300.0,735218.0,4426518.0
Backend Developer,Ahmedabad,BTech,Tier 2,FinTech,MNC,Male,6.3,31.0,3.38,4,2626047.0,520039.0,3146086.0
DevOps Engineer,Chennai,PhD,Tier 2,Manufacturing,MNC,Male,4.8,29.0,1.83,3,2720672.0,390013.0,3110685.0
Data Analyst,Mumbai,BTech,Tier 2,E-Commerce,Mid-size,Male,2.2,26.0,3.99,6,1937188.0,373378.0,2310567.0
Software Engineer,Hyderabad,BTech,Tier 1,EdTech,Startup,Male,8.1,30.0,4.25,8,2381223.0,452320.0,2833544.0
Data Analyst,Jaipur,,Tier 1,EdTech,MNC,Male,0.5,25.0,2.98,5,1133545.0,97889.0,1231434.0
Financial Analyst,Bangalore,BTech,Tier 3,FinTech,Startup,Female,7.1,23.0,2.44,4,2138080.0,254042.0,2392122.0
Chartered Accountant,Chennai,MTech,Tier 1,IT Services,Startup,Female,5.7,26.0,3.79,6,2423299.0,276717.0,2700016.0
Backend Developer,Mumbai,MTech,Tier 2,Manufacturing,Startup,Female,6.4,29.0,2.21,7,1986369.0,324612.0,2310981.0
Backend Developer,Kolkata,BTech,Tier 3,Product Based,MNC,Male,8.0,28.0,3.64,4,2557208.0,194175.0,2751383.0
HR Manager,Ahmedabad,MBA,Tier 1,Consulting,Startup,Male,3.1,25.0,3.49,9,1857140.0,230133.0,2087273.0
Business Analyst,Hyderabad,MTech,Tier 2,Consulting,Mid-size,Male,1.5,23.0,3.95,6,1971592.0,474724.0,2446315.0
Financial Analyst,Bangalore,BTech,Tier 3,FinTech,Startup,Male,3.5,26.0,3.45,6,2093469.0,112822.0,2206291.0
DevOps Engineer,Remote,MTech,Tier 3,E-Commerce,Mid-size,Female,7.5,33.0,5.0,9,2567948.0,164186.0,2732134.0
Product Manager,Pune,PhD,Tier 2,E-Commerce,Startup,Male,6.5,31.0,3.6,1,3450993.0,763937.0,4214930.0
DevOps Engineer,Pune,BTech,Tier 2,Product Based,Mid-size,Female,3.4,24.0,2.76,3,2373245.0,358147.0,2731392.0
HR Manager,Pune,BTech,Tier 2,Consulting,Mid-size,Female,6.6,26.0,3.91,7,2183612.0,229372.0,2412984.0
Chartered Accountant,Ahmedabad,PhD,Tier 2,Product Based,Startup,Male,0.4,23.0,2.84,7,2177674.0,182616.0,2360290.0
Backend Developer,Pune,MTech,Tier 3,FinTech,Mid-size,Male,3.7,28.0,4.68,7,2716739.0,554364.0,3271103.0
Backend Developer,Chennai,BTech,Tier 2,FinTech,Startup,Male,3.1,27.0,3.46,6,1969957.0,250257.0,2220214.0
Frontend Developer,Pune,BTech,Tier 3,IT Services,MNC,Male,11.0,31.0,3.74,3,2077796.0,450849.0,2528645.0
Data Scientist,Jaipur,BTech,Tier 3,FinTech,Startup,Male,3.5,25.0,4.72,3,1568106.0,201922.0,1770028.0
HR Manager,Mumbai,BTech,Tier 1,E-Commerce,MNC,Female,8.2,27.0,3.09,5,3297862.0,241660.0,3539522.0
HR Manager,Ahmedabad,MTech,Tier 2,EdTech,Startup,Female,0.0,23.0,,5,896508.0,67518.0,964026.0
HR Manager,Hyderabad,BTech,Tier 2,Consulting,Startup,Male,1.3,25.0,4.13,4,1427122.0,310639.0,1737761.0
Software Engineer,Remote,BTech,Tier 3,FinTech,Startup,Male,7.3,32.0,4.24,2,2188003.0,304138.0,2492141.0
Financial Analyst,Kolkata,,Tier 2,FinTech,Startup,Male,8.8,36.0,2.91,7,2034885.0,247075.0,2281960.0
Product Manager,Chennai,MBA,Tier 3,Manufacturing,Startup,Male,2.6,23.0,4.09,4,2178401.0,535784.0,2714185.0
Backend Developer,Delhi NCR,PhD,Tier 3,Manufacturing,Mid-size,Male,7.7,31.0,3.34,6,2466736.0,337818.0,2804553.0
AI Engineer,Delhi NCR,BTech,Tier 2,IT Services,Startup,Male,5.7,27.0,3.29,8,2744218.0,576153.0,3320371.0
Data Analyst,Chennai,BTech,Tier 2,Consulting,Mid-size,Male,4.2,28.0,3.73,6,1628056.0,387472.0,2015528.0
Software Engineer,Mumbai,BTech,Tier 2,Product Based,Startup,Male,1.6,27.0,3.14,4,2034037.0,133755.0,2167792.0
Business Analyst,Kolkata,BTech,Tier 3,E-Commerce,Startup,Female,4.0,29.0,5.0,1,1153248.0,283671.0,1436918.0
Business Analyst,Ahmedabad,MBA,Tier 1,IT Services,Mid-size,Male,0.7,27.0,4.44,7,1814559.0,141307.0,1955866.0
Business Analyst,Jaipur,MBA,Tier 1,EdTech,MNC,Male,2.8,25.0,3.58,1,1947765.0,327404.0,2275169.0
Product Manager,Kolkata,BTech,Tier 3,Product Based,Mid-size,Male,2.4,27.0,3.53,3,2567269.0,351557.0,2918826.0
DevOps Engineer,Ahmedabad,,Tier 1,Manufacturing,Startup,Male,0.0,23.0,3.19,3,1421694.0,213650.0,1635344.0
Marketing Manager,Jaipur,,Tier 3,FinTech,Startup,Male,5.5,25.0,4.2,9,1881911.0,164593.0,2046504.0
Marketing Manager,Remote,BTech,Tier 2,E-Commerce,MNC,Male,7.3,32.0,3.68,5,2346637.0,563011.0,2909649.0
HR Manager,Chennai,BTech,Tier 3,Consulting,Mid-size,Female,5.6,25.0,3.43,3,1700793.0,397334.0,2098127.0
Backend Developer,Pune,BTech,Tier 3,Consulting,Mid-size,Male,4.6,27.0,3.44,8,1798834.0,204555.0,2003389.0
Data Analyst,Chennai,PhD,Tier 2,E-Commerce,Mid-size,Male,12.2,29.0,1.35,6,2715723.0,301232.0,3016955.0
AI Engineer,Delhi NCR,PhD,Tier 2,EdTech,MNC,Male,7.6,31.0,3.43,6,4111432.0,1026194.0,5137626.0
DevOps Engineer,Delhi NCR,PhD,Tier 2,EdTech,MNC,Male,6.7,33.0,3.45,2,3222703.0,468969.0,3691672.0
Chartered Accountant,Bangalore,MTech,Tier 1,Manufacturing,Startup,Male,2.9,22.0,3.43,5,2303478.0,190608.0,2494086.0
Financial Analyst,Chennai,MBA,Tier 2,Manufacturing,Mid-size,Male,3.9,28.0,3.07,9,1910335.0,110083.0,2020418.0
Software Engineer,Pune,BTech,Tier 2,EdTech,Startup,Female,5.9,32.0,2.24,5,1348655.0,249029.0,1597684.0
Financial Analyst,Remote,MTech,Tier 2,Consulting,MNC,Male,5.1,29.0,3.75,6,2467612.0,159555.0,2627167.0
Business Analyst,Kolkata,MTech,Tier 2,Manufacturing,Startup,Female,6.5,29.0,4.27,5,1515724.0,358589.0,1874313.0
Chartered Accountant,Mumbai,MTech,Tier 2,IT Services,MNC,Male,7.0,31.0,4.62,7,3528719.0,598856.0,4127575.0
AI Engineer,Kolkata,MTech,Tier 2,E-Commerce,Mid-size,Female,4.5,28.0,2.91,2,2490409.0,569876.0,3060285.0
Backend Developer,Ahmedabad,BTech,Tier 1,E-Commerce,Mid-size,Male,2.1,25.0,3.99,5,2095441.0,498427.0,2593868.0
Financial Analyst,Jaipur,BTech,Tier 2,Product Based,Mid-size,Male,8.4,35.0,1.0,4,1904099.0,452150.0,2356249.0
Business Analyst,Delhi NCR,,Tier 3,FinTech,Mid-size,Male,6.1,31.0,3.08,6,2471729.0,485668.0,2957396.0
Data Analyst,Bangalore,BTech,Tier 3,Manufacturing,Startup,Male,6.4,28.0,2.58,4,1554535.0,181390.0,1735925.0
Frontend Developer,Chennai,BTech,Tier 1,IT Services,MNC,Male,8.4,33.0,3.44,5,2895551.0,319279.0,3214830.0
HR Manager,Hyderabad,BTech,Tier 3,IT Services,Mid-size,Male,6.8,32.0,4.03,4,1560240.0,81507.0,1641747.0
Data Analyst,Jaipur,BTech,Tier 1,EdTech,Mid-size,Male,1.5,22.0,3.47,5,1142547.0,252240.0,1394787.0
Software Engineer,Hyderabad,BTech,Tier 2,E-Commerce,Startup,Female,7.5,30.0,2.56,7,2519727.0,526815.0,3046543.0
Data Analyst,Ahmedabad,BTech,Tier 2,Consulting,MNC,Male,2.6,25.0,3.04,5,1406859.0,182171.0,1589029.0
Frontend Developer,Ahmedabad,BTech,Tier 1,IT Services,Mid-size,Female,10.0,33.0,4.44,3,1621688.0,222455.0,1844143.0
Backend Developer,Delhi NCR,BTech,Tier 2,EdTech,Mid-size,Male,4.8,28.0,2.88,6,1706544.0,278002.0,1984546.0
Financial Analyst,Remote,MTech,Tier 3,E-Commerce,Startup,Female,4.9,24.0,3.3,1,1460586.0,116486.0,1577072.0
AI Engineer,Bangalore,MTech,Tier 3,Manufacturing,MNC,Male,10.5,36.0,3.61,8,3327415.0,824793.0,4152208.0
HR Manager,Ahmedabad,MBA,Tier 3,Product Based,Startup,Male,3.1,27.0,3.34,3,1581307.0,117402.0,1698709.0
HR Manager,Chennai,MTech,Tier 3,Manufacturing,Mid-size,Male,4.7,28.0,5.0,6,1674674.0,196367.0,1871041.0
Chartered Accountant,Ahmedabad,BTech,Tier 2,FinTech,MNC,Male,5.2,31.0,3.36,9,2719044.0,321792.0,3040836.0
DevOps Engineer,Bangalore,MTech,Tier 3,Consulting,MNC,Male,0.0,23.0,3.55,3,2443837.0,221168.0,2665005.0
Backend Developer,Mumbai,BTech,Tier 3,E-Commerce,Mid-size,Male,5.0,27.0,2.78,9,2500651.0,562848.0,3063499.0
Backend Developer,Mumbai,BTech,Tier 2,Manufacturing,Startup,Male,1.4,26.0,4.5,4,1667202.0,163377.0,1830579.0
Data Analyst,Kolkata,BTech,Tier 2,IT Services,Startup,Male,2.9,24.0,5.0,7,1460663.0,138878.0,1599541.0
Data Analyst,Kolkata,BTech,Tier 3,EdTech,MNC,Female,10.4,34.0,2.72,8,1623244.0,222654.0,1845898.0
Backend Developer,Ahmedabad,BTech,Tier 1,Product Based,Mid-size,Male,10.8,32.0,4.29,4,2806166.0,272730.0,3078896.0
Data Scientist,Remote,BTech,Tier 3,E-Commerce,MNC,Female,11.6,33.0,3.39,9,2828319.0,318629.0,3146948.0
AI Engineer,Bangalore,BTech,Tier 1,Consulting,Mid-size,Male,5.2,28.0,3.49,4,3660235.0,740682.0,4400917.0
HR Manager,Mumbai,MTech,Tier 1,EdTech,Startup,Male,7.3,30.0,4.01,4,2647486.0,217633.0,2865119.0
Frontend Developer,Delhi NCR,MTech,Tier 2,Consulting,Mid-size,Female,0.0,20.0,3.28,6,1705798.0,295430.0,2001229.0
Software Engineer,Jaipur,PhD,Tier 2,EdTech,MNC,Male,13.0,35.0,4.36,3,2493986.0,408715.0,2902700.0
Product Manager,Chennai,BTech,Tier 1,Product Based,Mid-size,Male,6.1,26.0,4.29,5,4016928.0,319498.0,4336426.0
Frontend Developer,Hyderabad,BTech,Tier 3,Consulting,Mid-size,Male,6.5,29.0,4.54,8,1947579.0,199995.0,2147575.0
DevOps Engineer,Delhi NCR,MBA,Tier 3,E-Commerce,Startup,Male,8.9,33.0,4.28,6,3042072.0,699533.0,3741605.0
DevOps Engineer,Hyderabad,,Tier 2,Product Based,Mid-size,Female,1.8,27.0,4.05,2,2551966.0,198487.0,2750453.0
Financial Analyst,Delhi NCR,BTech,Tier 2,E-Commerce,MNC,Male,1.9,27.0,2.85,4,1965952.0,228383.0,2194335.0
Chartered Accountant,Ahmedabad,MTech,Tier 3,IT Services,Startup,Male,2.9,28.0,3.51,3,1607872.0,272830.0,1880702.0
AI Engineer,Bangalore,MTech,Tier 1,Product Based,Mid-size,Male,10.1,35.0,1.93,7,5064696.0,309819.0,5374515.0
Frontend Developer,Ahmedabad,BTech,Tier 1,EdTech,Mid-size,Male,3.7,27.0,3.1,3,1310412.0,295741.0,1606153.0
Data Scientist,Chennai,BTech,Tier 2,Product Based,Startup,Female,5.8,30.0,3.75,6,2208993.0,113696.0,2322688.0
HR Manager,Remote,BTech,Tier 1,FinTech,Startup,Male,12.0,33.0,3.25,13,3111675.0,481113.0,3592788.0
Product Manager,Chennai,MBA,Tier 1,FinTech,Mid-size,Male,0.4,25.0,4.79,4,3909547.0,502158.0,4411705.0
Software Engineer,Hyderabad,BTech,Tier 1,Manufacturing,Startup,Male,4.2,26.0,4.38,9,2258800.0,187412.0,2446212.0
Financial Analyst,Hyderabad,BTech,Tier 3,Product Based,MNC,Female,2.4,26.0,2.89,4,2395355.0,560590.0,2955945.0
Marketing Manager,Ahmedabad,BTech,Tier 3,Consulting,Startup,Female,0.7,23.0,3.75,5,1111807.0,108393.0,1220200.0
Chartered Accountant,Remote,PhD,Tier 3,EdTech,MNC,Female,0.0,23.0,2.9,7,1696820.0,239212.0,1936032.0
Data Scientist,Jaipur,,Tier 3,EdTech,MNC,Male,2.9,25.0,3.5,6,1441869.0,330976.0,1772845.0
Data Scientist,Pune,,Tier 2,E-Commerce,MNC,Male,11.0,37.0,3.51,4,3658320.0,764409.0,11687932.497583423
Financial Analyst,Bangalore,BTech,Tier 3,EdTech,MNC,Male,3.7,28.0,3.29,5,1963568.0,400400.0,2363968.0
Financial Analyst,Kolkata,MTech,Tier 3,Product Based,Startup,Male,0.2,22.0,4.39,5,1520825.0,169859.0,1690685.0
Chartered Accountant,Kolkata,BTech,Tier 2,FinTech,MNC,Female,2.1,25.0,2.45,4,1972442.0,143396.0,2115838.0
Software Engineer,Chennai,BTech,Tier 3,Product Based,Mid-size,Female,0.0,21.0,4.44,5,1524282.0,162069.0,1686350.0
Product Manager,Mumbai,MTech,Tier 3,Consulting,Startup,Male,0.0,22.0,3.27,3,2270253.0,199846.0,2470098.0
AI Engineer,Chennai,BTech,Tier 3,Product Based,MNC,Male,11.6,36.0,3.74,4,3690912.0,735572.0,4426484.0
HR Manager,Mumbai,MBA,Tier 2,IT Services,MNC,Male,0.0,22.0,3.08,8,2047360.0,402834.0,2450194.0
Software Engineer,Chennai,MTech,Tier 1,Consulting,Startup,Female,11.3,34.0,4.21,4,2760206.0,395724.0,3155930.0
Backend Developer,Ahmedabad,BTech,Tier 2,FinTech,Mid-size,Male,12.8,31.0,,2,2046424.0,139186.0,2185610.0
DevOps Engineer,Ahmedabad,BTech,Tier 2,EdTech,Mid-size,Male,4.5,29.0,3.67,4,1647197.0,353130.0,2000327.0
Chartered Accountant,Mumbai,MTech,Tier 3,Product Based,Mid-size,Male,6.0,31.0,3.47,8,3300208.0,453426.0,3753634.0
Product Manager,Mumbai,PhD,Tier 3,EdTech,Startup,Male,8.8,36.0,2.64,4,3153695.0,428680.0,3582375.0
HR Manager,Kolkata,MTech,Tier 3,IT Services,Startup,Male,8.1,33.0,3.5,3,1615909.0,112762.0,1728671.0
DevOps Engineer,Ahmedabad,BTech,Tier 2,IT Services,MNC,Female,7.5,29.0,,5,2055202.0,490499.0,2545701.0
Chartered Accountant,Jaipur,MBA,Tier 2,Consulting,Mid-size,Male,7.9,29.0,2.78,12,2189201.0,481419.0,2670620.0
Product Manager,Remote,,Tier 3,E-Commerce,Startup,Male,0.0,22.0,4.17,4,1931038.0,269523.0,2200561.0
HR Manager,Mumbai,BTech,Tier 3,E-Commerce,Mid-size,Male,2.4,24.0,4.31,4,2080297.0,275422.0,2355719.0
AI Engineer,Ahmedabad,BTech,Tier 1,Manufacturing,Startup,Male,5.6,26.0,3.16,4,1923376.0,468264.0,2391640.0
Frontend Developer,Jaipur,PhD,Tier 3,Manufacturing,Startup,Male,0.0,21.0,3.36,4,1084011.0,102897.0,1186908.0
Chartered Accountant,Bangalore,MBA,Tier 2,FinTech,Startup,Male,6.1,28.0,3.28,8,3511223.0,790427.0,4301650.0
DevOps Engineer,Remote,BTech,Tier 2,FinTech,MNC,Male,0.0,21.0,3.95,7,2291684.0,138120.0,2429804.0
HR Manager,Delhi NCR,BTech,Tier 2,Consulting,Mid-size,Female,5.0,28.0,3.56,4,1769019.0,303022.0,2072041.0
Data Scientist,Remote,BTech,Tier 2,Consulting,Mid-size,Male,0.0,25.0,2.8,1,1264539.0,106087.0,1370626.0
Data Scientist,Chennai,BTech,Tier 2,Consulting,Mid-size,Female,7.4,34.0,3.89,2,2062076.0,401703.0,2463779.0
Frontend Developer,Mumbai,,Tier 3,Manufacturing,Mid-size,Female,9.7,33.0,1.38,8,1740018.0,343978.0,2083997.0
Frontend Developer,Hyderabad,MBA,Tier 3,E-Commerce,MNC,Male,1.9,26.0,3.73,4,2316160.0,204103.0,2520263.0
Backend Developer,Jaipur,,Tier 3,Consulting,MNC,Female,5.1,31.0,2.01,2,1971462.0,248887.0,2220349.0
Data Analyst,Mumbai,BTech,Tier 3,Manufacturing,Startup,Female,2.1,24.0,2.93,12,1367723.0,302783.0,1670505.0
Data Analyst,Mumbai,BTech,Tier 3,E-Commerce,Mid-size,Female,9.5,31.0,3.09,3,1912016.0,131745.0,2043761.0
Software Engineer,Bangalore,MBA,Tier 2,E-Commerce,Startup,Male,1.5,25.0,5.0,5,2766718.0,365632.0,3132350.0
Financial Analyst,Ahmedabad,BTech,Tier 2,FinTech,MNC,Female,5.4,26.0,2.87,4,1997831.0,219368.0,2217199.0
Software Engineer,Remote,MTech,Tier 2,Product Based,Mid-size,Male,5.2,31.0,3.72,6,2417483.0,170590.0,2588072.0
Chartered Accountant,Jaipur,BTech,Tier 1,IT Services,Startup,Male,0.1,23.0,4.36,9,1627846.0,386339.0,2014185.0
DevOps Engineer,Remote,BTech,Tier 3,FinTech,Mid-size,Male,1.9,24.0,3.4,6,1927446.0,360059.0,2287506.0
Product Manager,Jaipur,BTech,Tier 3,Manufacturing,MNC,Male,2.9,27.0,3.4,4,1832540.0,402153.0,2234693.0
Financial Analyst,Hyderabad,BTech,Tier 3,E-Commerce,MNC,Male,2.5,23.0,2.98,7,2369531.0,537031.0,2906562.0
Data Scientist,Remote,BTech,Tier 3,FinTech,MNC,Female,5.6,29.0,3.69,4,2465559.0,140590.0,2606149.0
DevOps Engineer,Kolkata,BTech,Tier 3,E-Commerce,Mid-size,Male,15.9,42.0,3.57,10,2276302.0,256371.0,2532672.0
Chartered Accountant,Ahmedabad,BTech,Tier 2,IT Services,MNC,Female,6.3,29.0,2.98,6,1812669.0,210031.0,2022699.0
Data Analyst,Mumbai,BTech,Tier 2,Manufacturing,Mid-size,Female,3.4,25.0,2.86,4,1474213.0,347791.0,1822004.0
Backend Developer,Bangalore,,Tier 2,Consulting,Startup,Male,4.4,27.0,3.82,5,2824110.0,233394.0,3057504.0
Software Engineer,Pune,MBA,Tier 1,FinTech,MNC,Male,0.0,25.0,1.98,8,3013387.0,177128.0,3190515.0
Software Engineer,Kolkata,BTech,Tier 3,FinTech,Mid-size,Male,3.6,26.0,3.21,3,1722101.0,199145.0,1921246.0
DevOps Engineer,Ahmedabad,MTech,Tier 2,Product Based,Mid-size,Male,2.5,27.0,,5,2544056.0,291686.0,2835743.0
Data Analyst,Kolkata,MTech,Tier 2,Manufacturing,Startup,Male,3.5,31.0,3.06,3,1229397.0,88617.0,1318014.0
Data Analyst,Mumbai,BTech,Tier 3,Manufacturing,MNC,Female,6.9,34.0,2.35,8,1808365.0,381398.0,2189764.0
Software Engineer,Hyderabad,BTech,Tier 3,Consulting,Mid-size,Male,3.6,26.0,4.14,4,1837893.0,174184.0,2012076.0
Product Manager,Bangalore,BTech,Tier 2,E-Commerce,MNC,Male,0.0,22.0,4.05,2,3082255.0,686525.0,3768780.0
Business Analyst,Pune,BTech,Tier 3,IT Services,Startup,Male,8.9,32.0,3.37,6,1723466.0,416418.0,2139884.0
Marketing Manager,Ahmedabad,BTech,Tier 3,Product Based,MNC,Female,5.7,28.0,4.31,7,2491992.0,440649.0,2932640.0
Financial Analyst,Delhi NCR,BTech,Tier 2,EdTech,Startup,Female,9.3,32.0,4.79,5,1925109.0,228873.0,2153982.0
Frontend Developer,Pune,BTech,Tier 1,Consulting,Mid-size,Male,4.2,28.0,2.48,8,2214488.0,510914.0,2725402.0
Data Analyst,Chennai,MBA,Tier 3,IT Services,MNC,Male,4.9,27.0,2.74,4,2151746.0,357049.0,2508795.0
Backend Developer,Delhi NCR,BTech,Tier 2,FinTech,Mid-size,Male,4.7,28.0,2.4,6,2570371.0,629502.0,3199873.0
DevOps Engineer,Delhi NCR,BTech,Tier 3,IT Services,Mid-size,Male,0.6,21.0,3.36,2,1447062.0,118154.0,1565216.0
AI Engineer,Delhi NCR,BTech,Tier 2,Product Based,MNC,Male,2.7,23.0,,6,3721142.0,286642.0,4007784.0
Software Engineer,Bangalore,BTech,Tier 2,FinTech,Startup,Male,14.5,37.0,3.3,5,2983715.0,399372.0,3383087.0
AI Engineer,Remote,BTech,Tier 3,Manufacturing,MNC,Female,3.5,25.0,3.78,2,1962739.0,332929.0,2295668.0
Backend Developer,Jaipur,BTech,Tier 1,IT Services,Mid-size,Male,2.1,26.0,2.87,7,1681674.0,267805.0,1949480.0
Financial Analyst,Remote,BTech,Tier 3,Product Based,Mid-size,Male,11.0,33.0,3.41,1,2084492.0,422713.0,2507205.0
Data Analyst,Mumbai,,Tier 2,FinTech,MNC,Female,7.7,31.0,3.8,5,3199797.0,447976.0,3647773.0
Frontend Developer,Hyderabad,BTech,Tier 3,Product Based,Startup,Male,4.7,31.0,2.72,4,1858197.0,299492.0,2157689.0
Backend Developer,Delhi NCR,BTech,Tier 1,E-Commerce,Startup,Male,0.0,25.0,4.34,2,1724803.0,187097.0,1911901.0
Product Manager,Delhi NCR,BTech,Tier 2,Manufacturing,Mid-size,Male,10.0,30.0,5.0,7,2783851.0,467832.0,3251683.0
Data Scientist,Pune,PhD,Tier 2,Product Based,MNC,Male,9.0,32.0,4.85,6,4368445.0,891221.0,5259665.0
Frontend Developer,Delhi NCR,BTech,Tier 1,E-Commerce,MNC,Male,2.4,25.0,2.68,3,2556956.0,488841.0,3045797.0
Backend Developer,Jaipur,MBA,Tier 3,E-Commerce,MNC,Male,0.0,25.0,2.75,3,1387918.0,111445.0,1499362.0
Marketing Manager,Delhi NCR,BTech,Tier 3,E-Commerce,MNC,Male,8.2,34.0,3.17,5,2823929.0,290530.0,3114459.0
Product Manager,Pune,BTech,Tier 3,E-Commerce,MNC,Male,0.0,22.0,4.21,6,2762534.0,230149.0,7908754.276073766
Software Engineer,Jaipur,PhD,Tier 2,Consulting,Startup,Female,7.0,29.0,3.23,6,2128362.0,326692.0,2455054.0
Data Scientist,Hyderabad,BTech,Tier 3,Product Based,Mid-size,Male,6.6,30.0,2.42,7,2385157.0,283215.0,2668371.0
Product Manager,Kolkata,BTech,Tier 3,IT Services,Startup,Female,4.8,27.0,3.39,7,1700550.0,248529.0,1949079.0
Data Scientist,Chennai,BTech,Tier 3,E-Commerce,Startup,Male,7.4,34.0,3.63,4,1945481.0,243681.0,2189162.0
Software Engineer,Ahmedabad,BTech,Tier 2,Manufacturing,Startup,Male,4.9,27.0,2.95,3,1097202.0,74082.0,1171284.0
HR Manager,Kolkata,BTech,Tier 3,Product Based,MNC,Female,7.5,32.0,3.78,3,2216358.0,115131.0,2331489.0
DevOps Engineer,Delhi NCR,MBA,Tier 2,Manufacturing,Startup,Female,8.1,28.0,3.29,7,2508936.0,134234.0,2643169.0
Data Scientist,Pune,BTech,Tier 2,FinTech,MNC,Female,2.0,27.0,2.49,4,2429220.0,315770.0,2744990.0
DevOps Engineer,Pune,MBA,Tier 2,Product Based,MNC,Male,5.0,27.0,,2,3697594.0,595126.0,4292720.0
Chartered Accountant,Bangalore,PhD,Tier 2,EdTech,Mid-size,Male,13.8,36.0,2.41,4,3114277.0,570235.0,3684511.0
Product Manager,Hyderabad,BTech,Tier 2,IT Services,Mid-size,Male,2.3,25.0,3.2,5,2492819.0,414566.0,2907385.0
HR Manager,Ahmedabad,BTech,Tier 3,Product Based,Mid-size,Male,6.7,27.0,2.67,7,2069517.0,325675.0,2395191.0
Business Analyst,Chennai,BTech,Tier 3,IT Services,MNC,Female,2.8,25.0,4.8,6,1560307.0,191113.0,1751420.0
Marketing Manager,Kolkata,BTech,Tier 3,FinTech,Startup,Male,0.8,24.0,3.7,6,1330787.0,110470.0,1441257.0
HR Manager,Hyderabad,MBA,Tier 2,E-Commerce,Startup,Male,2.1,24.0,2.07,3,2004298.0,276849.0,2281147.0
Chartered Accountant,Chennai,BTech,Tier 2,Consulting,MNC,Male,4.1,28.0,2.88,4,2301288.0,355602.0,2656890.0
Data Scientist,Kolkata,BTech,Tier 2,Manufacturing,Mid-size,Male,8.7,35.0,3.02,2,1678817.0,97954.0,1776771.0
AI Engineer,Chennai,BTech,Tier 3,E-Commerce,MNC,Male,7.4,31.0,3.08,7,3115066.0,591812.0,3706878.0
Business Analyst,Remote,,Tier 3,Manufacturing,MNC,Male,0.1,24.0,3.09,8,1011419.0,59781.0,1071200.0
Backend Developer,Mumbai,MTech,Tier 2,Manufacturing,MNC,Male,3.3,30.0,4.59,6,2698909.0,630606.0,3329515.0
AI Engineer,Delhi NCR,MTech,Tier 3,Manufacturing,Startup,Male,9.5,36.0,4.08,1,1963098.0,340217.0,2303314.0
HR Manager,Chennai,MTech,Tier 2,Product Based,Mid-size,Male,1.6,26.0,4.12,6,2279720.0,195776.0,2475495.0
Chartered Accountant,Jaipur,MBA,Tier 3,EdTech,Startup,Male,6.2,28.0,3.58,4,1729390.0,232171.0,1961560.0
Software Engineer,Hyderabad,BTech,Tier 3,Manufacturing,Startup,Female,6.5,34.0,3.07,6,1586439.0,312207.0,1898646.0
Backend Developer,Pune,BTech,Tier 2,Product Based,Mid-size,Male,3.0,26.0,5.0,3,2058586.0,231725.0,2290310.0
Software Engineer,Remote,,Tier 2,Consulting,Mid-size,Female,6.7,29.0,3.28,2,1827190.0,244475.0,2071665.0
HR Manager,Pune,BTech,Tier 3,E-Commerce,Startup,Male,1.9,25.0,2.98,6,1483066.0,167814.0,1650880.0
Backend Developer,Ahmedabad,MBA,Tier 3,Product Based,MNC,Male,5.6,31.0,2.95,4,2370272.0,318586.0,2688858.0
Frontend Developer,Jaipur,MBA,Tier 2,Manufacturing,MNC,Male,6.9,31.0,3.34,3,1886392.0,365968.0,2252361.0
HR Manager,Ahmedabad,BTech,Tier 2,E-Commerce,Startup,Female,3.5,29.0,,2,1213587.0,73375.0,1286962.0
Backend Developer,Remote,MBA,Tier 2,Product Based,Mid-size,Male,2.4,25.0,4.3,3,2489431.0,282722.0,2772153.0
Business Analyst,Remote,BTech,Tier 2,EdTech,Mid-size,Male,6.8,27.0,3.87,6,1667099.0,390081.0,2057180.0
Marketing Manager,Ahmedabad,BTech,Tier 3,E-Commerce,Mid-size,Female,9.5,31.0,3.29,6,1613799.0,99864.0,1713663.0
Backend Developer,Kolkata,MTech,Tier 2,Consulting,MNC,Female,3.8,27.0,3.0,7,2451695.0,383575.0,2835271.0
Software Engineer,Kolkata,BTech,Tier 1,FinTech,MNC,Male,0.0,23.0,1.83,3,1950313.0,271406.0,2221720.0
Product Manager,Ahmedabad,MTech,Tier 2,E-Commerce,Mid-size,Female,6.9,33.0,5.0,7,2855662.0,144607.0,3000269.0
Chartered Accountant,Delhi NCR,MBA,Tier 2,E-Commerce,Mid-size,Male,0.0,22.0,4.52,5,2363720.0,347716.0,2711436.0
Financial Analyst,Chennai,BTech,Tier 3,Manufacturing,Startup,Male,1.3,23.0,3.2,3,847852.0,79240.0,927092.0
HR Manager,Pune,BTech,Tier 2,Product Based,Mid-size,Female,6.8,31.0,2.27,2,1995264.0,402880.0,2398145.0
Software Engineer,Bangalore,BTech,Tier 1,Consulting,MNC,Male,2.2,26.0,4.01,3,2883202.0,481223.0,3364425.0
Backend Developer,Hyderabad,BTech,Tier 1,Manufacturing,MNC,Female,0.0,24.0,4.24,7,2018685.0,496343.0,2515029.0
Software Engineer,Bangalore,MTech,Tier 3,Consulting,MNC,Male,9.0,37.0,2.73,6,3516577.0,449658.0,3966235.0
Chartered Accountant,Chennai,BTech,Tier 2,FinTech,MNC,Female,9.2,34.0,2.08,9,3097284.0,472746.0,3570030.0
Marketing Manager,Delhi NCR,MBA,Tier 2,Product Based,MNC,Male,3.7,26.0,2.77,8,3696537.0,890308.0,4586846.0
Data Analyst,Delhi NCR,BTech,Tier 1,Product Based,Mid-size,Female,9.5,35.0,,4,3190834.0,681504.0,3872338.0
Financial Analyst,Hyderabad,,Tier 2,FinTech,Startup,Male,4.7,30.0,3.48,4,2441341.0,370251.0,2811592.0
Frontend Developer,Mumbai,,Tier 3,FinTech,Mid-size,Male,7.2,30.0,,5,2846090.0,247031.0,3093121.0
HR Manager,Pune,MTech,Tier 2,FinTech,MNC,Male,10.4,32.0,3.46,7,3359120.0,266389.0,3625509.0
DevOps Engineer,Bangalore,MBA,Tier 1,EdTech,Startup,Male,7.8,30.0,3.27,5,3281078.0,668122.0,10436538.847272003
Business Analyst,Ahmedabad,BTech,Tier 2,E-Commerce,MNC,Female,2.1,23.0,3.96,8,2066596.0,105697.0,2172293.0
DevOps Engineer,Chennai,MTech,Tier 3,FinTech,Mid-size,Male,5.5,31.0,3.83,6,2575068.0,373873.0,2948941.0
DevOps Engineer,Hyderabad,MBA,Tier 3,Product Based,Mid-size,Female,9.9,33.0,3.13,4,2912463.0,389867.0,3302330.0
Financial Analyst,Mumbai,BTech,Tier 3,FinTech,Startup,Male,3.5,28.0,2.76,5,1848361.0,198901.0,2047263.0
Frontend Developer,Delhi NCR,,Tier 2,Consulting,Startup,Male,4.0,22.0,,1,1767248.0,402317.0,2169565.0
AI Engineer,Hyderabad,BTech,Tier 3,Consulting,Mid-size,Female,10.9,34.0,3.55,4,2865930.0,152229.0,3018159.0
Marketing Manager,Chennai,MBA,Tier 3,EdTech,MNC,Male,10.8,34.0,3.42,6,2628328.0,384451.0,3012779.0
DevOps Engineer,Hyderabad,MTech,Tier 3,IT Services,Startup,Male,6.6,31.0,4.51,5,2390701.0,527408.0,2918109.0
Data Scientist,Bangalore,MTech,Tier 3,FinTech,Startup,Female,6.5,25.0,4.57,4,2997027.0,157638.0,3154664.0
Financial Analyst,Kolkata,BTech,Tier 1,Product Based,Mid-size,Female,1.2,22.0,3.89,2,1862236.0,162812.0,2025048.0
Data Scientist,Pune,BTech,Tier 2,Manufacturing,MNC,Female,9.0,31.0,2.75,8,2388441.0,296403.0,2684844.0
DevOps Engineer,Bangalore,BTech,Tier 3,Product Based,MNC,Female,3.8,27.0,3.2,3,3058852.0,246664.0,3305516.0
Software Engineer,Chennai,PhD,Tier 2,Manufacturing,Startup,Male,1.6,28.0,3.11,5,1714951.0,332395.0,2047346.0
Product Manager,Pune,BTech,Tier 2,EdTech,Mid-size,Female,5.7,30.0,2.43,4,2222565.0,262762.0,2485327.0
Marketing Manager,Pune,BTech,Tier 2,Product Based,Startup,Male,0.2,21.0,3.17,4,1496157.0,314599.0,1810755.0
Chartered Accountant,Jaipur,MTech,Tier 3,EdTech,Startup,Male,5.5,26.0,3.62,7,1460177.0,106262.0,1566439.0
Backend Developer,Jaipur,BTech,Tier 2,Consulting,MNC,Female,6.3,30.0,3.24,4,2086369.0,427055.0,2513424.0
Chartered Accountant,Chennai,MBA,Tier 2,EdTech,MNC,Female,0.6,26.0,4.29,1,1923202.0,271977.0,2195179.0
AI Engineer,Hyderabad,BTech,Tier 3,Consulting,Mid-size,Male,0.0,22.0,3.95,3,1765458.0,347310.0,2112768.0
AI Engineer,Jaipur,BTech,Tier 2,IT Services,MNC,Female,6.9,32.0,4.4,5,2362713.0,482367.0,2845080.0
Marketing Manager,Jaipur,BTech,Tier 1,Consulting,MNC,Male,0.2,26.0,4.2,4,1775591.0,316606.0,2092197.0
DevOps Engineer,Pune,BTech,Tier 1,EdTech,Mid-size,Male,3.0,26.0,3.53,5,2134979.0,142589.0,2277568.0
Frontend Developer,Jaipur,,Tier 2,FinTech,Startup,Female,8.6,35.0,,8,1958507.0,132869.0,2091376.0
Product Manager,Pune,BTech,Tier 3,EdTech,Mid-size,Male,4.3,28.0,2.56,5,2370894.0,152443.0,2523337.0
Marketing Manager,Chennai,BTech,Tier 3,FinTech,MNC,Male,9.7,35.0,2.55,6,2602366.0,215634.0,2818000.0
Frontend Developer,Remote,BTech,Tier 3,Consulting,MNC,Male,8.0,27.0,4.2,7,2451985.0,358111.0,2810095.0
Product Manager,Pune,MTech,Tier 3,Manufacturing,Mid-size,Female,10.5,31.0,,3,2523972.0,294839.0,2818811.0
Software Engineer,Pune,MBA,Tier 2,Manufacturing,Mid-size,Male,10.0,32.0,3.84,8,2537827.0,526029.0,3063856.0
DevOps Engineer,Jaipur,BTech,Tier 1,EdTech,Mid-size,Male,5.3,23.0,3.98,8,2077949.0,395219.0,2473169.0
Product Manager,Hyderabad,PhD,Tier 2,Product Based,MNC,Male,0.9,24.0,2.84,4,4715070.0,870391.0,5585460.0
Product Manager,Mumbai,,Tier 1,Product Based,Startup,Male,0.0,21.0,3.59,2,3276286.0,501879.0,3778165.0
DevOps Engineer,Mumbai,BTech,Tier 2,Manufacturing,Startup,Female,5.9,26.0,3.49,6,2064666.0,341862.0,2406529.0
HR Manager,Pune,BTech,Tier 3,E-Commerce,MNC,Male,3.0,29.0,4.48,3,2407841.0,258595.0,2666435.0
Marketing Manager,Kolkata,BTech,Tier 1,Product Based,Startup,Male,8.2,34.0,4.7,3,2637928.0,266929.0,2904857.0
Chartered Accountant,Hyderabad,,Tier 2,FinTech,MNC,Male,1.0,22.0,4.04,3,3075815.0,446120.0,3521936.0
HR Manager,Jaipur,BTech,Tier 2,IT Services,MNC,Male,4.8,29.0,3.93,3,1518373.0,270151.0,1788525.0
Chartered Accountant,Ahmedabad,MBA,Tier 1,Consulting,MNC,Male,0.1,22.0,3.58,4,2471310.0,295507.0,2766817.0
DevOps Engineer,Pune,BTech,Tier 3,Product Based,Mid-size,Male,0.0,23.0,2.27,5,1813674.0,278690.0,2092365.0
Business Analyst,Jaipur,MTech,Tier 3,IT Services,Startup,Male,2.4,28.0,3.34,3,1162701.0,242644.0,1405345.0
Software Engineer,Remote,,Tier 2,Product Based,Startup,Male,1.4,28.0,2.05,3,1455926.0,316486.0,1772412.0
Marketing Manager,Ahmedabad,BTech,Tier 1,Manufacturing,Mid-size,Male,7.5,28.0,,2,1507005.0,202976.0,1709981.0
Frontend Developer,Chennai,BTech,Tier 1,IT Services,Startup,Male,8.2,30.0,2.76,6,2364861.0,165681.0,2530541.0
DevOps Engineer,Mumbai,BTech,Tier 2,Consulting,MNC,Female,8.3,30.0,4.0,4,3084193.0,342057.0,3426250.0
AI Engineer,Pune,BTech,Tier 3,E-Commerce,Mid-size,Female,10.2,35.0,3.7,4,2673678.0,258996.0,2932673.0
Data Analyst,Chennai,MBA,Tier 3,Manufacturing,Startup,Male,13.3,35.0,5.0,3,1492057.0,119582.0,1611639.0
Software Engineer,Hyderabad,,Tier 3,Product Based,Mid-size,Male,0.8,23.0,3.91,1,1621603.0,353147.0,1974750.0
Backend Developer,Ahmedabad,BTech,Tier 2,E-Commerce,Startup,Female,7.4,30.0,4.0,4,1742273.0,386077.0,2128349.0
DevOps Engineer,Jaipur,BTech,Tier 3,Product Based,Mid-size,Male,6.0,30.0,2.43,9,2104215.0,125112.0,2229327.0
Marketing Manager,Chennai,BTech,Tier 1,EdTech,MNC,Female,5.5,28.0,2.84,5,2125166.0,372376.0,2497542.0
Frontend Developer,Remote,BTech,Tier 3,Consulting,Startup,Female,5.6,27.0,3.63,6,1617033.0,380746.0,1997778.0
Financial Analyst,Hyderabad,MTech,Tier 3,Manufacturing,Startup,Male,0.0,21.0,2.67,4,1244167.0,88013.0,1332180.0
Business Analyst,Ahmedabad,BTech,Tier 3,FinTech,MNC,Male,5.7,28.0,2.82,4,1956794.0,448020.0,2404814.0
Marketing Manager,Remote,BTech,Tier 2,IT Services,Mid-size,Male,0.0,22.0,2.96,5,1073064.0,129013.0,1202077.0
Chartered Accountant,Bangalore,BTech,Tier 2,Product Based,Mid-size,Female,4.1,27.0,3.85,5,2573783.0,461858.0,3035641.0
HR Manager,Delhi NCR,MTech,Tier 2,EdTech,MNC,Male,2.9,26.0,3.54,9,2376246.0,251300.0,2627547.0
Marketing Manager,Mumbai,BTech,Tier 2,Consulting,MNC,Male,1.7,24.0,2.23,7,2351502.0,467083.0,2818584.0
Chartered Accountant,Bangalore,BTech,Tier 2,E-Commerce,Startup,Female,7.0,26.0,4.15,5,2627583.0,227496.0,2855079.0
Marketing Manager,Remote,BTech,Tier 3,E-Commerce,Startup,Male,10.0,32.0,3.32,2,1767053.0,98769.0,1865822.0
Financial Analyst,Mumbai,PhD,Tier 2,E-Commerce,MNC,Female,0.3,20.0,3.58,4,2257901.0,551226.0,2809127.0
Frontend Developer,Hyderabad,MTech,Tier 2,Manufacturing,Startup,Male,5.9,31.0,3.97,6,1690569.0,92786.0,1783355.0
Chartered Accountant,Mumbai,MTech,Tier 1,Manufacturing,Mid-size,Male,4.4,27.0,3.09,3,2180111.0,458939.0,2639049.0
Product Manager,Pune,BTech,Tier 1,Product Based,MNC,Female,5.8,29.0,2.94,3,4652927.0,973680.0,5626607.0
Frontend Developer,Bangalore,BTech,Tier 3,EdTech,Mid-size,Male,0.4,22.0,3.34,5,1248421.0,135005.0,3655973.0463859187
Frontend Developer,Delhi NCR,MTech,Tier 3,Product Based,Startup,Female,0.0,26.0,2.6,5,1789045.0,440482.0,2229527.0
DevOps Engineer,Jaipur,BTech,Tier 2,Product Based,Mid-size,Female,7.1,33.0,3.62,3,2132524.0,369091.0,2501615.0
Data Analyst,Chennai,MBA,Tier 2,Product Based,Startup,Female,7.5,28.0,2.9,5,2263167.0,536018.0,2799185.0
Financial Analyst,Chennai,BTech,Tier 1,IT Services,Startup,Male,5.3,26.0,4.46,3,1999561.0,432023.0,2431584.0
Business Analyst,Hyderabad,BTech,Tier 2,Consulting,Mid-size,Female,7.9,27.0,2.23,3,1560846.0,129342.0,1690188.0
Business Analyst,Remote,BTech,Tier 2,FinTech,Startup,Male,3.9,26.0,2.74,5,1719086.0,306980.0,2026066.0
Chartered Accountant,Remote,BTech,Tier 3,IT Services,Mid-size,Female,4.9,29.0,3.66,6,1752746.0,206006.0,1958753.0
Backend Developer,Ahmedabad,MTech,Tier 3,Product Based,Mid-size,Female,3.4,28.0,2.7,2,1914715.0,313207.0,2227922.0
Frontend Developer,Jaipur,BTech,Tier 1,FinTech,MNC,Female,9.3,33.0,3.61,7,2793814.0,538512.0,3332326.0
AI Engineer,Jaipur,BTech,Tier 2,EdTech,MNC,Female,4.9,29.0,4.46,6,2010533.0,324714.0,2335248.0
Chartered Accountant,Chennai,BTech,Tier 2,Consulting,MNC,Male,4.6,24.0,2.69,3,2456546.0,595737.0,3052283.0
HR Manager,Hyderabad,BTech,Tier 2,FinTech,MNC,Male,5.4,27.0,3.37,7,2899115.0,549245.0,3448360.0
Backend Developer,Kolkata,MBA,Tier 2,FinTech,MNC,Male,6.3,27.0,3.8,3,3256443.0,786717.0,10684846.653939094
Financial Analyst,Remote,MTech,Tier 2,EdTech,MNC,Male,9.7,32.0,,4,2135911.0,246653.0,2382564.0
Data Scientist,Hyderabad,BTech,Tier 3,Consulting,Mid-size,Male,13.1,34.0,4.71,4,2353422.0,123129.0,2476551.0
Data Scientist,Bangalore,BTech,Tier 3,EdTech,Startup,Male,4.7,27.0,3.81,8,1980226.0,305923.0,2286149.0
AI Engineer,Jaipur,BTech,Tier 1,EdTech,Startup,Male,4.7,27.0,4.33,4,1967827.0,185674.0,2153501.0
Business Analyst,Remote,MBA,Tier 2,Product Based,Mid-size,Male,8.6,33.0,3.72,10,2820808.0,331015.0,3151823.0
Financial Analyst,Kolkata,PhD,Tier 3,E-Commerce,Mid-size,Male,1.0,24.0,1.75,1,1713133.0,220255.0,1933388.0
Data Scientist,Kolkata,BTech,Tier 1,E-Commerce,Startup,Male,13.4,40.0,1.7,3,2197577.0,206467.0,2404045.0
AI Engineer,Jaipur,BTech,Tier 2,Manufacturing,Mid-size,Male,9.4,33.0,2.27,6,1790682.0,152346.0,1943028.0
Frontend Developer,Jaipur,,Tier 1,Product Based,Startup,Female,11.1,33.0,3.56,4,2262237.0,323615.0,2585853.0
Frontend Developer,Remote,BTech,Tier 2,FinTech,MNC,Male,13.0,38.0,2.46,3,2609402.0,402804.0,3012207.0
Chartered Accountant,Mumbai,BTech,Tier 1,EdTech,MNC,Male,7.7,31.0,2.96,6,3222609.0,195690.0,3418299.0
Product Manager,Delhi NCR,MBA,Tier 2,EdTech,MNC,Male,14.5,35.0,2.25,7,4091535.0,833886.0,4925422.0
DevOps Engineer,Hyderabad,MBA,Tier 2,EdTech,MNC,Male,4.0,28.0,3.6,6,3019749.0,486819.0,3506569.0
AI Engineer,Delhi NCR,BTech,Tier 3,Product Based,Startup,Male,11.5,35.0,3.47,6,2977671.0,687874.0,3665545.0
Software Engineer,Bangalore,BTech,Tier 2,Manufacturing,Mid-size,Female,0.3,25.0,3.3,5,1446057.0,102000.0,1548057.0
HR Manager,Bangalore,MTech,Tier 2,Product Based,Mid-size,Male,4.7,27.0,3.61,2,2815194.0,627392.0,3442586.0
HR Manager,Mumbai,BTech,Tier 2,IT Services,Mid-size,Male,1.1,27.0,3.7,4,1361138.0,311956.0,1673095.0
Backend Developer,Kolkata,BTech,Tier 2,Product Based,MNC,Male,3.9,23.0,2.79,6,2263091.0,533002.0,2796093.0
HR Manager,Ahmedabad,MBA,Tier 3,FinTech,MNC,Male,4.6,27.0,3.47,3,2108268.0,257499.0,2365767.0
Frontend Developer,Pune,BTech,Tier 3,FinTech,Startup,Male,6.4,31.0,2.01,3,2089902.0,336896.0,2426798.0
Backend Developer,Ahmedabad,MTech,Tier 3,IT Services,MNC,Male,6.4,35.0,4.2,9,2259883.0,180398.0,2440281.0
Backend Developer,Delhi NCR,MBA,Tier 1,Product Based,MNC,Male,0.0,23.0,2.41,3,2918259.0,448526.0,3366786.0
Product Manager,Chennai,BTech,Tier 1,E-Commerce,MNC,Male,4.4,27.0,4.9,7,4306801.0,540459.0,4847260.0
Data Analyst,Pune,BTech,Tier 2,Consulting,Mid-size,Male,0.0,24.0,2.87,4,1064398.0,177639.0,1242037.0
Software Engineer,Hyderabad,MTech,Tier 3,EdTech,MNC,Female,1.3,29.0,2.5,3,1576098.0,390486.0,1966584.0
DevOps Engineer,Ahmedabad,MTech,Tier 3,Product Based,Startup,Female,3.0,24.0,,4,2052543.0,243859.0,2296402.0
Product Manager,Remote,BTech,Tier 3,FinTech,Startup,Male,0.0,25.0,2.76,3,2004338.0,490904.0,2495242.0
Data Scientist,Mumbai,BTech,Tier 3,Manufacturing,Mid-size,Male,7.3,29.0,2.04,4,2172781.0,347655.0,2520436.0
Frontend Developer,Pune,PhD,Tier 2,E-Commerce,MNC,Male,10.8,29.0,3.27,3,3459719.0,571536.0,4031255.0
DevOps Engineer,Ahmedabad,MTech,Tier 2,Manufacturing,Mid-size,Male,6.8,27.0,3.35,8,1751720.0,224077.0,1975797.0
Data Scientist,Kolkata,BTech,Tier 3,Manufacturing,Mid-size,Male,1.3,23.0,2.62,7,1370155.0,177122.0,1547277.0
Data Scientist,Mumbai,BTech,Tier 2,Consulting,Mid-size,Male,0.3,21.0,5.0,2,1790932.0,404119.0,2195052.0
Data Analyst,Remote,MBA,Tier 2,IT Services,MNC,Male,3.7,30.0,3.04,6,1919929.0,224997.0,2144926.0
Data Scientist,Chennai,MTech,Tier 2,Product Based,Mid-size,Male,0.6,23.0,2.75,6,2487328.0,432011.0,2919339.0
Frontend Developer,Mumbai,BTech,Tier 2,IT Services,Startup,Male,8.3,33.0,2.97,10,1980322.0,391731.0,2372053.0
Product Manager,Jaipur,MBA,Tier 2,Consulting,MNC,Male,2.6,27.0,5.0,1,3013661.0,678141.0,3691803.0
Marketing Manager,Kolkata,BTech,Tier 3,Consulting,Mid-size,Male,4.4,24.0,2.76,4,1541402.0,253938.0,1795340.0
Financial Analyst,Bangalore,BTech,Tier 2,E-Commerce,Mid-size,Male,4.5,27.0,3.28,8,2425579.0,204341.0,2629920.0
AI Engineer,Delhi NCR,BTech,Tier 1,Product Based,Mid-size,Female,2.5,24.0,3.24,4,3674998.0,503904.0,4178901.0
Frontend Developer,Chennai,BTech,Tier 1,EdTech,MNC,Female,11.2,37.0,2.62,8,2723392.0,312170.0,3035563.0
Data Analyst,Chennai,BTech,Tier 2,Consulting,Mid-size,Female,1.6,24.0,4.59,5,1526906.0,153477.0,1680383.0
HR Manager,Ahmedabad,BTech,Tier 3,Product Based,Mid-size,Female,4.5,27.0,3.85,4,1753808.0,278083.0,2031891.0
Frontend Developer,Bangalore,BTech,Tier 3,FinTech,MNC,Male,7.9,31.0,4.07,2,3174721.0,362572.0,3537292.0
Financial Analyst,Chennai,MBA,Tier 2,FinTech,Startup,Male,6.1,31.0,2.87,5,2397085.0,172826.0,2569911.0
Product Manager,Remote,MTech,Tier 2,Manufacturing,Mid-size,Female,5.3,25.0,3.07,8,2525674.0,358866.0,2884540.0
Frontend Developer,Chennai,BTech,Tier 1,Consulting,Startup,Female,0.4,23.0,4.24,3,1505053.0,349906.0,1854959.0
Backend Developer,Ahmedabad,MTech,Tier 2,Consulting,MNC,Male,7.9,34.0,4.79,5,2701690.0,216326.0,2918015.0
Product Manager,Jaipur,BTech,Tier 1,E-Commerce,Startup,Male,9.9,29.0,3.9,11,2994678.0,244761.0,3239439.0
HR Manager,Delhi NCR,MTech,Tier 3,E-Commerce,MNC,Male,2.4,26.0,3.45,6,2702801.0,537613.0,3240414.0
DevOps Engineer,Hyderabad,BTech,Tier 3,FinTech,Startup,Male,6.4,31.0,3.8,6,2132533.0,266827.0,2399360.0
Financial Analyst,Mumbai,BTech,Tier 3,Manufacturing,Mid-size,Male,2.7,27.0,,3,1449495.0,194553.0,1644048.0
Financial Analyst,Mumbai,BTech,Tier 3,E-Commerce,Startup,Male,0.0,26.0,3.53,7,1403655.0,312914.0,1716569.0
HR Manager,Remote,MTech,Tier 2,EdTech,Startup,Male,1.6,26.0,3.34,3,1305659.0,224272.0,1529931.0
Backend Developer,Mumbai,MBA,Tier 3,E-Commerce,MNC,Female,9.5,35.0,2.36,9,3412853.0,800192.0,4213045.0
Data Scientist,Remote,BTech,Tier 2,Manufacturing,MNC,Male,3.9,26.0,3.16,4,1747900.0,271668.0,2019568.0
Frontend Developer,Delhi NCR,BTech,Tier 1,Consulting,Mid-size,Male,6.3,28.0,1.78,3,2476488.0,238074.0,2714561.0
Backend Developer,Chennai,,Tier 2,EdTech,Startup,Female,2.4,23.0,2.76,4,1533271.0,239548.0,1772819.0
Financial Analyst,Kolkata,BTech,Tier 3,E-Commerce,Startup,Male,3.3,26.0,4.07,7,1365658.0,68988.0,1434646.0
Financial Analyst,Remote,BTech,Tier 2,EdTech,Mid-size,Male,4.8,34.0,1.99,2,1514073.0,173168.0,1687240.0
Chartered Accountant,Remote,MTech,Tier 3,FinTech,Startup,Female,9.7,33.0,2.66,5,2248216.0,561951.0,2810167.0
Data Scientist,Chennai,MTech,Tier 1,IT Services,MNC,Male,5.3,24.0,2.97,6,3306445.0,497572.0,3804017.0
Business Analyst,Delhi NCR,BTech,Tier 1,Manufacturing,Mid-size,Female,5.4,29.0,3.22,7,1870522.0,167214.0,2037736.0
Marketing Manager,Hyderabad,BTech,Tier 2,Product Based,MNC,Male,10.7,32.0,3.11,5,3332711.0,601586.0,3934298.0
Frontend Developer,Bangalore,BTech,Tier 3,E-Commerce,Mid-size,Female,0.0,23.0,3.39,6,1418957.0,223494.0,1642451.0
Software Engineer,Kolkata,BTech,Tier 2,IT Services,Startup,Female,9.4,30.0,2.72,3,1565990.0,260320.0,1826310.0
Product Manager,Chennai,MTech,Tier 1,E-Commerce,MNC,Female,4.3,30.0,3.23,4,4235165.0,932788.0,5167953.0
Data Analyst,Jaipur,BTech,Tier 2,E-Commerce,Startup,Female,7.0,32.0,2.71,8,1510747.0,219570.0,1730317.0
Chartered Accountant,Remote,BTech,Tier 3,IT Services,MNC,Male,4.6,27.0,4.85,3,2101598.0,181476.0,2283074.0
AI Engineer,Pune,BTech,Tier 2,E-Commerce,Mid-size,Female,3.3,26.0,,5,2484790.0,389047.0,2873838.0
HR Manager,Pune,BTech,Tier 1,Manufacturing,Mid-size,Male,18.2,44.0,3.65,9,2200424.0,381440.0,2581864.0
Data Scientist,Hyderabad,PhD,Tier 3,E-Commerce,Startup,Female,2.6,25.0,3.2,4,2476165.0,386996.0,2863161.0
Chartered Accountant,Pune,BTech,Tier 3,E-Commerce,MNC,Female,9.1,33.0,3.37,4,2456468.0,227059.0,2683527.0
Data Analyst,Kolkata,BTech,Tier 2,IT Services,MNC,Male,0.0,27.0,4.51,3,1202609.0,155105.0,1357715.0
Chartered Accountant,Hyderabad,BTech,Tier 3,Consulting,Mid-size,Female,3.3,28.0,3.16,3,1637238.0,239164.0,1876402.0
Product Manager,Jaipur,MTech,Tier 2,Consulting,Startup,Male,9.6,35.0,3.87,3,2506698.0,199814.0,2706512.0
AI Engineer,Pune,MBA,Tier 1,FinTech,MNC,Male,0.8,23.0,4.04,8,4306605.0,585776.0,4892380.0
AI Engineer,Jaipur,MBA,Tier 3,Manufacturing,Startup,Male,0.8,24.0,3.19,10,1421173.0,114000.0,1535173.0
DevOps Engineer,Kolkata,BTech,Tier 2,IT Services,MNC,Male,4.7,26.0,4.62,4,2241280.0,302304.0,2543584.0
Product Manager,Mumbai,BTech,Tier 2,FinTech,Mid-size,Male,1.4,21.0,2.49,6,3183324.0,781049.0,3964373.0
Backend Developer,Ahmedabad,,Tier 2,Manufacturing,Mid-size,Male,0.0,23.0,2.29,4,826576.0,126271.0,952847.0
Backend Developer,Pune,BTech,Tier 3,Consulting,MNC,Male,5.5,27.0,2.12,7,2240734.0,469619.0,2710353.0
Financial Analyst,Bangalore,MTech,Tier 1,E-Commerce,MNC,Female,2.4,28.0,3.54,7,3522257.0,675374.0,4197631.0
Frontend Developer,Bangalore,BTech,Tier 2,E-Commerce,Mid-size,Female,10.3,32.0,,5,2593794.0,519717.0,3113511.0
Frontend Developer,Delhi NCR,MBA,Tier 2,Manufacturing,Mid-size,Male,6.8,31.0,3.57,4,2322468.0,462242.0,2784710.0
Product Manager,Remote,BTech,Tier 3,Consulting,Startup,Male,10.7,33.0,3.77,5,2245591.0,350446.0,2596037.0
Data Scientist,Chennai,BTech,Tier 3,FinTech,Mid-size,Male,1.1,23.0,4.19,7,1910988.0,388521.0,2299509.0
DevOps Engineer,Chennai,BTech,Tier 2,Consulting,Startup,Female,8.0,34.0,3.03,5,2243257.0,136682.0,2379940.0
AI Engineer,Delhi NCR,BTech,Tier 2,FinTech,Startup,Female,2.4,27.0,4.05,3,2647082.0,436942.0,3084024.0
AI Engineer,Remote,MBA,Tier 1,E-Commerce,Startup,Female,0.0,21.0,2.84,6,2567539.0,272520.0,2840059.0
Financial Analyst,Hyderabad,PhD,Tier 3,Product Based,MNC,Male,4.0,26.0,,5,2946882.0,494101.0,3440983.0
Data Scientist,Remote,BTech,Tier 2,Consulting,Mid-size,Male,11.4,33.0,2.88,10,2880743.0,467184.0,3347927.0
Frontend Developer,Chennai,PhD,Tier 3,E-Commerce,Startup,Male,0.6,24.0,4.39,4,1899626.0,185058.0,2084684.0
Data Scientist,Mumbai,BTech,Tier 3,EdTech,MNC,Female,4.9,30.0,4.15,5,2152052.0,131391.0,2283443.0
DevOps Engineer,Delhi NCR,,Tier 2,Product Based,Mid-size,Male,6.4,27.0,3.02,1,2835844.0,626255.0,3462099.0
Backend Developer,Remote,,Tier 2,Consulting,MNC,Male,0.0,26.0,3.51,6,1872099.0,227852.0,2099951.0
Marketing Manager,Jaipur,BTech,Tier 3,Consulting,Mid-size,Female,11.5,33.0,4.26,9,1709174.0,121182.0,1830356.0
Frontend Developer,Mumbai,BTech,Tier 3,Manufacturing,MNC,Male,2.4,25.0,,5,1665086.0,226612.0,1891699.0
Chartered Accountant,Mumbai,BTech,Tier 3,E-Commerce,Startup,Male,0.6,24.0,2.14,10,1841311.0,330167.0,2171478.0
Data Scientist,Ahmedabad,BTech,Tier 2,IT Services,Startup,Male,5.6,31.0,2.44,3,1565954.0,198826.0,1764780.0
Marketing Manager,Jaipur,MBA,Tier 1,Product Based,MNC,Male,7.7,30.0,3.74,3,3330266.0,466022.0,3796287.0
Financial Analyst,Ahmedabad,BTech,Tier 1,Manufacturing,MNC,Male,6.9,29.0,3.52,8,2299766.0,378230.0,2677996.0
Software Engineer,Ahmedabad,BTech,Tier 3,E-Commerce,Startup,Male,3.0,24.0,4.06,7,1545692.0,377118.0,1922810.0
Software Engineer,Delhi NCR,,Tier 3,Consulting,Mid-size,Male,8.0,28.0,2.62,2,2264895.0,330325.0,2595221.0
Financial Analyst,Ahmedabad,PhD,Tier 2,Manufacturing,Mid-size,Male,0.4,23.0,,5,1252085.0,275384.0,1527469.0
DevOps Engineer,Chennai,BTech,Tier 2,FinTech,MNC,Male,3.2,24.0,2.4,3,2760210.0,479328.0,3239539.0
Marketing Manager,Kolkata,BTech,Tier 2,Manufacturing,Mid-size,Male,2.3,27.0,2.57,6,1153574.0,219942.0,1373516.0
Data Analyst,Bangalore,BTech,Tier 1,Product Based,Startup,Female,8.6,34.0,4.15,3,3027777.0,668868.0,3696644.0
HR Manager,Pune,MTech,Tier 1,Consulting,Startup,Female,1.4,23.0,3.98,4,1997470.0,157550.0,2155020.0
DevOps Engineer,Bangalore,BTech,Tier 1,Manufacturing,Startup,Female,14.5,35.0,3.3,6,2524996.0,214073.0,2739068.0
Chartered Accountant,Mumbai,BTech,Tier 1,FinTech,Mid-size,Male,0.0,22.0,2.78,1,2066742.0,491254.0,2557997.0
Data Scientist,Jaipur,MBA,Tier 1,Manufacturing,Mid-size,Male,1.1,21.0,2.84,4,1594486.0,301587.0,1896073.0
Chartered Accountant,Remote,,Tier 2,EdTech,Startup,Male,1.0,24.0,3.22,2,1386769.0,221242.0,1608011.0
Business Analyst,Remote,BTech,Tier 3,E-Commerce,MNC,Female,15.1,39.0,3.22,3,2030210.0,143812.0,2174022.0
DevOps Engineer,Kolkata,BTech,Tier 2,EdTech,MNC,Male,6.0,33.0,2.81,4,2251152.0,120441.0,2371593.0
AI Engineer,Delhi NCR,MBA,Tier 3,Manufacturing,MNC,Male,6.8,32.0,2.83,9,3023282.0,396713.0,3419995.0
Data Analyst,Pune,BTech,Tier 2,EdTech,Mid-size,Male,5.5,27.0,,1,1329560.0,201863.0,1531423.0
DevOps Engineer,Mumbai,BTech,Tier 2,Manufacturing,Mid-size,Male,4.5,27.0,2.5,6,2147727.0,146613.0,2294340.0
Frontend Developer,Pune,PhD,Tier 1,E-Commerce,Startup,Male,0.0,22.0,4.0,6,1883569.0,271658.0,2155227.0
Chartered Accountant,Hyderabad,,Tier 2,E-Commerce,Startup,Male,4.9,29.0,2.25,3,1983689.0,393527.0,2377216.0
DevOps Engineer,Chennai,MBA,Tier 1,Product Based,Mid-size,Male,0.0,22.0,3.56,1,2241755.0,242808.0,2484563.0
Business Analyst,Bangalore,,Tier 2,EdTech,Mid-size,Female,4.5,30.0,2.72,5,1547124.0,156836.0,1703960.0
DevOps Engineer,Delhi NCR,BTech,Tier 2,IT Services,MNC,Male,4.1,30.0,3.64,5,2494326.0,349462.0,2843789.0
Product Manager,Chennai,MTech,Tier 1,Consulting,Startup,Male,10.5,36.0,3.91,6,3761486.0,217145.0,3978631.0
Frontend Developer,Chennai,BTech,Tier 3,IT Services,Mid-size,Male,1.1,25.0,3.77,5,1294951.0,294019.0,1588970.0
HR Manager,Remote,BTech,Tier 3,IT Services,MNC,Female,2.6,30.0,3.78,3,1827710.0,241286.0,2068996.0
Business Analyst,Delhi NCR,MBA,Tier 2,Manufacturing,MNC,Male,4.2,26.0,3.58,8,2314661.0,393187.0,2707847.0
Data Scientist,Jaipur,MTech,Tier 1,Consulting,MNC,Female,5.2,29.0,4.76,3,2656319.0,583295.0,3239614.0
Software Engineer,Delhi NCR,BTech,Tier 1,EdTech,Mid-size,Male,2.1,25.0,3.27,1,2064002.0,491094.0,2555095.0
Financial Analyst,Pune,BTech,Tier 2,EdTech,MNC,Male,9.6,36.0,4.94,5,2217721.0,472847.0,2690568.0
AI Engineer,Remote,BTech,Tier 3,EdTech,Mid-size,Male,1.8,19.0,4.77,4,1500130.0,163023.0,1663153.0
DevOps Engineer,Delhi NCR,MBA,Tier 2,Manufacturing,MNC,Male,3.8,23.0,,8,3011934.0,426204.0,3438138.0
Business Analyst,Kolkata,BTech,Tier 2,EdTech,Startup,Male,1.5,23.0,2.39,4,1222510.0,162231.0,1384741.0
Software Engineer,Mumbai,,Tier 3,Consulting,Mid-size,Female,1.5,24.0,2.02,2,1747729.0,422373.0,2170102.0
Financial Analyst,Hyderabad,BTech,Tier 3,IT Services,MNC,Female,3.6,26.0,2.42,5,1868670.0,434315.0,2302985.0
Chartered Accountant,Delhi NCR,MTech,Tier 1,Product Based,Startup,Male,3.2,28.0,2.31,4,3194828.0,315852.0,3510679.0
Data Scientist,Remote,BTech,Tier 3,FinTech,Startup,Female,6.2,31.0,2.38,3,1893919.0,97807.0,5263530.894525606
Backend Developer,Bangalore,MBA,Tier 3,Product Based,Mid-size,Female,9.5,31.0,4.47,4,3139107.0,582598.0,3721705.0
AI Engineer,Kolkata,MBA,Tier 2,Manufacturing,Startup,Male,4.7,26.0,2.92,4,1974434.0,413725.0,2388159.0
Backend Developer,Mumbai,BTech,Tier 1,Manufacturing,MNC,Male,0.0,26.0,3.47,5,2008155.0,152008.0,2160163.0
Product Manager,Jaipur,BTech,Tier 1,Consulting,Mid-size,Female,1.3,23.0,2.72,10,2404938.0,175244.0,2580182.0
Frontend Developer,Kolkata,MBA,Tier 2,FinTech,Mid-size,Female,1.5,26.0,2.52,6,1637802.0,266827.0,1904629.0
Product Manager,Hyderabad,MBA,Tier 2,Consulting,MNC,Male,2.6,26.0,3.71,3,3800058.0,684356.0,4484414.0
AI Engineer,Kolkata,MTech,Tier 3,Consulting,Startup,Male,4.2,27.0,3.48,4,2284975.0,222776.0,2507750.0
Data Scientist,Pune,MTech,Tier 3,Product Based,Mid-size,Female,0.6,24.0,3.4,3,2085552.0,370285.0,2455836.0
Marketing Manager,Chennai,BTech,Tier 2,Consulting,MNC,Female,9.3,32.0,3.86,3,2560013.0,533192.0,3093205.0
Data Analyst,Chennai,MBA,Tier 3,E-Commerce,Mid-size,Male,7.2,33.0,2.38,4,2176930.0,294265.0,2471195.0
Product Manager,Jaipur,BTech,Tier 3,Product Based,Startup,Male,1.9,23.0,1.79,1,1704475.0,112316.0,1816791.0
Backend Developer,Remote,MTech,Tier 3,Manufacturing,Startup,Male,0.0,21.0,3.43,6,1026139.0,98718.0,1124857.0
Data Analyst,Ahmedabad,BTech,Tier 2,E-Commerce,Startup,Male,7.4,33.0,2.85,5,1616448.0,265360.0,1881808.0
Business Analyst,Mumbai,BTech,Tier 3,Product Based,Startup,Female,0.0,21.0,,6,1499636.0,265312.0,1764948.0
HR Manager,Chennai,MBA,Tier 3,EdTech,MNC,Female,4.9,25.0,,9,2089603.0,203134.0,2292737.0
Data Analyst,Chennai,BTech,Tier 3,EdTech,MNC,Male,3.8,30.0,4.26,3,1422601.0,75509.0,1498110.0
Chartered Accountant,Chennai,MBA,Tier 3,FinTech,Startup,Male,18.3,45.0,2.99,9,2913993.0,265635.0,3179628.0
Product Manager,Kolkata,BTech,Tier 2,Manufacturing,MNC,Male,9.4,28.0,3.08,5,2564292.0,299606.0,2863898.0
HR Manager,Jaipur,PhD,Tier 2,Product Based,MNC,Male,6.7,33.0,2.91,8,3024693.0,286895.0,3311587.0
HR Manager,Mumbai,MBA,Tier 1,Consulting,MNC,Male,4.0,25.0,3.39,6,3628429.0,569678.0,4198107.0
Marketing Manager,Chennai,BTech,Tier 1,Product Based,Mid-size,Male,7.0,28.0,2.93,5,2701943.0,384252.0,3086195.0
Backend Developer,Mumbai,BTech,Tier 2,IT Services,Startup,Male,5.8,30.0,3.95,5,2059471.0,142862.0,2202333.0
DevOps Engineer,Remote,MTech,Tier 2,Product Based,Startup,Male,7.7,31.0,4.75,3,2732442.0,378847.0,3111288.0
Software Engineer,Bangalore,PhD,Tier 2,Product Based,MNC,Female,13.3,33.0,3.55,4,4606830.0,808943.0,5415773.0
Marketing Manager,Ahmedabad,BTech,Tier 3,EdTech,Startup,Male,5.0,29.0,3.12,5,1468352.0,179472.0,1647824.0
Chartered Accountant,Remote,MTech,Tier 2,Consulting,MNC,Male,3.7,27.0,3.74,4,2810126.0,601168.0,3411295.0
Financial Analyst,Pune,BTech,Tier 2,EdTech,Startup,Male,9.7,34.0,3.55,9,1868008.0,406400.0,2274408.0
DevOps Engineer,Hyderabad,BTech,Tier 3,Product Based,Startup,Male,9.6,34.0,2.95,2,2649549.0,372620.0,3022169.0
Marketing Manager,Bangalore,BTech,Tier 3,EdTech,Startup,Male,12.4,34.0,4.07,1,1758298.0,96304.0,1854602.0
Frontend Developer,Jaipur,BTech,Tier 3,E-Commerce,MNC,Male,1.2,24.0,4.13,4,1543095.0,286835.0,1829930.0
Marketing Manager,Remote,MBA,Tier 1,E-Commerce,Startup,Female,0.5,24.0,4.7,3,1948491.0,130440.0,2078931.0
Financial Analyst,Pune,PhD,Tier 2,IT Services,MNC,Male,6.1,28.0,2.84,6,2775823.0,533332.0,3309154.0
Data Analyst,Bangalore,BTech,Tier 1,Manufacturing,Startup,Female,3.5,28.0,3.67,6,1542940.0,130931.0,1673871.0
HR Manager,Pune,MBA,Tier 3,Product Based,Mid-size,Male,5.2,27.0,4.72,2,2667132.0,644713.0,3311845.0
DevOps Engineer,Mumbai,MTech,Tier 2,Product Based,MNC,Male,3.4,27.0,3.45,7,4012247.0,427303.0,4439550.0
HR Manager,Mumbai,MBA,Tier 3,IT Services,Startup,Female,8.9,32.0,5.0,5,2301021.0,526229.0,2827249.0
HR Manager,Hyderabad,MTech,Tier 3,Product Based,MNC,Male,7.6,31.0,3.83,6,3228702.0,247422.0,3476124.0
Marketing Manager,Pune,BTech,Tier 3,FinTech,Mid-size,Male,3.4,23.0,1.63,5,2079678.0,457422.0,2537100.0
Financial Analyst,Mumbai,BTech,Tier 3,Product Based,Startup,Female,5.2,27.0,4.22,8,2344075.0,140508.0,2484583.0
HR Manager,Bangalore,BTech,Tier 2,Manufacturing,Mid-size,Male,2.8,27.0,3.32,5,1466094.0,351843.0,1817936.0
Product Manager,Bangalore,BTech,Tier 3,IT Services,Mid-size,Female,2.8,23.0,1.89,6,2409789.0,593653.0,3003442.0
Frontend Developer,Mumbai,BTech,Tier 2,FinTech,MNC,Male,2.6,25.0,3.46,4,2650596.0,549251.0,3199847.0
Product Manager,Ahmedabad,BTech,Tier 2,Product Based,MNC,Female,7.7,32.0,2.34,5,3426802.0,717590.0,4144393.0
Marketing Manager,Bangalore,MBA,Tier 1,EdTech,MNC,Female,3.0,27.0,3.91,11,3436050.0,385875.0,3821925.0
Chartered Accountant,Chennai,BTech,Tier 1,IT Services,Mid-size,Male,12.0,34.0,3.01,7,2478309.0,146850.0,6937499.717351799
Financial Analyst,Ahmedabad,MBA,Tier 3,Product Based,Mid-size,Female,0.0,26.0,2.05,5,1311254.0,156933.0,1468187.0
Financial Analyst,Chennai,BTech,Tier 1,Consulting,Startup,Male,5.5,31.0,2.71,5,1935358.0,456797.0,2392156.0
Business Analyst,Pune,BTech,Tier 3,EdTech,Startup,Female,6.1,30.0,3.13,5,1288585.0,198614.0,1487199.0
Software Engineer,Bangalore,BTech,Tier 2,Product Based,MNC,Male,5.7,28.0,2.82,3,3337465.0,661122.0,3998587.0
AI Engineer,Remote,BTech,Tier 1,IT Services,Startup,Male,2.0,29.0,2.16,6,2042044.0,349833.0,2391877.0
Backend Developer,Kolkata,BTech,Tier 3,FinTech,MNC,Male,7.4,34.0,2.96,5,2520484.0,309849.0,2830333.0
Software Engineer,Bangalore,BTech,Tier 2,Consulting,MNC,Male,4.2,25.0,4.79,1,3124322.0,565697.0,3690019.0
DevOps Engineer,Bangalore,MTech,Tier 2,Consulting,MNC,Female,0.0,27.0,2.14,6,2453246.0,401093.0,2854340.0
Frontend Developer,Bangalore,BTech,Tier 1,EdTech,Startup,Female,4.2,28.0,4.35,3,2173165.0,450475.0,2623640.0
Software Engineer,Remote,,Tier 2,Product Based,Mid-size,Male,6.4,35.0,2.39,4,2343910.0,281008.0,2624917.0
HR Manager,Delhi NCR,,Tier 2,Manufacturing,Startup,Male,8.9,34.0,2.86,5,2186877.0,383764.0,2570640.0
Software Engineer,Chennai,BTech,Tier 3,E-Commerce,Startup,Male,2.0,25.0,2.97,2,1690315.0,124565.0,1814880.0
Frontend Developer,Bangalore,BTech,Tier 2,EdTech,Startup,Female,3.4,24.0,4.4,4,1942747.0,118380.0,2061128.0
Chartered Accountant,Kolkata,MBA,Tier 2,IT Services,MNC,Male,12.3,41.0,2.93,3,2344320.0,572727.0,2917047.0
Chartered Accountant,Bangalore,BTech,Tier 3,EdTech,MNC,Male,5.8,28.0,2.88,5,2407541.0,230466.0,2638007.0
Chartered Accountant,Pune,MTech,Tier 3,Consulting,MNC,Male,7.8,31.0,,3,3023494.0,474923.0,3498417.0
Data Scientist,Jaipur,MTech,Tier 1,EdTech,MNC,Male,6.3,29.0,3.99,9,2701099.0,247542.0,2948641.0
Chartered Accountant,Jaipur,BTech,Tier 2,Product Based,MNC,Female,3.4,26.0,2.92,6,2263502.0,233865.0,2497367.0
Financial Analyst,Remote,BTech,Tier 1,Product Based,Startup,Female,0.0,25.0,4.62,3,1724246.0,129661.0,1853907.0
HR Manager,Jaipur,MBA,Tier 3,Product Based,Startup,Male,7.3,28.0,3.18,7,2121692.0,226880.0,2348572.0
Financial Analyst,Chennai,,Tier 2,EdTech,MNC,Male,0.6,19.0,,2,1548788.0,202096.0,1750885.0
Marketing Manager,Delhi NCR,BTech,Tier 3,IT Services,Mid-size,Male,0.0,23.0,2.66,6,1223289.0,154723.0,3641668.1277238396
HR Manager,Pune,BTech,Tier 2,Manufacturing,MNC,Male,2.3,27.0,3.49,6,1735307.0,247815.0,1983121.0
Backend Developer,Bangalore,BTech,Tier 1,EdTech,MNC,Male,10.4,31.0,3.49,5,3218632.0,367193.0,3585825.0
Chartered Accountant,Mumbai,BTech,Tier 3,E-Commerce,Startup,Male,1.6,24.0,3.8,2,1896629.0,448122.0,2344751.0
Financial Analyst,Jaipur,BTech,Tier 1,FinTech,MNC,Male,2.4,25.0,1.57,2,1964356.0,244113.0,2208469.0
Frontend Developer,Bangalore,PhD,Tier 3,FinTech,Mid-size,Female,0.7,24.0,4.64,4,2537434.0,214520.0,2751953.0
Data Analyst,Pune,MBA,Tier 1,EdTech,MNC,Female,4.7,29.0,3.81,8,2505609.0,469655.0,2975264.0
Product Manager,Remote,MBA,Tier 2,FinTech,Mid-size,Male,8.5,29.0,3.68,7,3522571.0,403678.0,3926248.0
DevOps Engineer,Chennai,BTech,Tier 2,E-Commerce,Startup,Male,10.1,30.0,1.83,5,2459365.0,549275.0,3008640.0
Product Manager,Bangalore,,Tier 2,FinTech,MNC,Male,0.0,26.0,3.66,8,3948053.0,877278.0,4825331.0
Frontend Developer,Hyderabad,BTech,Tier 2,EdTech,MNC,Female,5.9,29.0,3.42,4,2104348.0,520175.0,2624524.0
Financial Analyst,Bangalore,BTech,Tier 3,IT Services,Startup,Male,5.9,30.0,2.41,2,1514829.0,189438.0,1704267.0
HR Manager,Mumbai,MBA,Tier 2,E-Commerce,MNC,Male,4.8,26.0,3.17,12,3584186.0,624925.0,11123404.85768761
Product Manager,Delhi NCR,BTech,Tier 2,IT Services,Startup,Male,3.2,30.0,3.41,11,2727626.0,223011.0,2950637.0
Marketing Manager,Delhi NCR,,Tier 2,IT Services,Startup,Male,6.5,31.0,4.15,4,2090305.0,422630.0,2512934.0
Business Analyst,Kolkata,BTech,Tier 2,Product Based,MNC,Female,6.3,27.0,3.57,4,2068742.0,183593.0,2252336.0
Software Engineer,Remote,MBA,Tier 2,Manufacturing,MNC,Male,8.6,33.0,3.85,4,2365145.0,338846.0,2703991.0
AI Engineer,Remote,BTech,Tier 3,IT Services,Startup,Male,13.4,39.0,2.95,4,2090214.0,240700.0,2330914.0
DevOps Engineer,Hyderabad,MTech,Tier 2,Manufacturing,Mid-size,Male,0.3,21.0,3.87,3,1886125.0,467875.0,2353999.0
Data Scientist,Jaipur,MTech,Tier 3,E-Commerce,Mid-size,Male,8.8,31.0,3.53,2,1705676.0,231061.0,1936737.0
Software Engineer,Jaipur,PhD,Tier 3,EdTech,Mid-size,Female,8.1,33.0,2.33,2,1547845.0,375694.0,1923539.0
Business Analyst,Hyderabad,BTech,Tier 3,Product Based,MNC,Female,11.8,34.0,3.45,3,2577686.0,492299.0,3069985.0
Data Analyst,Ahmedabad,BTech,Tier 1,E-Commerce,Startup,Male,3.7,31.0,3.49,6,1849876.0,108837.0,1958713.0
HR Manager,Ahmedabad,BTech,Tier 3,Product Based,Mid-size,Female,2.8,28.0,3.3,5,1502030.0,246893.0,1748924.0
Product Manager,Kolkata,,Tier 3,E-Commerce,Mid-size,Female,1.9,25.0,3.48,3,2139765.0,345463.0,2485228.0
Data Analyst,Delhi NCR,MTech,Tier 3,FinTech,Mid-size,Male,9.4,33.0,3.91,3,2370952.0,449005.0,2819956.0
Software Engineer,Pune,BTech,Tier 3,EdTech,Mid-size,Female,9.3,33.0,4.17,6,1693048.0,183741.0,1876789.0
Software Engineer,Jaipur,MBA,Tier 3,IT Services,MNC,Male,4.3,28.0,4.37,5,1935816.0,177941.0,2113757.0
Financial Analyst,Pune,MBA,Tier 3,EdTech,MNC,Male,5.2,30.0,5.0,4,2263863.0,317972.0,2581835.0
Backend Developer,Remote,BTech,Tier 2,EdTech,Startup,Male,0.0,23.0,,4,1052375.0,231105.0,1283480.0
Product Manager,Delhi NCR,MBA,Tier 1,Manufacturing,Mid-size,Male,9.4,34.0,,1,3781472.0,665965.0,4447437.0
Chartered Accountant,Kolkata,BTech,Tier 3,IT Services,Mid-size,Male,4.2,28.0,2.35,5,1441275.0,287487.0,1728763.0
Data Scientist,Chennai,BTech,Tier 1,Product Based,Mid-size,Male,2.8,27.0,4.07,5,2825490.0,182892.0,3008382.0
Software Engineer,Bangalore,MTech,Tier 1,Manufacturing,Mid-size,Male,10.5,34.0,3.09,3,2500669.0,315054.0,2815723.0
Software Engineer,Jaipur,MTech,Tier 3,Product Based,Startup,Male,10.9,34.0,5.0,2,2097933.0,156679.0,2254612.0
AI Engineer,Chennai,BTech,Tier 1,Consulting,Mid-size,Female,0.0,25.0,3.47,8,2259549.0,455600.0,2715149.0
Chartered Accountant,Jaipur,PhD,Tier 2,Consulting,Mid-size,Male,0.3,24.0,4.12,6,1633471.0,232451.0,1865922.0
Software Engineer,Hyderabad,BTech,Tier 1,Consulting,MNC,Female,4.3,28.0,3.47,8,3259461.0,382717.0,3642178.0
DevOps Engineer,Mumbai,PhD,Tier 3,Product Based,Startup,Male,2.6,27.0,3.05,3,3063241.0,707598.0,3770840.0
AI Engineer,Mumbai,,Tier 2,E-Commerce,MNC,Female,7.0,29.0,3.66,3,4464769.0,608879.0,5073648.0
Marketing Manager,Delhi NCR,MTech,Tier 3,FinTech,Startup,Male,7.0,29.0,2.86,4,2441426.0,191938.0,2633363.0
Financial Analyst,Hyderabad,MBA,Tier 3,E-Commerce,Startup,Male,0.1,24.0,1.69,4,1549889.0,190604.0,1740494.0
Frontend Developer,Pune,MTech,Tier 3,Manufacturing,Startup,Female,1.0,26.0,3.09,3,1430225.0,196615.0,1626840.0
AI Engineer,Mumbai,MBA,Tier 2,Manufacturing,Mid-size,Male,3.0,25.0,2.91,5,2264927.0,300060.0,2564986.0
Business Analyst,Ahmedabad,MTech,Tier 1,EdTech,Mid-size,Male,6.1,28.0,3.58,3,1705971.0,172639.0,1878610.0
Product Manager,Chennai,BTech,Tier 2,IT Services,MNC,Male,3.2,22.0,,5,2798116.0,143369.0,2941484.0
Financial Analyst,Hyderabad,,Tier 2,IT Services,MNC,Male,8.0,28.0,4.81,2,2408191.0,560730.0,2968922.0
Data Analyst,Jaipur,MTech,Tier 2,E-Commerce,MNC,Female,11.7,36.0,2.2,3,2083065.0,487412.0,2570478.0
AI Engineer,Kolkata,,Tier 3,FinTech,Startup,Male,5.1,26.0,3.5,3,2153513.0,189411.0,2342924.0
Backend Developer,Kolkata,,Tier 1,Manufacturing,Startup,Female,2.2,22.0,4.62,8,1814044.0,381535.0,2195579.0
Data Analyst,Pune,BTech,Tier 2,IT Services,Mid-size,Male,6.8,32.0,3.16,7,1800579.0,303619.0,2104198.0
Chartered Accountant,Mumbai,BTech,Tier 1,E-Commerce,MNC,Male,3.1,27.0,4.14,6,3300531.0,434579.0,3735109.0
Software Engineer,Delhi NCR,BTech,Tier 1,IT Services,Startup,Male,9.1,32.0,2.52,4,2319291.0,174632.0,2493923.0
Frontend Developer,Pune,BTech,Tier 2,EdTech,MNC,Female,6.0,29.0,1.36,6,1999905.0,284847.0,2284752.0
DevOps Engineer,Pune,PhD,Tier 1,Product Based,Mid-size,Male,8.3,27.0,4.6,3,4515742.0,719588.0,5235330.0
Data Scientist,Pune,MBA,Tier 2,EdTech,Startup,Male,6.6,32.0,3.39,8,2511873.0,371188.0,2883061.0
Chartered Accountant,Delhi NCR,BTech,Tier 3,EdTech,Startup,Male,7.1,29.0,1.91,8,1975552.0,280369.0,2255921.0
HR Manager,Kolkata,MBA,Tier 2,Consulting,Startup,Male,6.7,33.0,3.58,2,1784260.0,96823.0,1881083.0
Business Analyst,Pune,BTech,Tier 3,IT Services,MNC,Male,3.4,25.0,,9,1799633.0,289952.0,2089585.0
DevOps Engineer,Jaipur,BTech,Tier 1,Product Based,MNC,Male,6.2,31.0,3.56,7,3462593.0,640486.0,4103079.0
Product Manager,Jaipur,MTech,Tier 3,IT Services,Startup,Female,4.6,27.0,3.91,1,1654084.0,262652.0,1916736.0
DevOps Engineer,Mumbai,MTech,Tier 1,Product Based,MNC,Male,6.9,32.0,3.42,4,4991297.0,822712.0,5814009.0
Product Manager,Remote,BTech,Tier 2,Manufacturing,Startup,Male,5.3,27.0,3.0,4,2221998.0,319618.0,2541615.0
Data Analyst,Mumbai,BTech,Tier 3,Consulting,MNC,Male,5.5,29.0,3.24,5,2026809.0,384035.0,2410844.0
HR Manager,Kolkata,BTech,Tier 3,Manufacturing,Startup,Female,5.4,26.0,2.6,6,1329254.0,94842.0,1424096.0
Data Scientist,Bangalore,BTech,Tier 2,IT Services,MNC,Female,6.0,32.0,2.6,4,2582634.0,562542.0,3145176.0
Backend Developer,Kolkata,BTech,Tier 2,IT Services,Startup,Male,4.0,25.0,3.56,9,1616638.0,288598.0,1905236.0
DevOps Engineer,Jaipur,BTech,Tier 3,E-Commerce,Startup,Female,6.7,30.0,3.4,6,1653105.0,385657.0,2038762.0
Backend Developer,Bangalore,BTech,Tier 1,E-Commerce,MNC,Male,4.4,32.0,3.23,5,3408299.0,772027.0,4180326.0
HR Manager,Kolkata,PhD,Tier 1,Product Based,MNC,Male,6.7,29.0,4.29,4,3688914.0,195584.0,3884498.0
Chartered Accountant,Ahmedabad,BTech,Tier 1,FinTech,Mid-size,Male,2.9,27.0,3.62,3,2200290.0,264109.0,2464399.0
Data Scientist,Remote,MTech,Tier 3,Product Based,Mid-size,Female,10.2,35.0,2.88,6,3087666.0,188871.0,8658894.3798805
Frontend Developer,Hyderabad,MTech,Tier 1,Manufacturing,MNC,Male,3.8,28.0,3.16,4,2491885.0,341079.0,2832964.0
Data Analyst,Delhi NCR,BTech,Tier 3,Product Based,MNC,Male,2.9,25.0,3.62,8,2368074.0,217393.0,2585467.0
Data Scientist,Kolkata,MBA,Tier 3,FinTech,Startup,Male,3.3,27.0,,3,1964728.0,123571.0,2088299.0
DevOps Engineer,Jaipur,MTech,Tier 3,IT Services,MNC,Male,6.4,26.0,4.4,6,2369200.0,566535.0,2935735.0
Software Engineer,Kolkata,MTech,Tier 1,Product Based,Startup,Male,10.7,32.0,2.78,2,2811313.0,595283.0,3406596.0
HR Manager,Mumbai,MBA,Tier 3,Consulting,MNC,Female,6.5,29.0,3.17,7,2921522.0,209532.0,3131054.0
Chartered Accountant,Ahmedabad,BTech,Tier 3,E-Commerce,Startup,Male,2.9,25.0,3.61,7,1669593.0,123307.0,1792899.0
Data Analyst,Delhi NCR,,Tier 1,FinTech,MNC,Male,8.5,31.0,4.16,5,3435718.0,523166.0,3958884.0
Software Engineer,Bangalore,BTech,Tier 1,IT Services,MNC,Male,1.4,24.0,4.24,5,2789611.0,265520.0,3055131.0
Product Manager,Delhi NCR,MTech,Tier 3,EdTech,MNC,Female,7.4,34.0,2.52,5,3074187.0,552331.0,3626517.0
Backend Developer,Ahmedabad,MBA,Tier 2,Manufacturing,MNC,Female,0.0,24.0,2.72,4,1019571.0,56249.0,1075820.0
Data Scientist,Delhi NCR,BTech,Tier 2,Consulting,Startup,Male,6.3,33.0,3.77,5,2530035.0,177734.0,2707769.0
AI Engineer,Ahmedabad,MBA,Tier 2,EdTech,Startup,Male,0.6,24.0,4.4,6,1945464.0,356275.0,2301738.0
Data Analyst,Remote,BTech,Tier 2,FinTech,MNC,Male,5.0,30.0,3.57,5,2159162.0,502717.0,2661879.0
Backend Developer,Jaipur,BTech,Tier 2,Consulting,MNC,Male,3.4,28.0,2.7,6,1932832.0,451599.0,2384431.0
DevOps Engineer,Ahmedabad,BTech,Tier 3,Manufacturing,Mid-size,Male,0.0,25.0,4.29,1,956196.0,110623.0,1066819.0
Business Analyst,Bangalore,BTech,Tier 2,Product Based,Mid-size,Male,1.7,25.0,4.11,8,2172442.0,255732.0,2428174.0
Marketing Manager,Delhi NCR,BTech,Tier 1,EdTech,Startup,Male,6.0,29.0,2.32,3,1864180.0,104625.0,1968805.0
HR Manager,Chennai,BTech,Tier 2,EdTech,MNC,Female,2.6,28.0,4.83,11,1780022.0,209634.0,1989657.0
DevOps Engineer,Kolkata,MTech,Tier 3,Manufacturing,MNC,Male,2.3,25.0,3.24,4,1792582.0,194144.0,1986726.0
Financial Analyst,Bangalore,BTech,Tier 3,Manufacturing,MNC,Male,1.8,27.0,3.21,6,1571174.0,124450.0,1695624.0
Chartered Accountant,Ahmedabad,BTech,Tier 3,Consulting,Startup,Male,0.0,27.0,4.11,6,1195773.0,278464.0,1474238.0
Backend Developer,Pune,BTech,Tier 3,Manufacturing,MNC,Male,1.9,25.0,4.05,4,1691826.0,130011.0,1821837.0
Data Analyst,Ahmedabad,BTech,Tier 2,Consulting,Mid-size,Female,8.0,31.0,3.5,3,1886884.0,458921.0,2345805.0
Data Scientist,Mumbai,BTech,Tier 2,FinTech,Mid-size,Female,4.5,25.0,3.32,5,2649590.0,249173.0,2898763.0
Software Engineer,Bangalore,BTech,Tier 2,EdTech,Startup,Male,9.2,30.0,3.73,7,2646273.0,380589.0,3026862.0
Business Analyst,Hyderabad,MTech,Tier 2,Manufacturing,MNC,Male,2.7,24.0,2.5,4,1618970.0,148993.0,1767963.0
Frontend Developer,Bangalore,BTech,Tier 1,FinTech,MNC,Female,0.0,22.0,3.96,5,2643094.0,405144.0,3048238.0
AI Engineer,Pune,MTech,Tier 2,EdTech,Startup,Female,11.8,36.0,3.12,3,2394032.0,164167.0,2558199.0
Data Analyst,Hyderabad,BTech,Tier 2,Product Based,Startup,Male,0.0,24.0,3.46,1,1063377.0,257511.0,1320888.0
Software Engineer,Kolkata,BTech,Tier 1,FinTech,Mid-size,Male,0.0,22.0,3.7,2,1489993.0,256566.0,1746559.0
Product Manager,Remote,BTech,Tier 2,Manufacturing,MNC,Female,2.3,24.0,3.76,4,2440814.0,557338.0,2998152.0
Frontend Developer,Ahmedabad,BTech,Tier 2,Product Based,Mid-size,Male,7.8,28.0,4.13,5,2006957.0,209310.0,2216266.0
DevOps Engineer,Jaipur,BTech,Tier 3,Manufacturing,Mid-size,Male,5.5,27.0,2.69,5,1373180.0,299921.0,1673101.0
Product Manager,Hyderabad,MBA,Tier 2,Consulting,Startup,Female,2.6,25.0,,6,3247475.0,464543.0,3712019.0
Backend Developer,Chennai,,Tier 3,EdTech,MNC,Male,13.5,33.0,1.65,6,2207173.0,196254.0,2403426.0
Financial Analyst,Jaipur,BTech,Tier 3,E-Commerce,MNC,Male,3.9,28.0,4.68,3,1805163.0,433783.0,2238946.0
Data Scientist,Bangalore,MBA,Tier 2,Manufacturing,MNC,Male,0.0,26.0,2.96,6,2308669.0,471722.0,2780391.0
Business Analyst,Hyderabad,MBA,Tier 2,FinTech,Startup,Male,0.6,23.0,2.57,2,1861984.0,383061.0,2245044.0
Business Analyst,Kolkata,BTech,Tier 1,IT Services,Startup,Female,7.7,30.0,4.73,4,1774283.0,164569.0,1938852.0
Data Analyst,Chennai,BTech,Tier 2,EdTech,MNC,Female,7.1,31.0,,4,1783479.0,413257.0,2196735.0
AI Engineer,Chennai,MTech,Tier 3,Consulting,Startup,Female,11.8,34.0,2.31,9,2722433.0,514511.0,3236944.0
HR Manager,Delhi NCR,,Tier 2,EdTech,Startup,Male,5.7,33.0,1.4,5,1581563.0,167843.0,1749406.0
Data Analyst,Mumbai,MBA,Tier 2,E-Commerce,Startup,Male,10.6,34.0,3.08,2,2461780.0,172615.0,2634395.0
Backend Developer,Chennai,BTech,Tier 3,FinTech,MNC,Male,2.9,25.0,1.75,5,2045314.0,154827.0,2200140.0
Backend Developer,Ahmedabad,BTech,Tier 3,IT Services,Mid-size,Female,10.0,34.0,3.88,8,1713306.0,332836.0,2046142.0
HR Manager,Jaipur,MBA,Tier 2,E-Commerce,MNC,Male,6.7,33.0,4.47,9,2561313.0,200443.0,2761756.0
Financial Analyst,Jaipur,MTech,Tier 3,FinTech,Startup,Male,0.0,23.0,2.84,7,1321831.0,187757.0,1509588.0
Backend Developer,Chennai,BTech,Tier 3,E-Commerce,Startup,Female,7.9,31.0,3.61,6,1947847.0,278542.0,2226389.0
Data Analyst,Delhi NCR,BTech,Tier 2,IT Services,Startup,Male,0.0,22.0,3.63,6,1422897.0,192317.0,1615214.0
Software Engineer,Ahmedabad,BTech,Tier 2,Manufacturing,Startup,Female,0.9,26.0,2.94,5,1030027.0,257321.0,1287348.0
Marketing Manager,Delhi NCR,BTech,Tier 1,Product Based,MNC,Female,2.8,24.0,5.0,11,3996277.0,289555.0,4285832.0
Marketing Manager,Chennai,MBA,Tier 2,Manufacturing,MNC,Male,6.3,27.0,3.66,6,2380242.0,244081.0,2624323.0
AI Engineer,Bangalore,MTech,Tier 3,EdTech,Mid-size,Male,6.4,29.0,3.04,7,2808819.0,608449.0,3417267.0
DevOps Engineer,Chennai,,Tier 3,FinTech,MNC,Male,5.0,27.0,3.11,6,2924017.0,329111.0,3253128.0
Backend Developer,Jaipur,BTech,Tier 1,Manufacturing,Startup,Male,1.2,29.0,3.05,4,1183098.0,111502.0,1294600.0
Chartered Accountant,Bangalore,PhD,Tier 2,Product Based,Mid-size,Male,14.5,37.0,1.83,4,3763983.0,461248.0,4225231.0
Frontend Developer,Delhi NCR,MTech,Tier 3,Product Based,Mid-size,Female,10.1,34.0,4.54,5,3035879.0,343411.0,3379290.0
Product Manager,Remote,MBA,Tier 3,EdTech,Startup,Female,5.6,28.0,3.63,9,2380175.0,354360.0,2734534.0
Data Scientist,Jaipur,BTech,Tier 3,Consulting,Mid-size,Male,6.9,30.0,2.64,9,1828993.0,112464.0,1941457.0
Data Analyst,Remote,PhD,Tier 3,Product Based,MNC,Male,1.0,23.0,3.65,2,1970537.0,390459.0,2360996.0
Marketing Manager,Bangalore,MTech,Tier 3,Product Based,Mid-size,Male,12.4,36.0,2.38,4,3177122.0,438811.0,3615933.0
Financial Analyst,Bangalore,BTech,Tier 2,Product Based,Startup,Male,3.0,24.0,2.49,4,2073677.0,358265.0,2431941.0
Data Scientist,Delhi NCR,BTech,Tier 2,FinTech,Startup,Male,2.8,25.0,3.44,6,2360950.0,320282.0,2681232.0
DevOps Engineer,Remote,BTech,Tier 2,Manufacturing,Mid-size,Male,4.1,27.0,2.68,6,1438545.0,272108.0,1710654.0
DevOps Engineer,Mumbai,MTech,Tier 3,Product Based,MNC,Male,4.8,24.0,3.29,3,3769056.0,767640.0,4536696.0
Business Analyst,Delhi NCR,PhD,Tier 2,Consulting,Mid-size,Male,6.0,28.0,1.56,4,2461451.0,329318.0,2790769.0
Backend Developer,Delhi NCR,MTech,Tier 2,FinTech,Startup,Male,13.3,35.0,3.66,6,3192773.0,317399.0,3510173.0
Software Engineer,Delhi NCR,MTech,Tier 3,Product Based,MNC,Female,2.4,27.0,3.43,7,3015927.0,245602.0,3261529.0
HR Manager,Jaipur,BTech,Tier 1,IT Services,Mid-size,Female,3.4,24.0,4.96,2,1399418.0,291175.0,1690593.0
Data Scientist,Pune,BTech,Tier 1,Product Based,Mid-size,Female,7.0,33.0,2.75,3,3054417.0,607532.0,3661949.0
Backend Developer,Kolkata,BTech,Tier 2,IT Services,MNC,Male,4.7,28.0,3.32,5,2032705.0,368281.0,2400987.0
Financial Analyst,Kolkata,,Tier 2,Product Based,Mid-size,Female,0.5,27.0,2.71,7,1412026.0,173287.0,1585313.0
Data Analyst,Jaipur,BTech,Tier 2,E-Commerce,Startup,Male,11.5,35.0,3.76,4,1524425.0,321255.0,1845680.0
DevOps Engineer,Hyderabad,BTech,Tier 3,Manufacturing,Startup,Female,1.7,27.0,3.63,5,1637117.0,257874.0,1894991.0
Product Manager,Mumbai,BTech,Tier 2,EdTech,Startup,Male,9.2,33.0,2.4,4,2487615.0,188721.0,2676336.0
Chartered Accountant,Mumbai,BTech,Tier 3,Product Based,Startup,Male,1.9,28.0,3.18,3,2114061.0,515637.0,2629698.0
Product Manager,Kolkata,PhD,Tier 1,E-Commerce,Startup,Female,0.0,21.0,4.97,8,3258200.0,590390.0,3848591.0
Data Analyst,Hyderabad,BTech,Tier 3,Consulting,Startup,Male,9.1,34.0,2.71,5,1827185.0,268523.0,2095708.0
Financial Analyst,Chennai,BTech,Tier 3,Consulting,Mid-size,Male,3.1,26.0,4.8,3,1822109.0,105188.0,1927297.0
HR Manager,Chennai,,Tier 3,IT Services,Mid-size,Male,7.6,30.0,3.34,5,1824008.0,310981.0,2134989.0
HR Manager,Jaipur,BTech,Tier 3,E-Commerce,Mid-size,Female,5.3,30.0,3.71,2,1445978.0,278822.0,1724800.0
Chartered Accountant,Delhi NCR,BTech,Tier 3,Product Based,Startup,Male,2.7,26.0,4.84,3,2466722.0,326529.0,2793251.0
Chartered Accountant,Bangalore,BTech,Tier 1,EdTech,Startup,Male,11.4,33.0,2.91,6,2986131.0,524058.0,3510189.0
Frontend Developer,Mumbai,BTech,Tier 1,EdTech,Startup,Male,2.7,28.0,4.05,7,2097052.0,299132.0,2396184.0
DevOps Engineer,Chennai,PhD,Tier 3,Manufacturing,Startup,Female,14.8,39.0,2.3,3,2093684.0,129334.0,2223018.0
Backend Developer,Jaipur,MTech,Tier 3,E-Commerce,Startup,Female,4.3,28.0,3.18,1,1260925.0,159636.0,1420562.0
AI Engineer,Bangalore,BTech,Tier 2,EdTech,Mid-size,Female,9.9,31.0,2.3,4,2676271.0,144900.0,2821171.0
Frontend Developer,Remote,BTech,Tier 1,Consulting,MNC,Male,4.7,27.0,3.69,4,2746774.0,192245.0,2939019.0
Data Analyst,Remote,MTech,Tier 1,Consulting,Mid-size,Female,4.4,26.0,2.78,3,2028688.0,418991.0,2447679.0
Business Analyst,Mumbai,BTech,Tier 2,EdTech,Mid-size,Male,6.3,27.0,5.0,7,1861439.0,167315.0,2028754.0
DevOps Engineer,Bangalore,BTech,Tier 3,Consulting,Mid-size,Male,11.2,32.0,3.54,8,2970750.0,167175.0,3137925.0
Backend Developer,Ahmedabad,BTech,Tier 2,FinTech,Startup,Female,1.9,27.0,3.32,6,1681127.0,150234.0,1831361.0
Marketing Manager,Jaipur,MTech,Tier 2,Product Based,MNC,Male,10.2,34.0,3.03,2,2356992.0,283251.0,2640243.0
Marketing Manager,Jaipur,MTech,Tier 3,Manufacturing,Mid-size,Male,12.1,35.0,2.88,3,1173192.0,252664.0,1425856.0
Frontend Developer,Mumbai,MBA,Tier 3,IT Services,Startup,Male,0.0,24.0,4.3,3,1500370.0,203793.0,1704163.0
Business Analyst,Kolkata,BTech,Tier 2,EdTech,Mid-size,Female,4.6,28.0,3.59,3,1236107.0,190824.0,1426931.0
DevOps Engineer,Remote,BTech,Tier 3,Manufacturing,MNC,Female,3.6,26.0,4.72,3,2064322.0,190559.0,2254881.0
HR Manager,Kolkata,PhD,Tier 2,Consulting,MNC,Male,4.1,25.0,3.77,3,2388422.0,188496.0,2576918.0
Business Analyst,Bangalore,BTech,Tier 3,E-Commerce,Startup,Male,0.3,25.0,3.92,3,1501004.0,78048.0,1579052.0
Business Analyst,Chennai,BTech,Tier 3,IT Services,Startup,Female,6.2,29.0,4.29,9,1768536.0,91028.0,1859564.0
Software Engineer,Hyderabad,BTech,Tier 1,Manufacturing,Startup,Male,0.0,26.0,3.13,5,1528754.0,79525.0,1608279.0
Data Analyst,Mumbai,PhD,Tier 3,IT Services,MNC,Male,6.3,31.0,,4,2563261.0,239927.0,2803188.0
Product Manager,Delhi NCR,MTech,Tier 3,EdTech,Mid-size,Male,9.3,32.0,4.09,4,2943446.0,510037.0,3453483.0
Product Manager,Kolkata,PhD,Tier 3,EdTech,MNC,Male,0.0,26.0,2.96,5,2202793.0,336072.0,2538865.0
Data Scientist,Chennai,MTech,Tier 3,IT Services,Startup,Male,4.0,27.0,3.14,3,1765727.0,171599.0,1937326.0
Software Engineer,Mumbai,MTech,Tier 3,FinTech,Mid-size,Male,1.6,24.0,4.1,7,2727533.0,234867.0,2962400.0
Marketing Manager,Chennai,BTech,Tier 1,FinTech,MNC,Male,8.0,30.0,3.44,9,3521370.0,736358.0,4257728.0
Financial Analyst,Kolkata,MTech,Tier 1,FinTech,Mid-size,Male,10.1,32.0,2.98,2,2337945.0,266649.0,2604594.0
DevOps Engineer,Bangalore,BTech,Tier 3,FinTech,Mid-size,Male,13.9,34.0,4.3,5,3146194.0,642991.0,3789185.0
Software Engineer,Mumbai,PhD,Tier 3,E-Commerce,Mid-size,Male,12.9,38.0,3.87,3,3142330.0,602154.0,3744484.0
Software Engineer,Kolkata,PhD,Tier 2,FinTech,Mid-size,Female,0.0,21.0,3.82,5,1863610.0,364901.0,2228511.0
Data Scientist,Delhi NCR,BTech,Tier 3,Consulting,Mid-size,Male,3.2,24.0,5.0,4,2206665.0,410071.0,2616736.0
DevOps Engineer,Pune,BTech,Tier 3,Manufacturing,Startup,Male,13.8,38.0,2.85,4,2074571.0,345941.0,2420512.0
AI Engineer,Chennai,BTech,Tier 3,Product Based,MNC,Male,0.0,25.0,3.99,3,2380088.0,185195.0,2565282.0
Financial Analyst,Mumbai,MBA,Tier 3,FinTech,MNC,Male,1.0,20.0,3.2,6,2548396.0,503328.0,3051724.0
Data Scientist,Chennai,PhD,Tier 1,Consulting,Startup,Male,2.9,24.0,2.32,5,2720121.0,456218.0,3176339.0
Chartered Accountant,Ahmedabad,BTech,Tier 2,EdTech,Startup,Male,5.8,31.0,2.94,6,1445082.0,295832.0,1740914.0
Chartered Accountant,Kolkata,BTech,Tier 3,E-Commerce,Startup,Male,12.5,34.0,3.31,8,1887013.0,131497.0,2018510.0
Financial Analyst,Mumbai,MTech,Tier 1,IT Services,Mid-size,Female,4.5,27.0,3.66,6,2557897.0,169376.0,2727273.0
Chartered Accountant,Ahmedabad,MBA,Tier 1,FinTech,Startup,Female,4.8,27.0,3.84,2,2662554.0,306931.0,2969485.0
Marketing Manager,Remote,BTech,Tier 3,Product Based,Startup,Male,5.8,31.0,2.91,5,1842049.0,257497.0,2099546.0
Software Engineer,Remote,BTech,Tier 2,FinTech,Startup,Male,0.6,24.0,2.71,4,1441463.0,189921.0,1631384.0
Data Scientist,Kolkata,BTech,Tier 2,Consulting,MNC,Female,6.3,30.0,,8,2164763.0,165640.0,2330403.0
Marketing Manager,Delhi NCR,,Tier 2,Product Based,Mid-size,Male,10.4,34.0,2.31,4,2575232.0,499996.0,3075227.0
Backend Developer,Kolkata,BTech,Tier 2,E-Commerce,Mid-size,Female,8.3,29.0,2.37,9,1954245.0,436300.0,2390545.0
HR Manager,Ahmedabad,BTech,Tier 3,Consulting,Startup,Male,6.9,30.0,4.55,1,1198654.0,250716.0,1449370.0
Data Scientist,Kolkata,BTech,Tier 2,FinTech,Mid-size,Female,1.7,22.0,2.22,7,2190564.0,448569.0,2639133.0
HR Manager,Bangalore,BTech,Tier 1,FinTech,Startup,Male,13.5,37.0,4.06,4,3322054.0,757854.0,4079908.0
Backend Developer,Ahmedabad,BTech,Tier 2,Product Based,Mid-size,Male,8.2,29.0,2.6,5,2202961.0,316924.0,2519884.0
Financial Analyst,Mumbai,MBA,Tier 2,Consulting,MNC,Female,1.4,25.0,2.07,3,2425472.0,191370.0,2616842.0
Financial Analyst,Bangalore,BTech,Tier 3,FinTech,MNC,Male,8.3,30.0,3.93,5,3234734.0,571751.0,3806485.0
Backend Developer,Hyderabad,BTech,Tier 3,IT Services,MNC,Male,1.2,26.0,4.01,5,1815834.0,377422.0,2193256.0
Chartered Accountant,Remote,BTech,Tier 1,Manufacturing,Mid-size,Male,6.2,26.0,,10,2095472.0,410075.0,2505546.0
Chartered Accountant,Ahmedabad,BTech,Tier 2,Consulting,Startup,Male,7.6,30.0,3.67,10,2341800.0,173565.0,2515365.0
Business Analyst,Chennai,BTech,Tier 2,E-Commerce,MNC,Male,3.2,26.0,2.98,4,2055202.0,209112.0,2264315.0
Data Analyst,Jaipur,BTech,Tier 3,Manufacturing,MNC,Female,2.2,25.0,,4,981992.0,101509.0,1083501.0
Software Engineer,Hyderabad,MTech,Tier 2,E-Commerce,Startup,Male,9.0,32.0,4.97,3,2791817.0,144196.0,2936012.0
Software Engineer,Jaipur,BTech,Tier 3,E-Commerce,Startup,Male,4.5,26.0,2.78,4,1622312.0,317667.0,1939978.0
AI Engineer,Jaipur,BTech,Tier 3,E-Commerce,MNC,Male,5.5,31.0,1.67,7,2187312.0,482522.0,2669834.0
HR Manager,Bangalore,MBA,Tier 3,FinTech,MNC,Female,0.1,24.0,2.64,6,2171762.0,225382.0,2397144.0
Business Analyst,Remote,BTech,Tier 2,EdTech,Startup,Male,8.0,31.0,3.58,9,1361902.0,259332.0,1621234.0
Marketing Manager,Ahmedabad,MBA,Tier 3,Manufacturing,MNC,Male,3.4,26.0,4.07,3,1372444.0,195469.0,1567912.0
Frontend Developer,Delhi NCR,BTech,Tier 3,Consulting,Startup,Female,2.0,24.0,3.43,8,1791844.0,164457.0,1956300.0
Product Manager,Pune,MTech,Tier 3,Manufacturing,Startup,Male,2.2,28.0,4.01,2,2150798.0,491461.0,2642260.0
Product Manager,Kolkata,BTech,Tier 2,FinTech,Startup,Male,5.4,30.0,5.0,6,2662368.0,516644.0,3179012.0
Frontend Developer,Chennai,MBA,Tier 3,Manufacturing,Startup,Male,5.5,29.0,3.7,4,1680379.0,236171.0,1916550.0
AI Engineer,Delhi NCR,BTech,Tier 3,Manufacturing,MNC,Male,5.7,31.0,5.0,5,2417354.0,407844.0,2825198.0
DevOps Engineer,Chennai,,Tier 1,Consulting,MNC,Male,0.0,23.0,2.94,4,2154869.0,263476.0,2418345.0
AI Engineer,Remote,BTech,Tier 2,E-Commerce,MNC,Male,0.0,20.0,4.2,11,2672874.0,145443.0,2818317.0
DevOps Engineer,Mumbai,MTech,Tier 3,IT Services,MNC,Male,11.2,33.0,2.95,5,3203725.0,680040.0,3883766.0
Chartered Accountant,Jaipur,BTech,Tier 3,Consulting,Startup,Female,1.8,23.0,3.87,5,1294111.0,115364.0,1409475.0
Product Manager,Pune,BTech,Tier 1,E-Commerce,Mid-size,Female,0.1,23.0,1.66,9,2735308.0,567452.0,3302760.0
Business Analyst,Hyderabad,MTech,Tier 2,IT Services,Startup,Female,13.5,32.0,3.54,5,1887280.0,258384.0,2145664.0
Marketing Manager,Jaipur,PhD,Tier 2,EdTech,Mid-size,Male,2.1,25.0,4.19,4,1600986.0,152481.0,1753467.0
HR Manager,Chennai,BTech,Tier 3,FinTech,Mid-size,Male,8.7,35.0,4.05,1,1737464.0,157176.0,1894640.0
Data Scientist,Kolkata,BTech,Tier 2,Product Based,Mid-size,Male,3.7,26.0,3.1,7,2385270.0,450869.0,2836138.0
Backend Developer,Delhi NCR,MBA,Tier 1,E-Commerce,Mid-size,Male,6.2,29.0,2.28,1,3173607.0,491236.0,3664843.0
Chartered Accountant,Mumbai,MBA,Tier 2,E-Commerce,Mid-size,Male,3.0,24.0,4.79,3,2838535.0,498674.0,3337209.0
AI Engineer,Remote,BTech,Tier 1,E-Commerce,Startup,Male,12.0,33.0,3.48,2,2656790.0,197565.0,2854355.0
Business Analyst,Pune,BTech,Tier 3,FinTech,MNC,Female,0.0,19.0,4.1,5,1774909.0,360998.0,2135907.0
Business Analyst,Ahmedabad,BTech,Tier 2,EdTech,MNC,Female,8.3,30.0,4.42,2,1575476.0,116502.0,1691978.0
Marketing Manager,Chennai,BTech,Tier 3,IT Services,MNC,Male,5.7,27.0,2.49,5,1955115.0,481997.0,2437112.0
Data Scientist,Bangalore,MTech,Tier 1,Manufacturing,MNC,Female,2.5,27.0,4.4,5,3158058.0,189119.0,3347178.0
Backend Developer,Bangalore,BTech,Tier 3,FinTech,Mid-size,Male,14.1,34.0,,5,2591955.0,199429.0,2791384.0
Software Engineer,Jaipur,BTech,Tier 2,IT Services,MNC,Female,0.0,21.0,2.8,4,1101971.0,140628.0,1242599.0
Business Analyst,Remote,BTech,Tier 2,Manufacturing,MNC,Male,2.2,27.0,3.24,6,1507641.0,307615.0,1815256.0
Financial Analyst,Chennai,BTech,Tier 2,E-Commerce,Mid-size,Male,4.8,26.0,2.88,4,1588170.0,285824.0,1873993.0
DevOps Engineer,Pune,MTech,Tier 2,FinTech,Mid-size,Male,13.0,35.0,3.13,5,3242895.0,334671.0,3577566.0
Marketing Manager,Ahmedabad,BTech,Tier 2,Manufacturing,Mid-size,Female,6.2,24.0,4.05,8,1426061.0,152191.0,1578252.0
Business Analyst,Chennai,,Tier 3,Product Based,Startup,Male,7.3,30.0,3.14,11,2232326.0,470695.0,2703021.0
Data Analyst,Mumbai,MTech,Tier 2,EdTech,Startup,Male,6.4,28.0,2.86,6,2030740.0,247466.0,2278206.0
Software Engineer,Mumbai,MTech,Tier 2,Consulting,MNC,Male,8.3,34.0,2.74,8,3409978.0,241698.0,3651677.0
DevOps Engineer,Jaipur,BTech,Tier 3,E-Commerce,Mid-size,Male,7.4,29.0,2.03,8,1856529.0,138016.0,1994545.0
Marketing Manager,Jaipur,BTech,Tier 3,FinTech,MNC,Female,3.7,27.0,3.68,5,1941659.0,143714.0,2085373.0
Product Manager,Hyderabad,MTech,Tier 1,IT Services,Mid-size,Female,0.0,23.0,4.36,7,2870536.0,211724.0,3082260.0
HR Manager,Delhi NCR,MBA,Tier 2,E-Commerce,MNC,Male,3.1,28.0,3.72,5,2726619.0,311544.0,3038162.0
Product Manager,Hyderabad,MBA,Tier 1,FinTech,MNC,Female,14.1,37.0,3.14,1,5850861.0,969575.0,6820436.0
Product Manager,Jaipur,BTech,Tier 2,FinTech,Startup,Female,7.0,31.0,3.94,7,2387288.0,484062.0,2871350.0
Financial Analyst,Chennai,BTech,Tier 1,IT Services,Mid-size,Male,6.4,30.0,2.56,5,1887445.0,162649.0,2050094.0
Product Manager,Ahmedabad,BTech,Tier 3,Product Based,Startup,Male,4.9,26.0,,3,2593923.0,408138.0,3002061.0
Frontend Developer,Kolkata,BTech,Tier 1,FinTech,Startup,Male,4.2,27.0,3.71,6,2167520.0,269273.0,2436793.0
Marketing Manager,Pune,MTech,Tier 3,EdTech,Startup,Male,8.7,32.0,3.51,3,1563090.0,181880.0,1744970.0
Business Analyst,Remote,BTech,Tier 3,Product Based,MNC,Male,9.5,33.0,3.45,3,2241810.0,338082.0,2579893.0
Frontend Developer,Ahmedabad,PhD,Tier 3,Manufacturing,MNC,Male,0.0,25.0,3.43,1,1172003.0,276543.0,1448546.0
Financial Analyst,Kolkata,BTech,Tier 3,EdTech,MNC,Female,7.3,32.0,4.16,11,1766956.0,90301.0,1857257.0
Backend Developer,Mumbai,BTech,Tier 3,FinTech,Mid-size,Male,6.6,28.0,3.31,6,2422709.0,294560.0,2717269.0
Chartered Accountant,Kolkata,BTech,Tier 3,Product Based,MNC,Male,11.5,38.0,,4,2886161.0,719602.0,3605763.0
Backend Developer,Remote,BTech,Tier 3,E-Commerce,MNC,Male,10.8,38.0,2.51,4,2479499.0,592101.0,3071600.0
Data Analyst,Remote,MTech,Tier 2,Consulting,Startup,Male,7.1,30.0,3.17,1,1744544.0,431279.0,2175823.0
DevOps Engineer,Jaipur,BTech,Tier 3,EdTech,MNC,Male,2.8,27.0,3.66,5,1765241.0,187663.0,1952903.0
Financial Analyst,Remote,,Tier 3,FinTech,Mid-size,Female,7.2,29.0,3.85,1,1505690.0,319302.0,1824992.0
Software Engineer,Mumbai,MBA,Tier 2,Product Based,Mid-size,Male,6.8,30.0,3.69,3,3246621.0,539449.0,3786071.0
Data Analyst,Pune,PhD,Tier 3,EdTech,Mid-size,Male,7.4,27.0,2.6,7,1634488.0,231537.0,1866026.0
Data Scientist,Ahmedabad,MTech,Tier 3,FinTech,MNC,Male,1.6,22.0,2.47,3,2217760.0,540378.0,2758137.0
Software Engineer,Ahmedabad,BTech,Tier 2,Consulting,Mid-size,Male,8.1,32.0,4.03,3,1750936.0,319190.0,2070126.0
AI Engineer,Jaipur,BTech,Tier 2,Manufacturing,MNC,Female,4.2,27.0,2.96,2,1809775.0,207968.0,2017743.0
AI Engineer,Delhi NCR,MTech,Tier 2,EdTech,MNC,Male,6.4,30.0,1.92,5,3036800.0,673443.0,3710243.0
Product Manager,Delhi NCR,,Tier 3,Manufacturing,Startup,Male,4.8,29.0,,3,2489468.0,535621.0,3025089.0
HR Manager,Pune,BTech,Tier 2,IT Services,Mid-size,Female,2.6,26.0,4.92,3,1688329.0,350482.0,2038811.0
AI Engineer,Ahmedabad,BTech,Tier 2,FinTech,Startup,Male,4.1,34.0,4.43,4,2523129.0,401158.0,2924288.0
Business Analyst,Chennai,BTech,Tier 2,IT Services,Mid-size,Male,0.0,23.0,3.2,2,1264395.0,182054.0,1446449.0
Frontend Developer,Hyderabad,MTech,Tier 2,Product Based,Mid-size,Female,0.9,25.0,,6,2408504.0,553712.0,2962216.0
Financial Analyst,Jaipur,BTech,Tier 3,Product Based,MNC,Male,3.7,26.0,2.62,6,2070119.0,230064.0,2300183.0
Financial Analyst,Hyderabad,BTech,Tier 3,IT Services,Mid-size,Male,5.3,32.0,3.94,5,1556710.0,165600.0,1722311.0
Data Scientist,Hyderabad,MBA,Tier 2,IT Services,MNC,Male,5.7,27.0,,7,3065709.0,544377.0,3610086.0
AI Engineer,Mumbai,BTech,Tier 2,Consulting,Startup,Female,3.6,24.0,3.96,2,2145797.0,520271.0,2666069.0
Product Manager,Jaipur,MTech,Tier 2,Product Based,Mid-size,Male,1.9,25.0,2.91,2,2510735.0,409730.0,2920465.0
Business Analyst,Mumbai,BTech,Tier 3,Consulting,Startup,Male,1.7,21.0,2.87,3,1360260.0,286782.0,1647042.0
Frontend Developer,Jaipur,BTech,Tier 3,FinTech,MNC,Male,9.1,30.0,4.69,7,2397626.0,495579.0,2893206.0
Frontend Developer,Delhi NCR,PhD,Tier 3,Manufacturing,Mid-size,Female,3.3,26.0,4.86,3,1874484.0,189044.0,2063528.0
Data Analyst,Delhi NCR,BTech,Tier 2,E-Commerce,Mid-size,Female,1.8,20.0,3.22,7,1617877.0,288167.0,1906044.0
Marketing Manager,Chennai,BTech,Tier 1,Product Based,Startup,Male,7.8,34.0,3.37,8,2811503.0,340262.0,3151765.0
AI Engineer,Ahmedabad,BTech,Tier 2,Consulting,Mid-size,Male,7.7,32.0,2.68,5,2165153.0,230613.0,2395765.0
Frontend Developer,Mumbai,BTech,Tier 3,IT Services,MNC,Male,7.2,34.0,3.65,4,2310829.0,253354.0,2564183.0
DevOps Engineer,Remote,BTech,Tier 2,FinTech,Startup,Male,0.0,17.0,3.66,3,1658923.0,376128.0,2035051.0
Data Analyst,Chennai,BTech,Tier 1,IT Services,Startup,Male,1.1,26.0,3.09,8,1591812.0,294016.0,1885828.0
HR Manager,Kolkata,BTech,Tier 2,Consulting,Mid-size,Male,4.4,28.0,2.78,4,1710507.0,230150.0,1940657.0
Data Analyst,Ahmedabad,,Tier 2,Manufacturing,Startup,Male,1.5,27.0,3.19,3,1192062.0,70212.0,1262274.0
Data Scientist,Hyderabad,BTech,Tier 2,Product Based,Mid-size,Male,5.8,31.0,,8,3041132.0,326998.0,3368130.0
Frontend Developer,Hyderabad,,Tier 2,Manufacturing,Startup,Female,7.7,28.0,1.68,6,1968970.0,473977.0,2442947.0
Chartered Accountant,Jaipur,,Tier 2,Product Based,Startup,Male,1.7,26.0,2.99,6,1873808.0,250052.0,2123860.0
AI Engineer,Chennai,MTech,Tier 2,Product Based,Mid-size,Male,9.1,35.0,4.62,4,3524941.0,701881.0,4226822.0
Backend Developer,Mumbai,MTech,Tier 2,FinTech,Startup,Male,3.9,27.0,4.91,1,2542498.0,407987.0,2950484.0
Data Analyst,Pune,BTech,Tier 1,Consulting,MNC,Male,4.3,26.0,3.25,3,2147116.0,376778.0,2523894.0
DevOps Engineer,Jaipur,BTech,Tier 2,E-Commerce,Mid-size,Male,1.7,25.0,3.43,5,1496385.0,106179.0,1602564.0
Financial Analyst,Chennai,MBA,Tier 1,IT Services,Mid-size,Male,6.8,26.0,3.41,7,2426806.0,350942.0,2777748.0
Product Manager,Ahmedabad,MTech,Tier 1,Product Based,Mid-size,Female,6.0,31.0,3.02,5,3656982.0,538537.0,4195519.0
AI Engineer,Delhi NCR,MBA,Tier 2,Consulting,Mid-size,Male,4.1,26.0,,1,3094464.0,488822.0,3583286.0
Business Analyst,Chennai,MBA,Tier 2,Consulting,MNC,Male,0.0,21.0,3.51,3,1588587.0,234180.0,1822767.0
Product Manager,Kolkata,BTech,Tier 3,EdTech,Mid-size,Female,3.9,27.0,3.55,3,1829755.0,127609.0,1957364.0
Data Analyst,Delhi NCR,MBA,Tier 3,Product Based,Startup,Male,1.8,23.0,4.35,2,1877400.0,419920.0,2297320.0
Business Analyst,Ahmedabad,MTech,Tier 3,IT Services,MNC,Male,2.2,29.0,2.36,3,1513005.0,341872.0,1854878.0
Business Analyst,Chennai,BTech,Tier 2,FinTech,Mid-size,Male,5.3,28.0,3.34,3,2097741.0,523842.0,2621583.0
Frontend Developer,Pune,PhD,Tier 3,EdTech,Startup,Male,6.1,32.0,3.58,5,1758669.0,315707.0,2074375.0
Data Analyst,Mumbai,BTech,Tier 3,Product Based,MNC,Male,7.3,27.0,,7,2874308.0,526861.0,3401168.0
Data Scientist,Delhi NCR,MTech,Tier 1,EdTech,Startup,Male,3.5,29.0,3.99,8,2621784.0,589101.0,3210885.0
Product Manager,Pune,BTech,Tier 3,E-Commerce,Startup,Male,1.9,25.0,2.26,7,2229343.0,180909.0,2410252.0
Financial Analyst,Jaipur,BTech,Tier 2,IT Services,MNC,Female,1.7,25.0,4.77,4,1254404.0,242041.0,1496445.0
Product Manager,Bangalore,BTech,Tier 3,EdTech,Startup,Female,4.2,27.0,,5,2211781.0,202479.0,2414259.0
Backend Developer,Chennai,BTech,Tier 2,Consulting,MNC,Female,1.4,22.0,2.5,5,1949384.0,462483.0,2411866.0
Business Analyst,Remote,BTech,Tier 2,IT Services,Mid-size,Male,7.5,31.0,4.19,6,1714783.0,408904.0,2123688.0
Backend Developer,Ahmedabad,BTech,Tier 2,Product Based,Mid-size,Male,7.9,29.0,3.11,2,1907407.0,297683.0,2205090.0
Frontend Developer,Delhi NCR,BTech,Tier 3,FinTech,Mid-size,Male,8.6,35.0,3.15,6,2644163.0,323220.0,2967382.0
Product Manager,Bangalore,MBA,Tier 1,FinTech,MNC,Male,7.4,33.0,4.19,3,6415470.0,1149029.0,7564499.0
Product Manager,Delhi NCR,BTech,Tier 1,EdTech,MNC,Male,3.8,24.0,,1,3338495.0,782095.0,10889470.679803642
Marketing Manager,Jaipur,BTech,Tier 2,Consulting,MNC,Female,1.7,25.0,4.89,4,1534318.0,184872.0,1719190.0
HR Manager,Pune,BTech,Tier 2,EdTech,Mid-size,Male,3.1,30.0,3.19,4,1323059.0,301254.0,1624313.0
Frontend Developer,Pune,BTech,Tier 1,Product Based,MNC,Male,2.7,22.0,3.85,9,3459767.0,311857.0,3771623.0
Marketing Manager,Pune,BTech,Tier 1,FinTech,MNC,Male,8.7,28.0,,4,3377870.0,268133.0,3646003.0
Marketing Manager,Ahmedabad,BTech,Tier 2,EdTech,Startup,Male,0.0,21.0,3.44,2,952897.0,82830.0,1035727.0
Product Manager,Chennai,BTech,Tier 1,Consulting,Startup,Male,3.9,25.0,3.02,2,2942515.0,598049.0,3540564.0
Product Manager,Mumbai,BTech,Tier 3,E-Commerce,Mid-size,Male,7.5,29.0,1.98,5,3231555.0,354720.0,3586274.0
Data Analyst,Mumbai,BTech,Tier 3,EdTech,MNC,Male,1.9,25.0,2.78,5,1978902.0,166083.0,2144985.0
DevOps Engineer,Mumbai,BTech,Tier 2,Consulting,Startup,Female,0.0,25.0,2.76,1,1479717.0,225045.0,1704763.0
Data Analyst,Hyderabad,MBA,Tier 2,Manufacturing,MNC,Male,6.3,30.0,2.89,4,2158492.0,341170.0,2499662.0
DevOps Engineer,Remote,BTech,Tier 1,Manufacturing,Startup,Male,4.9,27.0,,4,2016432.0,493720.0,2510152.0
Software Engineer,Kolkata,MTech,Tier 1,EdTech,Mid-size,Female,0.0,27.0,4.22,4,1515891.0,246534.0,1762426.0
Business Analyst,Ahmedabad,BTech,Tier 3,Product Based,Startup,Male,4.7,25.0,4.47,5,1432429.0,120778.0,1553207.0
Software Engineer,Mumbai,BTech,Tier 1,IT Services,MNC,Male,9.4,33.0,2.84,6,3185716.0,603606.0,3789322.0
Backend Developer,Kolkata,BTech,Tier 3,IT Services,Startup,Female,4.5,28.0,3.99,2,1295706.0,311299.0,1607005.0
HR Manager,Bangalore,BTech,Tier 1,Manufacturing,MNC,Male,0.0,23.0,2.02,7,1818948.0,304519.0,2123467.0
Data Analyst,Hyderabad,MTech,Tier 2,FinTech,MNC,Female,0.6,26.0,3.12,2,1812775.0,95158.0,1907933.0
Chartered Accountant,Pune,BTech,Tier 3,FinTech,Startup,Male,1.7,24.0,2.7,7,1877358.0,215903.0,2093261.0
DevOps Engineer,Delhi NCR,BTech,Tier 3,IT Services,MNC,Male,6.4,26.0,4.01,5,2338225.0,174824.0,2513048.0
Software Engineer,Kolkata,BTech,Tier 2,EdTech,MNC,Female,1.5,25.0,3.29,6,1498276.0,223114.0,1721391.0
Business Analyst,Ahmedabad,BTech,Tier 3,IT Services,Startup,Male,1.9,25.0,2.63,4,994601.0,179907.0,1174508.0
Backend Developer,Kolkata,PhD,Tier 2,E-Commerce,MNC,Male,10.8,36.0,,7,3543702.0,252169.0,3795871.0
Marketing Manager,Jaipur,MTech,Tier 3,Manufacturing,Startup,Female,9.8,30.0,1.85,1,1022192.0,89983.0,1112176.0
Data Analyst,Pune,BTech,Tier 1,EdTech,Mid-size,Male,8.9,31.0,4.87,1,2090483.0,397764.0,2488247.0
HR Manager,Jaipur,BTech,Tier 3,FinTech,Mid-size,Female,5.3,27.0,3.58,4,1347958.0,259292.0,1607250.0
Product Manager,Hyderabad,,Tier 2,Manufacturing,Startup,Female,4.4,27.0,3.78,6,2495974.0,567578.0,3063552.0
Data Scientist,Jaipur,,Tier 3,Manufacturing,Startup,Male,0.0,25.0,3.42,5,911905.0,194229.0,1106133.0
Frontend Developer,Ahmedabad,MTech,Tier 2,Consulting,Mid-size,Male,0.0,25.0,2.14,5,1038513.0,88864.0,1127377.0
Chartered Accountant,Delhi NCR,,Tier 1,E-Commerce,Startup,Female,12.5,34.0,3.11,3,2902418.0,148416.0,3050834.0
Chartered Accountant,Pune,BTech,Tier 3,E-Commerce,MNC,Female,8.1,34.0,,5,2637159.0,618010.0,3255170.0
Chartered Accountant,Ahmedabad,MBA,Tier 3,Product Based,Mid-size,Male,10.5,33.0,3.18,5,2600854.0,419914.0,3020767.0
Chartered Accountant,Delhi NCR,MBA,Tier 2,Consulting,Startup,Male,4.1,28.0,3.89,8,2987264.0,297000.0,3284264.0
Chartered Accountant,Kolkata,MTech,Tier 3,Manufacturing,Startup,Female,1.9,23.0,2.64,4,923829.0,84075.0,1007904.0
Data Scientist,Mumbai,BTech,Tier 1,E-Commerce,MNC,Female,5.5,31.0,3.81,5,3569108.0,646928.0,4216036.0
Business Analyst,Remote,BTech,Tier 2,Manufacturing,Mid-size,Male,1.2,19.0,3.09,8,1462553.0,294043.0,1756595.0
Data Analyst,Mumbai,MBA,Tier 3,E-Commerce,Startup,Male,9.5,28.0,3.19,3,2442865.0,123283.0,2566148.0
HR Manager,Remote,BTech,Tier 3,FinTech,Startup,Male,4.1,26.0,2.84,6,1616752.0,165255.0,1782008.0
Backend Developer,Mumbai,BTech,Tier 2,Product Based,Startup,Male,2.3,24.0,2.58,4,2078970.0,285315.0,2364285.0
Data Scientist,Chennai,BTech,Tier 2,FinTech,MNC,Male,6.6,31.0,2.8,6,3149871.0,291578.0,3441449.0
Chartered Accountant,Pune,BTech,Tier 2,FinTech,Mid-size,Female,7.2,31.0,5.0,4,2534081.0,606987.0,3141068.0
Data Scientist,Bangalore,,Tier 2,EdTech,MNC,Male,5.5,27.0,3.11,5,3236367.0,659149.0,3895516.0
HR Manager,Remote,MBA,Tier 2,Product Based,Mid-size,Male,1.0,25.0,3.28,6,1770619.0,252354.0,2022972.0
Software Engineer,Remote,MBA,Tier 1,Consulting,Startup,Female,3.8,27.0,2.85,8,2426050.0,310712.0,2736762.0
Backend Developer,Jaipur,MTech,Tier 3,Product Based,Mid-size,Male,2.3,22.0,3.83,2,1653335.0,169624.0,1822959.0
Data Analyst,Delhi NCR,,Tier 2,Product Based,MNC,Female,3.9,26.0,3.25,4,2818052.0,168281.0,2986333.0
Frontend Developer,Ahmedabad,BTech,Tier 3,Manufacturing,Mid-size,Male,3.0,28.0,2.53,4,1116303.0,92357.0,1208660.0
Data Analyst,Mumbai,BTech,Tier 2,E-Commerce,Mid-size,Male,6.1,29.0,2.82,5,1943840.0,375050.0,2318891.0
Data Scientist,Mumbai,BTech,Tier 3,Product Based,Startup,Female,7.0,31.0,4.14,5,2712458.0,293011.0,3005468.0
Financial Analyst,Remote,BTech,Tier 1,IT Services,MNC,Male,8.7,33.0,3.23,5,2376280.0,381160.0,2757440.0
Data Scientist,Hyderabad,BTech,Tier 1,Product Based,Mid-size,Female,5.0,30.0,3.76,7,3305525.0,168302.0,3473827.0
Data Analyst,Bangalore,MTech,Tier 2,E-Commerce,Startup,Male,10.1,36.0,4.22,7,2826873.0,176785.0,3003657.0
Backend Developer,Mumbai,BTech,Tier 2,EdTech,Startup,Male,1.1,22.0,2.34,9,1739227.0,361183.0,2100410.0
AI Engineer,Delhi NCR,,Tier 3,Manufacturing,MNC,Female,1.0,24.0,2.6,5,2139822.0,166907.0,2306729.0
Product Manager,Chennai,BTech,Tier 1,Product Based,Mid-size,Female,3.1,25.0,3.03,3,3430179.0,633930.0,4064109.0
Product Manager,Jaipur,MBA,Tier 1,FinTech,MNC,Female,7.7,33.0,3.27,5,4306592.0,1075725.0,5382317.0
Financial Analyst,Hyderabad,BTech,Tier 2,Consulting,MNC,Male,0.0,22.0,2.11,3,1198207.0,168669.0,1366877.0
Marketing Manager,Mumbai,BTech,Tier 3,EdTech,Startup,Female,6.7,27.0,4.18,4,1446090.0,348567.0,1794657.0
DevOps Engineer,Ahmedabad,,Tier 1,IT Services,Mid-size,Male,3.1,27.0,3.76,4,2071864.0,467112.0,2538976.0
Financial Analyst,Bangalore,BTech,Tier 3,Product Based,MNC,Male,4.5,29.0,2.05,5,2966226.0,712694.0,3678921.0
Product Manager,Delhi NCR,BTech,Tier 3,Manufacturing,MNC,Male,0.0,21.0,3.8,9,2559198.0,607804.0,3167001.0
Financial Analyst,Jaipur,BTech,Tier 1,EdTech,MNC,Female,4.9,29.0,3.34,4,1894367.0,459261.0,2353628.0
Data Scientist,Ahmedabad,BTech,Tier 2,FinTech,MNC,Male,8.0,34.0,3.25,6,2674952.0,207045.0,2881997.0
Data Scientist,Kolkata,BTech,Tier 2,E-Commerce,MNC,Male,4.6,29.0,3.91,5,2460813.0,379166.0,2839979.0
Software Engineer,Mumbai,MTech,Tier 3,Manufacturing,MNC,Male,8.8,32.0,4.09,4,2661818.0,564142.0,3225960.0
Product Manager,Bangalore,MTech,Tier 3,E-Commerce,MNC,Male,4.6,27.0,2.29,4,4096251.0,412834.0,11916145.236541951
Frontend Developer,Jaipur,BTech,Tier 3,Consulting,Mid-size,Male,5.5,31.0,,3,1178985.0,228501.0,1407486.0
Marketing Manager,Chennai,BTech,Tier 1,IT Services,Mid-size,Male,8.6,31.0,3.46,4,1872435.0,304897.0,2177332.0
Backend Developer,Bangalore,MTech,Tier 1,IT Services,MNC,Male,3.4,25.0,2.96,6,3254447.0,386335.0,3640782.0
Data Analyst,Jaipur,BTech,Tier 3,EdTech,Startup,Male,0.0,23.0,2.6,8,735811.0,158589.0,894399.0
Software Engineer,Kolkata,BTech,Tier 2,Consulting,MNC,Male,6.6,32.0,2.69,8,2094296.0,202553.0,2296849.0
Frontend Developer,Chennai,BTech,Tier 2,E-Commerce,Startup,Female,5.5,31.0,3.03,4,1863049.0,215176.0,2078225.0
Financial Analyst,Jaipur,BTech,Tier 2,EdTech,Startup,Female,4.6,25.0,2.86,4,1174608.0,136811.0,1311418.0
Data Scientist,Pune,MTech,Tier 3,Manufacturing,Mid-size,Male,11.4,35.0,2.99,7,2062602.0,179559.0,2242160.0
Data Analyst,Mumbai,MBA,Tier 2,Product Based,Mid-size,Male,3.5,25.0,3.31,5,2480593.0,458927.0,2939520.0
Business Analyst,Bangalore,MTech,Tier 3,Product Based,MNC,Female,8.5,32.0,4.24,6,3327197.0,472716.0,3799913.0
Financial Analyst,Chennai,,Tier 2,Product Based,Mid-size,Female,0.0,22.0,4.12,7,1961329.0,169411.0,2130741.0
Frontend Developer,Delhi NCR,BTech,Tier 1,Product Based,MNC,Male,2.6,24.0,2.32,6,3270740.0,251618.0,3522358.0
Data Analyst,Chennai,BTech,Tier 3,Consulting,MNC,Male,7.8,29.0,4.71,8,2156150.0,378280.0,2534430.0
DevOps Engineer,Bangalore,BTech,Tier 3,Manufacturing,MNC,Female,6.8,31.0,2.76,4,2261343.0,380588.0,2641931.0
DevOps Engineer,Hyderabad,BTech,Tier 2,Product Based,MNC,Male,15.6,39.0,4.08,7,4286971.0,360106.0,4647077.0
Backend Developer,Mumbai,BTech,Tier 2,Manufacturing,Startup,Male,9.2,34.0,3.63,7,1904803.0,255214.0,2160017.0
DevOps Engineer,Kolkata,,Tier 3,FinTech,MNC,Male,0.0,24.0,3.37,4,1820246.0,180922.0,2001168.0
Backend Developer,Chennai,BTech,Tier 3,Manufacturing,MNC,Female,5.9,29.0,3.46,3,1528274.0,269221.0,1797495.0
Software Engineer,Mumbai,BTech,Tier 1,Product Based,MNC,Male,4.0,24.0,3.34,3,3667001.0,836985.0,4503987.0
HR Manager,Hyderabad,BTech,Tier 2,IT Services,MNC,Male,6.3,30.0,4.18,5,2511489.0,149319.0,2660808.0
AI Engineer,Remote,BTech,Tier 3,Consulting,MNC,Female,3.0,24.0,5.0,5,2600054.0,626942.0,3226996.0
Marketing Manager,Chennai,MTech,Tier 3,Product Based,MNC,Male,2.0,26.0,3.78,10,2932137.0,181634.0,3113771.0
HR Manager,Remote,MBA,Tier 2,FinTech,Mid-size,Female,5.1,27.0,3.68,6,2299972.0,260672.0,2560645.0
Business Analyst,Delhi NCR,BTech,Tier 2,EdTech,MNC,Male,9.5,32.0,3.82,5,2183077.0,324157.0,2507234.0
Frontend Developer,Delhi NCR,BTech,Tier 2,IT Services,Mid-size,Female,1.3,24.0,2.82,2,1221144.0,121920.0,1343064.0
Product Manager,Delhi NCR,BTech,Tier 2,EdTech,Mid-size,Male,9.8,35.0,2.04,9,2884103.0,441519.0,3325622.0
Data Scientist,Ahmedabad,BTech,Tier 3,Product Based,MNC,Male,0.4,25.0,2.58,3,1731352.0,264144.0,1995496.0
DevOps Engineer,Delhi NCR,,Tier 3,Manufacturing,Startup,Male,6.1,32.0,1.8,3,1527939.0,207957.0,1735895.0
Business Analyst,Chennai,BTech,Tier 3,Manufacturing,MNC,Female,0.0,19.0,4.71,5,1347140.0,115811.0,1462951.0
Financial Analyst,Ahmedabad,BTech,Tier 2,IT Services,Mid-size,Male,5.6,28.0,3.51,4,1629348.0,276816.0,1906164.0
Frontend Developer,Kolkata,BTech,Tier 2,Manufacturing,Mid-size,Female,8.8,34.0,4.26,3,1418349.0,107442.0,1525791.0
Product Manager,Delhi NCR,PhD,Tier 2,EdTech,Startup,Female,3.1,30.0,2.84,2,2806523.0,209012.0,3015535.0
Data Analyst,Delhi NCR,MBA,Tier 1,Manufacturing,Mid-size,Male,6.7,29.0,3.46,4,2449681.0,531785.0,2981466.0
Backend Developer,Jaipur,MTech,Tier 2,Manufacturing,Startup,Male,5.4,28.0,3.6,1,1198589.0,207349.0,1405939.0
Marketing Manager,Jaipur,PhD,Tier 3,IT Services,Mid-size,Male,8.6,28.0,2.59,8,2031627.0,415696.0,2447323.0
Data Scientist,Delhi NCR,BTech,Tier 2,FinTech,Mid-size,Male,9.7,36.0,3.93,3,2877461.0,260601.0,3138062.0
Chartered Accountant,Chennai,MBA,Tier 3,Consulting,Mid-size,Male,4.1,26.0,4.19,7,2285631.0,429833.0,2715465.0
DevOps Engineer,Ahmedabad,PhD,Tier 2,Manufacturing,MNC,Male,1.9,23.0,2.53,10,2534360.0,132221.0,2666581.0
Product Manager,Pune,MBA,Tier 3,EdTech,Mid-size,Female,3.5,30.0,2.42,6,2415120.0,555531.0,2970652.0
Data Scientist,Ahmedabad,BTech,Tier 2,FinTech,Mid-size,Female,4.2,26.0,3.56,7,1958079.0,161842.0,2119921.0
Backend Developer,Pune,BTech,Tier 1,E-Commerce,Startup,Female,2.9,22.0,4.99,3,2274320.0,114955.0,2389276.0
Marketing Manager,Hyderabad,MTech,Tier 3,Product Based,MNC,Male,7.1,32.0,1.46,6,2958456.0,210784.0,3169240.0
Business Analyst,Delhi NCR,BTech,Tier 1,Product Based,MNC,Male,2.6,27.0,3.14,2,2780213.0,231390.0,3011603.0
Marketing Manager,Remote,BTech,Tier 3,Manufacturing,MNC,Male,0.0,24.0,2.79,4,1069416.0,262986.0,1332402.0
Backend Developer,Delhi NCR,BTech,Tier 2,IT Services,MNC,Male,9.6,28.0,3.7,5,2554922.0,166429.0,2721351.0
Chartered Accountant,Jaipur,BTech,Tier 3,Product Based,MNC,Male,6.4,27.0,3.34,6,2373112.0,591168.0,2964280.0
HR Manager,Kolkata,BTech,Tier 3,EdTech,Mid-size,Male,1.8,26.0,3.05,3,1221965.0,191948.0,1413913.0
DevOps Engineer,Pune,MTech,Tier 2,E-Commerce,Startup,Male,7.5,34.0,3.02,6,2701290.0,216962.0,2918252.0
Data Analyst,Pune,BTech,Tier 2,EdTech,Startup,Female,1.3,24.0,3.71,6,1259484.0,227289.0,1486773.0
Data Analyst,Remote,MBA,Tier 2,FinTech,Mid-size,Male,2.2,26.0,4.23,2,1902775.0,159625.0,2062400.0
Software Engineer,Remote,BTech,Tier 2,E-Commerce,Mid-size,Female,7.1,32.0,2.74,6,2067566.0,311876.0,2379442.0
Chartered Accountant,Kolkata,BTech,Tier 2,FinTech,Startup,Male,13.5,37.0,,7,2510863.0,568526.0,3079389.0
Software Engineer,Bangalore,,Tier 3,Manufacturing,Startup,Female,4.9,29.0,3.29,2,1998031.0,497717.0,2495748.0
Data Analyst,Delhi NCR,,Tier 3,IT Services,Mid-size,Male,3.0,25.0,2.83,4,1882784.0,158483.0,2041267.0
Data Scientist,Kolkata,BTech,Tier 3,FinTech,MNC,Female,14.9,40.0,2.47,6,2407099.0,318926.0,2726025.0
Business Analyst,Delhi NCR,BTech,Tier 3,Manufacturing,Startup,Female,0.0,21.0,3.25,11,1232791.0,130971.0,1363762.0
AI Engineer,Chennai,BTech,Tier 2,IT Services,Mid-size,Female,3.2,29.0,2.64,5,2192312.0,315620.0,2507931.0
HR Manager,Chennai,MBA,Tier 3,E-Commerce,Startup,Male,2.8,26.0,3.86,6,2016721.0,298994.0,2315715.0
Frontend Developer,Chennai,BTech,Tier 2,Manufacturing,Mid-size,Male,0.0,22.0,3.07,7,931334.0,113435.0,1044768.0
DevOps Engineer,Delhi NCR,BTech,Tier 3,E-Commerce,MNC,Female,1.1,27.0,2.89,5,2278423.0,287685.0,2566109.0
Data Scientist,Pune,BTech,Tier 3,Consulting,Mid-size,Female,7.7,30.0,2.63,4,1972318.0,315658.0,2287976.0
HR Manager,Hyderabad,MTech,Tier 2,EdTech,Mid-size,Female,0.8,20.0,3.58,9,1625205.0,136957.0,1762162.0
AI Engineer,Chennai,MTech,Tier 1,FinTech,MNC,Male,0.0,23.0,1.1,7,3263235.0,383922.0,3647158.0
Marketing Manager,Pune,,Tier 3,Consulting,MNC,Female,3.8,28.0,3.29,8,2151957.0,289382.0,2441339.0
Marketing Manager,Delhi NCR,BTech,Tier 3,Manufacturing,Mid-size,Male,1.2,23.0,3.31,4,1474455.0,156019.0,1630473.0
Data Scientist,Delhi NCR,MTech,Tier 2,IT Services,Startup,Male,2.7,26.0,2.74,4,2258871.0,151785.0,2410656.0
Product Manager,Bangalore,BTech,Tier 1,E-Commerce,Mid-size,Female,5.7,25.0,2.28,7,3873764.0,765652.0,4639416.0
Chartered Accountant,Ahmedabad,BTech,Tier 3,E-Commerce,Mid-size,Female,7.2,33.0,3.74,9,2234548.0,315021.0,2549570.0
Marketing Manager,Pune,BTech,Tier 3,E-Commerce,Startup,Male,4.9,28.0,1.89,6,1758137.0,407776.0,2165913.0
Backend Developer,Bangalore,BTech,Tier 3,FinTech,Mid-size,Male,2.3,26.0,4.04,7,2290734.0,220354.0,2511088.0
Chartered Accountant,Ahmedabad,BTech,Tier 1,Consulting,MNC,Male,8.5,33.0,4.37,5,2866420.0,493196.0,3359616.0
Frontend Developer,Remote,BTech,Tier 3,Product Based,Mid-size,Male,0.0,21.0,3.86,4,1295935.0,91586.0,1387521.0
Frontend Developer,Jaipur,BTech,Tier 3,FinTech,Mid-size,Male,5.4,30.0,2.52,3,1413840.0,268789.0,1682629.0
Business Analyst,Mumbai,MTech,Tier 3,FinTech,Mid-size,Male,5.6,27.0,3.36,5,2318560.0,565947.0,2884507.0
DevOps Engineer,Remote,BTech,Tier 1,Product Based,MNC,Male,0.0,26.0,3.05,7,3007977.0,666690.0,3674667.0
Financial Analyst,Pune,MTech,Tier 2,Product Based,MNC,Male,4.7,29.0,4.02,6,3146702.0,335891.0,3482592.0
Data Scientist,Ahmedabad,BTech,Tier 3,Consulting,MNC,Male,11.0,35.0,2.16,5,2154639.0,313632.0,2468271.0
Backend Developer,Hyderabad,MTech,Tier 2,FinTech,Startup,Male,5.3,27.0,3.39,3,2364121.0,174047.0,2538168.0
HR Manager,Jaipur,BTech,Tier 2,Product Based,Startup,Male,4.2,29.0,3.82,6,1753242.0,94030.0,1847272.0
DevOps Engineer,Bangalore,BTech,Tier 3,FinTech,MNC,Female,5.1,28.0,2.84,4,3067220.0,692637.0,3759857.0
AI Engineer,Chennai,MBA,Tier 3,FinTech,Mid-size,Male,12.8,40.0,3.37,6,3497718.0,762501.0,4260220.0
Product Manager,Jaipur,BTech,Tier 2,Product Based,MNC,Female,9.2,32.0,4.92,4,3284383.0,758626.0,4043009.0
Business Analyst,Delhi NCR,BTech,Tier 3,Manufacturing,Startup,Male,9.1,31.0,4.24,4,1452983.0,153920.0,1606903.0
Business Analyst,Ahmedabad,MBA,Tier 1,Consulting,MNC,Male,7.2,34.0,2.8,7,2879764.0,596147.0,3475912.0
Data Analyst,Delhi NCR,MTech,Tier 1,E-Commerce,Startup,Male,4.9,29.0,2.68,5,2464760.0,314277.0,2779037.0
Data Scientist,Remote,BTech,Tier 3,EdTech,Startup,Male,0.0,23.0,3.27,10,1305427.0,200002.0,1505429.0
Chartered Accountant,Pune,PhD,Tier 2,Consulting,Mid-size,Male,4.2,28.0,3.87,7,3071653.0,545111.0,3616765.0
Backend Developer,Pune,MTech,Tier 3,E-Commerce,Mid-size,Male,8.0,29.0,3.08,6,2608232.0,307556.0,2915788.0
Business Analyst,Chennai,BTech,Tier 1,Product Based,Mid-size,Female,1.4,21.0,,2,1889094.0,275923.0,2165018.0
Marketing Manager,Hyderabad,MTech,Tier 2,E-Commerce,Mid-size,Female,7.7,32.0,3.94,3,2636910.0,458729.0,3095639.0
AI Engineer,Kolkata,BTech,Tier 3,FinTech,Mid-size,Female,9.0,32.0,3.15,3,2253686.0,530532.0,2784218.0
Product Manager,Bangalore,BTech,Tier 1,Product Based,Startup,Male,2.9,24.0,3.61,4,4319526.0,929041.0,5248567.0
Chartered Accountant,Remote,MBA,Tier 3,Manufacturing,Startup,Male,3.3,24.0,2.81,4,1547891.0,196540.0,1744431.0
Chartered Accountant,Ahmedabad,BTech,Tier 3,EdTech,Mid-size,Male,4.5,29.0,4.05,6,1322111.0,299202.0,1621313.0
Data Scientist,Hyderabad,BTech,Tier 3,Consulting,Mid-size,Male,3.7,29.0,3.11,4,1974745.0,165596.0,2140341.0
Product Manager,Delhi NCR,BTech,Tier 2,IT Services,Startup,Male,0.0,23.0,3.32,1,1851063.0,171757.0,2022819.0
Business Analyst,Pune,MTech,Tier 2,FinTech,Startup,Female,3.0,28.0,3.44,5,1956085.0,323026.0,2279111.0
Financial Analyst,Kolkata,BTech,Tier 3,E-Commerce,Mid-size,Female,2.3,26.0,4.5,7,1606937.0,376255.0,1983192.0
Marketing Manager,Hyderabad,BTech,Tier 2,E-Commerce,MNC,Male,7.3,33.0,2.8,10,2907401.0,337486.0,3244887.0
Business Analyst,Jaipur,MTech,Tier 1,IT Services,MNC,Female,5.2,28.0,3.23,5,2013109.0,343422.0,2356531.0
Backend Developer,Kolkata,MTech,Tier 1,Consulting,MNC,Female,5.7,28.0,2.61,5,2621560.0,428814.0,3050374.0
Data Analyst,Chennai,BTech,Tier 1,FinTech,MNC,Female,4.8,30.0,3.73,2,2594172.0,303468.0,2897640.0
Data Scientist,Kolkata,BTech,Tier 2,Manufacturing,Startup,Male,3.4,23.0,3.0,7,1510420.0,208173.0,1718594.0
Data Analyst,Bangalore,BTech,Tier 3,EdTech,Mid-size,Female,4.3,27.0,3.1,4,1367710.0,174862.0,1542572.0
Software Engineer,Remote,BTech,Tier 2,EdTech,Startup,Male,3.6,27.0,2.65,6,1446693.0,305263.0,1751956.0
Data Scientist,Chennai,BTech,Tier 2,EdTech,Mid-size,Male,3.8,28.0,4.12,7,1965924.0,366792.0,2332717.0
Financial Analyst,Delhi NCR,BTech,Tier 3,Manufacturing,MNC,Male,3.1,27.0,3.0,6,1659290.0,107981.0,1767272.0
Data Analyst,Delhi NCR,BTech,Tier 1,Manufacturing,MNC,Male,6.7,27.0,3.71,8,2389528.0,439468.0,2828997.0
Data Analyst,Delhi NCR,BTech,Tier 2,Product Based,MNC,Male,6.2,31.0,4.16,6,3290566.0,666371.0,10456985.393676678
HR Manager,Ahmedabad,MBA,Tier 1,E-Commerce,Startup,Male,4.2,26.0,3.96,7,2140441.0,261687.0,2402128.0
DevOps Engineer,Hyderabad,BTech,Tier 2,IT Services,Mid-size,Male,4.9,31.0,3.38,4,2129630.0,199600.0,2329230.0
Financial Analyst,Chennai,,Tier 3,FinTech,Mid-size,Male,0.0,24.0,4.02,6,1701804.0,315523.0,2017327.0
Data Analyst,Mumbai,BTech,Tier 2,Product Based,Mid-size,Male,2.0,27.0,4.39,2,1990273.0,183148.0,2173421.0
Financial Analyst,Ahmedabad,MBA,Tier 3,Product Based,Mid-size,Male,3.8,26.0,2.42,3,2134380.0,515398.0,2649778.0
HR Manager,Kolkata,BTech,Tier 2,FinTech,MNC,Female,1.5,22.0,2.74,6,1984152.0,114174.0,2098326.0
Backend Developer,Kolkata,MTech,Tier 2,FinTech,Startup,Male,2.4,26.0,3.54,5,1952390.0,170750.0,2123140.0
HR Manager,Chennai,BTech,Tier 1,IT Services,Mid-size,Male,0.0,25.0,,10,1573757.0,365173.0,5124004.422956828
Chartered Accountant,Kolkata,BTech,Tier 3,Product Based,Startup,Male,0.0,25.0,3.24,4,1623456.0,204448.0,1827904.0
Financial Analyst,Remote,BTech,Tier 1,Product Based,Mid-size,Male,1.6,25.0,4.1,5,2218080.0,334437.0,2552518.0
Data Analyst,Hyderabad,BTech,Tier 3,Consulting,MNC,Female,3.3,27.0,2.97,1,1950410.0,257614.0,2208024.0
Software Engineer,Delhi NCR,BTech,Tier 3,EdTech,Mid-size,Female,0.4,28.0,,1,961433.0,55758.0,1017191.0
Frontend Developer,Pune,BTech,Tier 2,EdTech,Mid-size,Female,4.4,28.0,2.8,7,1774936.0,332180.0,2107116.0
HR Manager,Pune,BTech,Tier 2,E-Commerce,MNC,Male,0.0,26.0,2.56,3,1526151.0,372468.0,1898619.0
Data Analyst,Jaipur,BTech,Tier 3,FinTech,MNC,Female,0.0,27.0,3.09,7,1272436.0,176439.0,1448876.0
DevOps Engineer,Chennai,MTech,Tier 3,IT Services,Mid-size,Female,6.4,30.0,3.64,5,2050560.0,240379.0,2290938.0
AI Engineer,Jaipur,BTech,Tier 2,IT Services,Mid-size,Male,0.1,22.0,2.97,7,1664413.0,412521.0,2076934.0
HR Manager,Remote,,Tier 3,Manufacturing,MNC,Male,9.7,32.0,2.87,3,2007712.0,487639.0,2495351.0
AI Engineer,Pune,BTech,Tier 2,FinTech,MNC,Female,0.0,21.0,3.75,7,2932182.0,643998.0,3576179.0
Marketing Manager,Jaipur,BTech,Tier 3,Consulting,MNC,Female,2.2,28.0,2.42,5,1388055.0,326147.0,1714202.0
Chartered Accountant,Remote,BTech,Tier 2,Product Based,Startup,Female,0.4,22.0,3.09,1,1623793.0,352279.0,1976071.0
Backend Developer,Hyderabad,MBA,Tier 1,EdTech,MNC,Female,5.2,30.0,3.87,6,3019825.0,159685.0,3179510.0
Backend Developer,Jaipur,BTech,Tier 2,EdTech,Startup,Male,6.0,31.0,4.23,4,1556617.0,80156.0,1636773.0
Chartered Accountant,Ahmedabad,MTech,Tier 3,FinTech,Startup,Female,4.2,28.0,4.1,10,2159978.0,265101.0,2425080.0
Frontend Developer,Mumbai,BTech,Tier 2,Consulting,MNC,Male,9.1,35.0,4.2,6,3132076.0,313116.0,3445192.0
HR Manager,Jaipur,MTech,Tier 2,FinTech,Mid-size,Male,2.6,22.0,2.94,1,1615370.0,328536.0,5137154.483045966
Business Analyst,Chennai,BTech,Tier 3,E-Commerce,Startup,Female,7.4,31.0,3.69,6,1535897.0,257192.0,1793089.0
Financial Analyst,Delhi NCR,BTech,Tier 3,Product Based,Mid-size,Male,8.4,33.0,3.57,2,2302789.0,154053.0,2456842.0
Software Engineer,Chennai,BTech,Tier 3,EdTech,Startup,Female,7.4,30.0,2.83,6,1350856.0,99740.0,1450596.0
Data Analyst,Ahmedabad,MTech,Tier 1,FinTech,Mid-size,Male,3.8,25.0,4.46,7,2396555.0,525885.0,2922440.0
Data Analyst,Mumbai,MBA,Tier 1,E-Commerce,MNC,Male,7.7,29.0,2.66,1,3097209.0,454527.0,3551736.0
DevOps Engineer,Kolkata,BTech,Tier 2,IT Services,MNC,Male,4.0,26.0,3.52,2,2146603.0,117263.0,2263866.0
HR Manager,Delhi NCR,BTech,Tier 1,E-Commerce,Startup,Male,1.2,25.0,4.37,3,2052906.0,354841.0,2407747.0
Financial Analyst,Hyderabad,BTech,Tier 3,Consulting,Startup,Male,6.0,25.0,3.82,3,1922456.0,274100.0,2196556.0
Financial Analyst,Remote,,Tier 2,Consulting,Startup,Male,4.3,29.0,4.53,4,1466329.0,223833.0,1690162.0
Data Scientist,Jaipur,BTech,Tier 3,Manufacturing,Startup,Male,7.3,26.0,3.32,4,1319829.0,180879.0,1500708.0
Frontend Developer,Hyderabad,BTech,Tier 3,IT Services,Mid-size,Female,6.4,27.0,,2,1554124.0,328674.0,1882798.0
Chartered Accountant,Bangalore,PhD,Tier 2,IT Services,Startup,Female,1.8,22.0,2.72,3,2243394.0,302891.0,2546284.0
Business Analyst,Bangalore,BTech,Tier 3,E-Commerce,Startup,Male,2.6,27.0,,5,2050651.0,355433.0,2406084.0
Backend Developer,Kolkata,MTech,Tier 3,FinTech,Mid-size,Male,15.9,40.0,3.54,6,2347940.0,220480.0,2568420.0
Backend Developer,Hyderabad,MTech,Tier 3,E-Commerce,Startup,Male,6.4,30.0,4.41,7,2660386.0,295908.0,2956294.0
Marketing Manager,Pune,MTech,Tier 2,E-Commerce,MNC,Female,6.9,30.0,4.22,8,2910078.0,532256.0,3442334.0
Data Scientist,Kolkata,,Tier 2,EdTech,Mid-size,Male,1.1,21.0,2.94,9,1613861.0,227280.0,1841141.0
DevOps Engineer,Kolkata,MBA,Tier 2,EdTech,MNC,Male,10.9,39.0,5.0,6,2879370.0,474817.0,3354187.0
Data Analyst,Ahmedabad,MTech,Tier 2,E-Commerce,Mid-size,Female,5.9,32.0,2.28,8,1776538.0,383837.0,2160375.0
Financial Analyst,Remote,BTech,Tier 2,FinTech,Mid-size,Male,10.5,33.0,2.91,4,2316756.0,508879.0,2825635.0
Business Analyst,Hyderabad,MTech,Tier 2,Consulting,MNC,Male,6.2,33.0,3.63,3,2551762.0,542066.0,3093827.0
Product Manager,Chennai,BTech,Tier 2,IT Services,Mid-size,Female,6.2,30.0,3.07,8,2542628.0,454370.0,2996998.0
DevOps Engineer,Bangalore,BTech,Tier 3,FinTech,Startup,Male,6.3,30.0,2.67,5,2820335.0,261571.0,3081907.0
AI Engineer,Hyderabad,MTech,Tier 2,IT Services,Startup,Female,2.0,29.0,,8,2398311.0,207073.0,2605384.0
Backend Developer,Pune,BTech,Tier 1,Consulting,Mid-size,Female,8.7,30.0,3.42,5,2365977.0,353153.0,2719130.0
Software Engineer,Kolkata,MBA,Tier 1,EdTech,MNC,Male,1.4,23.0,3.07,4,2117845.0,339903.0,2457748.0
Financial Analyst,Delhi NCR,BTech,Tier 1,FinTech,MNC,Male,9.5,32.0,3.7,2,3405364.0,435922.0,3841287.0
Backend Developer,Hyderabad,MTech,Tier 2,IT Services,Startup,Male,8.5,32.0,3.72,5,2369123.0,135626.0,2504749.0
HR Manager,Remote,MBA,Tier 3,EdTech,Startup,Male,1.6,24.0,4.06,4,1373411.0,246456.0,1619866.0
DevOps Engineer,Chennai,BTech,Tier 3,Consulting,Startup,Female,1.7,25.0,3.31,7,1546446.0,270627.0,1817073.0
Marketing Manager,Remote,BTech,Tier 3,E-Commerce,MNC,Female,0.0,27.0,3.6,3,1362376.0,313263.0,1675639.0
AI Engineer,Chennai,BTech,Tier 2,EdTech,MNC,Male,7.5,30.0,2.97,4,2728262.0,317854.0,3046116.0
HR Manager,Remote,BTech,Tier 2,EdTech,MNC,Male,2.9,28.0,3.49,6,1916380.0,117262.0,2033641.0
Software Engineer,Hyderabad,MTech,Tier 2,EdTech,Startup,Female,10.1,32.0,3.57,5,2128342.0,505766.0,2634109.0
Chartered Accountant,Kolkata,BTech,Tier 2,E-Commerce,Mid-size,Female,0.3,24.0,4.25,1,1428997.0,317822.0,1746820.0
Financial Analyst,Pune,BTech,Tier 1,FinTech,Mid-size,Male,11.1,37.0,3.1,2,2708062.0,481704.0,3189766.0
Frontend Developer,Hyderabad,BTech,Tier 3,Manufacturing,Startup,Male,4.7,26.0,4.95,1,1394216.0,145798.0,1540015.0
DevOps Engineer,Chennai,BTech,Tier 3,EdTech,Mid-size,Female,4.2,24.0,2.98,3,1701647.0,187509.0,1889156.0
Marketing Manager,Remote,MTech,Tier 2,Product Based,Startup,Male,1.9,27.0,1.49,5,1718095.0,255653.0,1973748.0
Frontend Developer,Ahmedabad,MBA,Tier 3,FinTech,MNC,Male,5.4,31.0,3.75,3,2598631.0,439002.0,3037632.0
AI Engineer,Ahmedabad,BTech,Tier 2,Manufacturing,Mid-size,Male,8.5,31.0,4.01,6,2033870.0,117270.0,2151140.0
Data Analyst,Jaipur,MBA,Tier 1,E-Commerce,MNC,Male,4.2,28.0,3.63,8,2423219.0,199508.0,2622727.0
Business Analyst,Jaipur,BTech,Tier 3,EdTech,MNC,Female,4.0,28.0,3.88,4,1164931.0,153276.0,1318207.0
Software Engineer,Remote,BTech,Tier 3,IT Services,Startup,Female,5.0,30.0,3.67,6,1725276.0,398273.0,2123549.0
Software Engineer,Chennai,MTech,Tier 3,FinTech,Mid-size,Male,5.2,30.0,3.28,5,2557021.0,412167.0,2969188.0
AI Engineer,Delhi NCR,BTech,Tier 1,FinTech,Mid-size,Male,7.6,32.0,4.42,2,3894334.0,785746.0,4680080.0
Software Engineer,Kolkata,,Tier 3,EdTech,Startup,Male,3.1,24.0,2.02,6,1401175.0,116403.0,1517578.0
Frontend Developer,Mumbai,MBA,Tier 3,EdTech,Mid-size,Male,2.4,27.0,2.98,7,1800157.0,183824.0,1983981.0
Marketing Manager,Remote,BTech,Tier 2,Product Based,MNC,Male,2.9,24.0,4.56,5,2581409.0,305405.0,2886814.0
Chartered Accountant,Remote,MBA,Tier 1,FinTech,Startup,Male,2.4,25.0,2.17,3,2762959.0,259232.0,3022190.0
Business Analyst,Delhi NCR,BTech,Tier 2,FinTech,MNC,Male,2.5,27.0,2.37,6,2602395.0,418658.0,3021053.0
Chartered Accountant,Mumbai,BTech,Tier 1,E-Commerce,Mid-size,Male,0.0,24.0,4.73,1,2255600.0,430848.0,2686448.0
AI Engineer,Hyderabad,BTech,Tier 2,E-Commerce,Startup,Male,6.4,33.0,3.76,5,2787382.0,565199.0,3352582.0
Business Analyst,Pune,BTech,Tier 3,Manufacturing,Startup,Male,0.0,23.0,3.14,5,639682.0,95550.0,735232.0
Frontend Developer,Jaipur,MBA,Tier 1,Product Based,MNC,Female,9.9,34.0,3.28,4,3278131.0,417112.0,3695242.0
Marketing Manager,Remote,MTech,Tier 1,Consulting,MNC,Female,5.1,31.0,3.51,6,2779380.0,351840.0,3131220.0
AI Engineer,Hyderabad,BTech,Tier 3,Product Based,Mid-size,Male,9.0,34.0,,6,3116503.0,566388.0,3682891.0
Marketing Manager,Hyderabad,BTech,Tier 3,Product Based,Mid-size,Male,1.2,22.0,3.24,3,1792602.0,403682.0,2196285.0
Frontend Developer,Jaipur,BTech,Tier 3,Manufacturing,Startup,Male,6.7,28.0,4.13,7,1152424.0,110233.0,1262657.0
Data Scientist,Mumbai,MBA,Tier 2,Manufacturing,MNC,Male,0.0,19.0,3.83,1,1792316.0,101811.0,1894127.0
Chartered Accountant,Kolkata,MTech,Tier 2,Manufacturing,MNC,Male,8.0,29.0,,6,2435912.0,150865.0,2586777.0
HR Manager,Pune,BTech,Tier 3,Consulting,Startup,Male,0.0,25.0,2.73,5,1002732.0,83996.0,1086729.0
Financial Analyst,Bangalore,BTech,Tier 3,FinTech,Startup,Male,16.7,41.0,3.65,8,2732490.0,545869.0,3278359.0
Product Manager,Pune,BTech,Tier 3,Consulting,Mid-size,Male,5.2,29.0,3.79,5,2707398.0,586477.0,3293875.0
DevOps Engineer,Bangalore,,Tier 3,Product Based,Mid-size,Male,5.6,30.0,3.21,3,3306301.0,678408.0,3984710.0
Business Analyst,Jaipur,BTech,Tier 1,Product Based,Startup,Male,12.8,30.0,3.11,7,2376188.0,209762.0,2585950.0
AI Engineer,Delhi NCR,BTech,Tier 3,E-Commerce,MNC,Male,5.7,27.0,2.35,7,3414766.0,768959.0,4183725.0
HR Manager,Jaipur,MBA,Tier 1,Consulting,Mid-size,Female,5.5,28.0,3.82,5,1927454.0,252908.0,2180362.0
HR Manager,Pune,MTech,Tier 2,E-Commerce,Startup,Male,10.0,32.0,1.7,3,2377024.0,547423.0,2924447.0
Product Manager,Pune,BTech,Tier 2,IT Services,Startup,Male,10.6,33.0,5.0,2,2487276.0,353322.0,2840598.0
DevOps Engineer,Kolkata,BTech,Tier 3,Product Based,Mid-size,Female,2.1,30.0,3.48,2,1939329.0,97087.0,2036417.0
Chartered Accountant,Hyderabad,BTech,Tier 3,IT Services,MNC,Male,5.8,29.0,3.61,3,1936325.0,403198.0,2339523.0
AI Engineer,Remote,BTech,Tier 3,E-Commerce,MNC,Male,11.7,32.0,4.31,8,3282728.0,308885.0,3591613.0
Data Scientist,Mumbai,BTech,Tier 3,Consulting,Startup,Male,3.4,28.0,4.74,4,2125679.0,172416.0,2298096.0
Chartered Accountant,Kolkata,BTech,Tier 3,Consulting,MNC,Male,6.4,32.0,4.26,7,2450115.0,290951.0,2741066.0
Data Scientist,Kolkata,BTech,Tier 1,Manufacturing,Mid-size,Male,3.1,29.0,2.28,2,1590364.0,236481.0,1826845.0
Financial Analyst,Chennai,,Tier 1,Product Based,Mid-size,Male,4.7,27.0,3.84,7,2765250.0,311101.0,3076350.0
Product Manager,Ahmedabad,MBA,Tier 1,Consulting,MNC,Male,5.1,31.0,4.07,10,4373806.0,849670.0,5223476.0
Software Engineer,Hyderabad,BTech,Tier 2,E-Commerce,Startup,Female,6.1,29.0,4.21,3,2239097.0,481847.0,2720943.0
AI Engineer,Pune,BTech,Tier 2,IT Services,Mid-size,Female,0.0,26.0,1.68,4,1636122.0,102015.0,1738137.0
Chartered Accountant,Ahmedabad,BTech,Tier 3,FinTech,Startup,Male,0.0,23.0,2.0,5,1249905.0,79864.0,1329769.0
Frontend Developer,Jaipur,MBA,Tier 3,Manufacturing,MNC,Female,2.6,24.0,5.0,3,1353623.0,267381.0,1621005.0
Product Manager,Pune,MTech,Tier 2,Product Based,Startup,Female,7.2,32.0,2.63,1,3493143.0,574727.0,4067870.0
Product Manager,Chennai,MTech,Tier 1,IT Services,Startup,Male,9.4,32.0,3.74,3,3402837.0,650536.0,4053373.0
Frontend Developer,Kolkata,BTech,Tier 2,Consulting,Mid-size,Female,5.8,28.0,4.84,5,1937596.0,298364.0,2235959.0
Financial Analyst,Ahmedabad,BTech,Tier 2,Consulting,Mid-size,Male,1.6,26.0,2.58,8,1108971.0,163956.0,1272927.0
Data Scientist,Hyderabad,BTech,Tier 3,Consulting,MNC,Male,3.6,29.0,,6,2691512.0,594399.0,3285911.0
HR Manager,Chennai,BTech,Tier 3,FinTech,Startup,Male,0.1,22.0,,6,1140051.0,173234.0,1313285.0
Frontend Developer,Hyderabad,BTech,Tier 3,FinTech,MNC,Male,8.7,31.0,4.15,6,2895008.0,587168.0,3482175.0
Frontend Developer,Hyderabad,PhD,Tier 2,EdTech,MNC,Male,3.9,23.0,3.41,1,2435004.0,278831.0,2713835.0
Frontend Developer,Kolkata,BTech,Tier 3,E-Commerce,Mid-size,Female,8.8,34.0,3.38,7,1672652.0,183728.0,1856380.0
DevOps Engineer,Ahmedabad,PhD,Tier 2,Manufacturing,Startup,Male,7.4,33.0,3.1,8,2179707.0,356706.0,2536413.0
Software Engineer,Hyderabad,BTech,Tier 2,FinTech,Mid-size,Male,0.4,28.0,4.49,3,2003766.0,122163.0,2125929.0
Product Manager,Chennai,BTech,Tier 3,IT Services,MNC,Male,6.6,33.0,3.86,5,2776954.0,431690.0,3208645.0
Marketing Manager,Mumbai,BTech,Tier 3,Consulting,Mid-size,Female,1.8,25.0,3.61,10,1885758.0,367327.0,2253085.0
Financial Analyst,Bangalore,BTech,Tier 2,Manufacturing,Mid-size,Female,7.1,32.0,2.1,4,1817258.0,202712.0,2019970.0
Software Engineer,Ahmedabad,MTech,Tier 2,E-Commerce,Startup,Male,7.5,34.0,,5,1898267.0,200532.0,2098799.0
Data Analyst,Delhi NCR,BTech,Tier 1,Product Based,MNC,Male,2.3,24.0,3.43,6,2808107.0,611791.0,3419898.0
Data Analyst,Hyderabad,BTech,Tier 1,Manufacturing,Startup,Male,4.8,24.0,3.72,5,1427851.0,191996.0,1619847.0
Data Scientist,Pune,BTech,Tier 2,Manufacturing,MNC,Female,9.1,33.0,2.58,8,2399177.0,268678.0,2667856.0
Software Engineer,Mumbai,MTech,Tier 3,Product Based,MNC,Male,0.0,23.0,2.69,1,2131368.0,397687.0,2529055.0
Business Analyst,Delhi NCR,MBA,Tier 2,Manufacturing,Mid-size,Female,10.6,31.0,4.36,7,2322256.0,163456.0,2485713.0
Frontend Developer,Mumbai,MBA,Tier 1,FinTech,MNC,Male,8.6,30.0,3.09,9,5021497.0,578014.0,5599511.0
Backend Developer,Remote,MTech,Tier 3,Manufacturing,Startup,Male,9.3,32.0,5.0,2,1544320.0,354441.0,1898761.0
Backend Developer,Delhi NCR,MTech,Tier 3,Product Based,Mid-size,Male,5.8,28.0,2.5,3,2719681.0,172772.0,2892453.0
Financial Analyst,Delhi NCR,BTech,Tier 3,Product Based,MNC,Female,4.1,27.0,,3,2643860.0,399179.0,3043038.0
Software Engineer,Ahmedabad,BTech,Tier 3,Product Based,Mid-size,Male,3.5,26.0,3.7,5,1963566.0,255163.0,2218729.0
Data Analyst,Ahmedabad,MTech,Tier 1,Consulting,Mid-size,Male,1.1,25.0,3.94,4,1937391.0,233685.0,2171075.0
Software Engineer,Remote,BTech,Tier 1,EdTech,Mid-size,Male,8.6,30.0,4.25,2,1944371.0,399242.0,2343613.0
Product Manager,Mumbai,MTech,Tier 3,E-Commerce,Startup,Female,6.7,31.0,4.78,7,3471136.0,701668.0,4172804.0
Chartered Accountant,Jaipur,,Tier 3,Consulting,MNC,Male,3.4,28.0,2.05,5,1625129.0,359230.0,1984359.0
Financial Analyst,Ahmedabad,BTech,Tier 3,EdTech,MNC,Male,3.1,23.0,2.94,4,1184228.0,286465.0,1470692.0
Data Scientist,Pune,BTech,Tier 3,IT Services,MNC,Male,5.9,26.0,4.07,6,2543424.0,297525.0,2840950.0
Financial Analyst,Mumbai,PhD,Tier 2,Consulting,Startup,Male,7.1,33.0,2.47,11,2943496.0,593036.0,3536533.0
Data Analyst,Hyderabad,MBA,Tier 3,Consulting,Startup,Male,1.3,22.0,4.21,1,1621119.0,281185.0,1902304.0
Data Analyst,Bangalore,BTech,Tier 1,EdTech,MNC,Female,5.0,29.0,2.73,2,1924872.0,180464.0,2105336.0
DevOps Engineer,Kolkata,BTech,Tier 2,FinTech,MNC,Male,5.4,29.0,3.42,6,2621037.0,443885.0,3064922.0
Product Manager,Hyderabad,BTech,Tier 2,FinTech,Startup,Male,7.3,32.0,,4,3375036.0,755662.0,4130698.0
Chartered Accountant,Chennai,BTech,Tier 3,EdTech,MNC,Female,9.7,31.0,2.51,4,1817112.0,401263.0,2218374.0
Financial Analyst,Pune,BTech,Tier 3,E-Commerce,Mid-size,Male,12.0,36.0,3.61,6,2041949.0,123319.0,2165268.0
AI Engineer,Remote,MTech,Tier 1,Manufacturing,Mid-size,Male,16.3,40.0,3.43,4,2882018.0,613286.0,3495303.0
AI Engineer,Chennai,MTech,Tier 2,E-Commerce,MNC,Male,8.4,35.0,2.22,5,3943487.0,641467.0,4584953.0
Marketing Manager,Hyderabad,BTech,Tier 1,IT Services,MNC,Male,10.3,36.0,3.86,8,3142457.0,615381.0,9930827.07099031
Backend Developer,Remote,BTech,Tier 2,EdTech,Startup,Female,2.7,24.0,3.16,4,1487487.0,171030.0,1658516.0
Software Engineer,Delhi NCR,BTech,Tier 2,EdTech,Mid-size,Male,4.6,26.0,3.87,6,1976940.0,148751.0,2125692.0
Financial Analyst,Mumbai,BTech,Tier 2,Consulting,Mid-size,Female,2.3,26.0,2.63,7,1870996.0,190032.0,2061028.0
Backend Developer,Hyderabad,MBA,Tier 3,FinTech,Startup,Female,5.2,28.0,3.57,4,2524939.0,376856.0,2901796.0
AI Engineer,Mumbai,MTech,Tier 1,Consulting,Mid-size,Male,1.7,24.0,3.07,3,3178666.0,693805.0,10233767.351978693
Product Manager,Chennai,BTech,Tier 3,FinTech,Mid-size,Male,5.4,28.0,2.53,6,2603434.0,401681.0,3005116.0
DevOps Engineer,Pune,MTech,Tier 2,E-Commerce,Mid-size,Male,7.5,31.0,3.7,8,2900674.0,394698.0,3295372.0
Software Engineer,Mumbai,BTech,Tier 3,Consulting,Mid-size,Male,2.6,21.0,4.55,2,2013713.0,170876.0,2184589.0
Backend Developer,Mumbai,BTech,Tier 3,FinTech,MNC,Female,11.7,34.0,3.42,10,3214992.0,752285.0,3967277.0
Business Analyst,Remote,BTech,Tier 1,IT Services,MNC,Male,3.2,27.0,4.24,6,2089486.0,335028.0,2424513.0
Product Manager,Bangalore,BTech,Tier 2,IT Services,Mid-size,Male,0.0,25.0,3.75,8,2435930.0,525880.0,2961809.0
Data Scientist,Bangalore,BTech,Tier 2,Consulting,MNC,Male,4.5,24.0,3.39,3,2785843.0,403654.0,3189497.0
Financial Analyst,Mumbai,BTech,Tier 3,IT Services,Mid-size,Male,3.5,28.0,4.98,5,1773438.0,248702.0,2022140.0
Financial Analyst,Pune,MTech,Tier 2,EdTech,Startup,Male,5.4,30.0,,1,1654440.0,91108.0,1745547.0
Data Scientist,Mumbai,BTech,Tier 2,Product Based,MNC,Male,3.6,26.0,3.26,4,3234445.0,347552.0,3581998.0
Business Analyst,Jaipur,BTech,Tier 2,FinTech,Mid-size,Female,5.2,28.0,3.07,5,1758646.0,88549.0,1847195.0
DevOps Engineer,Chennai,BTech,Tier 2,Product Based,Mid-size,Female,3.2,24.0,2.27,3,2294125.0,413440.0,2707565.0
Financial Analyst,Hyderabad,PhD,Tier 2,Manufacturing,Startup,Male,8.8,30.0,4.03,6,2124004.0,242836.0,2366841.0
Data Analyst,Remote,,Tier 2,E-Commerce,Startup,Female,5.0,27.0,2.96,2,1610315.0,256445.0,1866760.0
Data Analyst,Jaipur,MBA,Tier 3,FinTech,MNC,Male,2.9,22.0,3.51,5,1872710.0,408478.0,2281188.0
Frontend Developer,Remote,BTech,Tier 2,EdTech,MNC,Male,9.3,32.0,3.08,5,2217339.0,331069.0,2548408.0
Frontend Developer,Remote,BTech,Tier 3,Manufacturing,Mid-size,Male,4.3,27.0,,4,1254449.0,73223.0,1327672.0
Backend Developer,Kolkata,MBA,Tier 2,Manufacturing,MNC,Male,13.4,39.0,3.53,4,2183293.0,170899.0,2354192.0
HR Manager,Remote,BTech,Tier 3,E-Commerce,Startup,Male,5.8,32.0,4.07,7,2007628.0,341413.0,2349040.0
HR Manager,Delhi NCR,BTech,Tier 3,Product Based,Mid-size,Male,4.3,28.0,3.89,5,2157262.0,270590.0,2427853.0
Backend Developer,Jaipur,BTech,Tier 3,EdTech,Mid-size,Male,3.2,26.0,2.35,2,933805.0,161977.0,1095782.0
Business Analyst,Bangalore,BTech,Tier 1,Product Based,MNC,Male,7.6,32.0,3.83,3,3627682.0,287181.0,3914863.0
Product Manager,Jaipur,BTech,Tier 3,EdTech,MNC,Female,9.1,34.0,2.98,5,2162464.0,169108.0,2331572.0
Chartered Accountant,Bangalore,BTech,Tier 1,Consulting,Startup,Female,7.5,32.0,2.58,1,2614707.0,539579.0,3154286.0
Frontend Developer,Pune,MTech,Tier 1,FinTech,MNC,Male,4.7,28.0,2.78,5,3434378.0,326582.0,3760960.0
Product Manager,Remote,,Tier 2,EdTech,Mid-size,Male,0.7,23.0,3.27,7,2287330.0,552532.0,2839862.0
Product Manager,Pune,BTech,Tier 2,E-Commerce,Mid-size,Male,1.6,27.0,3.82,5,2824319.0,574734.0,3399053.0
HR Manager,Kolkata,BTech,Tier 3,Product Based,MNC,Male,0.0,24.0,3.19,6,1708169.0,160664.0,1868833.0
Data Analyst,Delhi NCR,BTech,Tier 1,Consulting,MNC,Male,2.4,25.0,4.5,9,2954291.0,337399.0,3291689.0
AI Engineer,Jaipur,BTech,Tier 3,E-Commerce,Startup,Female,8.3,32.0,3.78,3,1780010.0,314776.0,2094786.0
Marketing Manager,Remote,BTech,Tier 2,IT Services,Startup,Male,0.0,24.0,3.16,7,1202114.0,202409.0,1404523.0
Data Scientist,Jaipur,MTech,Tier 3,Product Based,MNC,Male,5.2,30.0,2.83,7,2452542.0,476761.0,2929303.0
Data Scientist,Chennai,BTech,Tier 3,E-Commerce,MNC,Male,2.5,27.0,3.07,6,2242639.0,257985.0,2500624.0
Chartered Accountant,Bangalore,PhD,Tier 2,E-Commerce,Startup,Male,4.1,28.0,4.28,6,3224412.0,663605.0,3888017.0
HR Manager,Pune,PhD,Tier 2,FinTech,Mid-size,Male,11.3,36.0,2.89,4,3240664.0,312574.0,3553238.0
Frontend Developer,Chennai,BTech,Tier 3,Product Based,MNC,Male,13.5,36.0,4.12,5,3102043.0,756312.0,3858355.0
Backend Developer,Mumbai,BTech,Tier 2,IT Services,Startup,Male,3.0,23.0,3.83,4,1635904.0,205844.0,1841747.0
Product Manager,Remote,BTech,Tier 2,Product Based,Mid-size,Male,4.7,25.0,3.14,6,3171308.0,569496.0,3740804.0
Backend Developer,Ahmedabad,BTech,Tier 3,IT Services,Startup,Male,0.0,23.0,2.51,9,975768.0,63740.0,1039508.0
AI Engineer,Hyderabad,,Tier 1,Manufacturing,MNC,Female,2.3,24.0,3.16,5,2945641.0,413423.0,3359064.0
HR Manager,Bangalore,BTech,Tier 2,Consulting,Startup,Male,0.1,25.0,2.95,2,1601453.0,142753.0,1744206.0
DevOps Engineer,Kolkata,BTech,Tier 1,FinTech,Startup,Male,8.1,32.0,2.05,5,2715942.0,176301.0,2892243.0
Product Manager,Chennai,,Tier 3,IT Services,Mid-size,Female,0.0,22.0,2.65,8,1740000.0,263005.0,2003004.0
Frontend Developer,Bangalore,MTech,Tier 3,Manufacturing,MNC,Male,1.5,26.0,2.87,3,1749848.0,176283.0,1926132.0
Product Manager,Bangalore,BTech,Tier 2,EdTech,MNC,Female,8.7,28.0,3.22,8,4064995.0,746135.0,4811130.0
Business Analyst,Kolkata,BTech,Tier 3,FinTech,Startup,Female,10.5,32.0,2.79,3,1658317.0,328568.0,1986885.0
Financial Analyst,Delhi NCR,BTech,Tier 3,EdTech,Startup,Male,3.7,27.0,3.44,4,1621455.0,89973.0,1711427.0
AI Engineer,Remote,MTech,Tier 3,FinTech,Mid-size,Male,6.2,25.0,3.65,6,3159609.0,223174.0,3382782.0
Software Engineer,Ahmedabad,BTech,Tier 1,Manufacturing,Mid-size,Male,0.0,21.0,4.72,6,1415954.0,148796.0,1564750.0
Product Manager,Pune,BTech,Tier 2,Manufacturing,MNC,Male,1.0,24.0,1.55,2,2107246.0,354416.0,2461662.0
Product Manager,Bangalore,MBA,Tier 3,Product Based,MNC,Female,7.8,28.0,2.97,2,4816843.0,1048819.0,5865662.0
Frontend Developer,Remote,MTech,Tier 3,EdTech,Mid-size,Male,0.0,26.0,2.51,3,1057862.0,250126.0,1307988.0
HR Manager,Chennai,BTech,Tier 2,Product Based,Startup,Male,1.4,23.0,3.19,2,1822837.0,418456.0,2241293.0
Chartered Accountant,Pune,MTech,Tier 2,IT Services,Mid-size,Male,11.8,35.0,3.99,7,2632081.0,294148.0,2926228.0
Chartered Accountant,Jaipur,MTech,Tier 2,Manufacturing,MNC,Male,3.6,25.0,2.65,6,1798858.0,148350.0,1947208.0
DevOps Engineer,Pune,BTech,Tier 2,IT Services,Startup,Male,1.0,26.0,3.04,7,1677063.0,372522.0,2049586.0
AI Engineer,Kolkata,MTech,Tier 3,IT Services,Mid-size,Female,12.3,36.0,4.27,3,2139251.0,386199.0,2525450.0
DevOps Engineer,Hyderabad,BTech,Tier 3,IT Services,MNC,Male,6.8,29.0,4.14,8,2710523.0,198405.0,2908928.0
Data Analyst,Bangalore,BTech,Tier 2,FinTech,MNC,Male,8.2,30.0,4.47,2,3073856.0,276324.0,3350181.0
Backend Developer,Jaipur,BTech,Tier 3,Manufacturing,Mid-size,Male,7.7,31.0,3.7,6,1463382.0,207746.0,1671128.0
Marketing Manager,Delhi NCR,BTech,Tier 3,Manufacturing,MNC,Female,9.1,31.0,3.76,2,2091985.0,485896.0,2577881.0
Marketing Manager,Remote,MTech,Tier 3,E-Commerce,Mid-size,Female,4.1,29.0,3.53,6,1938154.0,395686.0,2333840.0
Backend Developer,Remote,BTech,Tier 3,EdTech,Startup,Male,2.5,25.0,3.43,4,997510.0,84628.0,1082138.0
AI Engineer,Remote,BTech,Tier 2,FinTech,Mid-size,Male,6.6,28.0,2.44,3,2546489.0,332275.0,2878764.0
Financial Analyst,Pune,MBA,Tier 2,IT Services,Mid-size,Male,0.4,22.0,3.82,4,1452158.0,311486.0,1763644.0
Business Analyst,Hyderabad,BTech,Tier 3,EdTech,Startup,Male,11.3,34.0,2.78,1,1410793.0,285267.0,1696060.0
Frontend Developer,Delhi NCR,BTech,Tier 3,Manufacturing,Mid-size,Male,3.6,28.0,3.45,3,1447263.0,111912.0,1559175.0
Data Scientist,Remote,BTech,Tier 2,FinTech,Startup,Male,10.2,32.0,2.88,2,2327621.0,546890.0,2874511.0
Backend Developer,Remote,MBA,Tier 3,E-Commerce,Startup,Male,2.5,23.0,4.7,2,1677770.0,294964.0,1972734.0
Frontend Developer,Remote,BTech,Tier 3,Product Based,Startup,Female,9.0,32.0,2.63,4,1935099.0,432182.0,2367281.0
Chartered Accountant,Remote,MBA,Tier 1,FinTech,MNC,Male,3.1,26.0,3.58,8,3839835.0,832201.0,4672036.0
Data Analyst,Pune,MTech,Tier 3,E-Commerce,MNC,Male,0.0,26.0,4.07,9,1989299.0,229019.0,2218318.0
AI Engineer,Remote,PhD,Tier 3,Manufacturing,MNC,Male,2.9,29.0,,4,2561771.0,515728.0,3077499.0
DevOps Engineer,Kolkata,BTech,Tier 1,E-Commerce,Mid-size,Male,5.1,25.0,3.69,11,2701373.0,350269.0,3051641.0
Frontend Developer,Hyderabad,MTech,Tier 3,Manufacturing,Startup,Female,12.2,33.0,,6,1668827.0,382184.0,2051011.0
Product Manager,Chennai,MBA,Tier 3,IT Services,MNC,Male,1.9,25.0,2.45,6,3028782.0,171209.0,3199991.0
Chartered Accountant,Chennai,BTech,Tier 1,Manufacturing,Startup,Male,3.1,28.0,,5,1762200.0,372601.0,2134801.0
Data Analyst,Pune,BTech,Tier 2,Product Based,MNC,Male,4.4,30.0,3.64,5,2423473.0,225364.0,2648837.0
Business Analyst,Kolkata,MBA,Tier 1,Manufacturing,Startup,Male,5.4,32.0,3.04,4,1741592.0,330671.0,2072264.0
Backend Developer,Hyderabad,MTech,Tier 1,Product Based,Mid-size,Female,0.0,21.0,4.13,3,2548424.0,279747.0,2828172.0
Financial Analyst,Mumbai,MTech,Tier 1,FinTech,Startup,Male,5.4,28.0,2.98,4,2707997.0,220247.0,2928244.0
Frontend Developer,Chennai,BTech,Tier 3,Manufacturing,MNC,Male,8.7,35.0,3.38,3,1502484.0,371663.0,1874147.0
AI Engineer,Bangalore,BTech,Tier 3,Consulting,MNC,Male,0.6,24.0,3.66,2,2372434.0,189935.0,2562370.0
Product Manager,Remote,BTech,Tier 1,FinTech,Startup,Male,0.8,23.0,3.89,6,3029959.0,714258.0,3744216.0
Chartered Accountant,Jaipur,BTech,Tier 2,EdTech,Startup,Male,8.7,31.0,3.19,7,1537169.0,129380.0,1666549.0
Product Manager,Kolkata,MBA,Tier 1,E-Commerce,Startup,Male,0.0,22.0,3.68,8,2748184.0,148490.0,2896675.0
Financial Analyst,Kolkata,MBA,Tier 3,E-Commerce,Startup,Female,1.2,24.0,2.42,4,1326888.0,81155.0,1408043.0
Frontend Developer,Jaipur,,Tier 3,Consulting,Startup,Male,2.7,26.0,3.06,4,1584972.0,234003.0,1818975.0
Software Engineer,Ahmedabad,BTech,Tier 2,Manufacturing,Mid-size,Male,2.3,28.0,2.6,10,1441182.0,326494.0,1767676.0
Frontend Developer,Mumbai,MBA,Tier 3,Manufacturing,Mid-size,Male,9.3,33.0,1.94,5,1968677.0,256777.0,2225453.0
AI Engineer,Jaipur,,Tier 2,Consulting,Mid-size,Female,5.5,31.0,3.33,3,2135548.0,425644.0,2561192.0
Backend Developer,Ahmedabad,MTech,Tier 3,Product Based,MNC,Male,3.3,23.0,3.74,9,2653070.0,524649.0,3177719.0
Backend Developer,Remote,BTech,Tier 3,EdTech,Startup,Male,6.7,30.0,2.92,3,1395843.0,322091.0,1717933.0
Backend Developer,Pune,BTech,Tier 2,Consulting,Startup,Male,5.8,27.0,3.77,5,1944735.0,380684.0,2325419.0
AI Engineer,Delhi NCR,,Tier 2,FinTech,Mid-size,Male,3.7,29.0,4.26,2,3557056.0,644424.0,4201480.0
DevOps Engineer,Bangalore,,Tier 3,Manufacturing,Startup,Male,6.4,26.0,3.25,2,1765184.0,186560.0,1951744.0
Data Scientist,Mumbai,MTech,Tier 2,E-Commerce,Mid-size,Male,16.1,36.0,4.12,7,3633935.0,262276.0,3896212.0
Data Analyst,Kolkata,BTech,Tier 3,Consulting,Startup,Male,2.0,25.0,2.17,5,1300478.0,75233.0,1375711.0
Product Manager,Remote,MTech,Tier 2,FinTech,Startup,Female,8.1,32.0,2.71,5,3396227.0,440989.0,3837215.0
AI Engineer,Chennai,,Tier 3,EdTech,Startup,Male,10.9,29.0,3.01,2,1786609.0,208911.0,1995520.0
DevOps Engineer,Mumbai,BTech,Tier 2,Consulting,Startup,Female,4.4,30.0,2.98,5,2190463.0,110301.0,2300765.0
Business Analyst,Ahmedabad,BTech,Tier 1,E-Commerce,Mid-size,Male,0.0,26.0,3.33,5,1407011.0,249813.0,1656824.0
Financial Analyst,Bangalore,MBA,Tier 2,FinTech,Startup,Male,1.8,27.0,3.08,8,2701924.0,173179.0,2875103.0
Business Analyst,Jaipur,BTech,Tier 1,E-Commerce,Mid-size,Male,2.4,23.0,3.04,3,1654579.0,202314.0,1856893.0
Product Manager,Chennai,BTech,Tier 3,FinTech,Mid-size,Male,13.3,35.0,4.5,5,3259923.0,594006.0,3853928.0
Financial Analyst,Jaipur,MBA,Tier 3,Manufacturing,Mid-size,Male,11.9,37.0,,5,1719626.0,168046.0,1887672.0
Backend Developer,Chennai,BTech,Tier 2,E-Commerce,Startup,Male,2.9,26.0,4.83,5,1750754.0,175632.0,1926386.0
AI Engineer,Jaipur,BTech,Tier 3,E-Commerce,MNC,Male,10.5,36.0,2.9,3,2423532.0,400887.0,2824419.0
Financial Analyst,Bangalore,MBA,Tier 1,FinTech,MNC,Female,0.2,25.0,4.08,9,3417313.0,793106.0,4210419.0
Product Manager,Kolkata,BTech,Tier 3,IT Services,Mid-size,Male,5.1,33.0,3.15,3,1740022.0,401149.0,2141171.0
DevOps Engineer,Pune,BTech,Tier 2,Consulting,Mid-size,Female,5.4,30.0,1.0,2,2201405.0,381769.0,2583174.0
Business Analyst,Hyderabad,BTech,Tier 1,FinTech,Mid-size,Male,9.9,32.0,3.48,4,2851123.0,384490.0,3235613.0
Software Engineer,Chennai,BTech,Tier 3,Manufacturing,Mid-size,Female,14.1,36.0,3.69,5,1849088.0,395872.0,2244960.0
Product Manager,Chennai,BTech,Tier 3,FinTech,Startup,Male,6.3,32.0,3.28,3,2835911.0,622837.0,3458749.0
Marketing Manager,Chennai,BTech,Tier 1,EdTech,Startup,Female,13.6,35.0,3.54,2,2072605.0,443088.0,2515693.0
Frontend Developer,Kolkata,MBA,Tier 3,EdTech,Mid-size,Male,3.6,25.0,3.96,9,1731676.0,375558.0,2107234.0
AI Engineer,Ahmedabad,MTech,Tier 2,EdTech,Startup,Female,7.4,27.0,4.18,5,2197637.0,357400.0,2555037.0
Financial Analyst,Hyderabad,BTech,Tier 2,IT Services,Mid-size,Female,5.5,29.0,3.2,8,1810108.0,200260.0,2010368.0
Product Manager,Hyderabad,MBA,Tier 2,Product Based,MNC,Male,1.1,25.0,2.49,8,4415431.0,592216.0,5007647.0
Marketing Manager,Ahmedabad,BTech,Tier 1,EdTech,Mid-size,Female,8.8,32.0,4.81,6,1803151.0,228971.0,5370282.638356142
Data Scientist,Chennai,BTech,Tier 3,IT Services,MNC,Female,5.0,29.0,3.67,5,2222085.0,438765.0,2660850.0
Chartered Accountant,Pune,,Tier 2,IT Services,Mid-size,Male,5.3,31.0,,2,1733747.0,410688.0,2144435.0
Financial Analyst,Delhi NCR,MBA,Tier 1,FinTech,Mid-size,Male,6.9,32.0,3.99,2,3466899.0,636387.0,4103286.0
AI Engineer,Remote,,Tier 1,Consulting,MNC,Male,9.4,32.0,3.74,1,4318461.0,871781.0,5190242.0
Data Scientist,Chennai,BTech,Tier 3,IT Services,MNC,Male,1.6,27.0,2.38,7,2015616.0,466151.0,2481767.0
Backend Developer,Remote,BTech,Tier 2,Manufacturing,Mid-size,Female,8.7,30.0,,5,1968881.0,125967.0,2094848.0
AI Engineer,Mumbai,MBA,Tier 3,E-Commerce,MNC,Male,13.0,37.0,4.86,8,4690471.0,1168369.0,5858840.0
Chartered Accountant,Chennai,,Tier 2,EdTech,Mid-size,Female,7.0,31.0,4.01,5,1879899.0,405577.0,2285476.0
Frontend Developer,Mumbai,BTech,Tier 1,E-Commerce,Startup,Male,0.0,24.0,2.87,8,2278067.0,138481.0,2416548.0
HR Manager,Bangalore,BTech,Tier 2,E-Commerce,MNC,Male,3.6,27.0,3.77,5,2827022.0,448747.0,3275769.0
Marketing Manager,Mumbai,,Tier 2,Product Based,MNC,Female,0.3,23.0,3.1,4,2333357.0,432711.0,2766068.0
Software Engineer,Ahmedabad,,Tier 2,EdTech,Startup,Male,11.0,35.0,3.77,4,1929597.0,403537.0,2333134.0
Financial Analyst,Remote,MBA,Tier 1,Product Based,Mid-size,Female,2.1,25.0,3.5,5,2546716.0,557365.0,3104080.0
Software Engineer,Jaipur,BTech,Tier 3,Product Based,Mid-size,Male,0.0,21.0,4.25,5,1272888.0,173013.0,1445900.0
Frontend Developer,Ahmedabad,BTech,Tier 1,Manufacturing,MNC,Male,5.0,25.0,3.17,4,1761775.0,436992.0,2198767.0
Chartered Accountant,Mumbai,MTech,Tier 2,Manufacturing,Startup,Male,1.3,21.0,4.18,5,2040036.0,228002.0,2268038.0
Financial Analyst,Pune,MTech,Tier 2,IT Services,Mid-size,Male,7.4,32.0,3.2,4,1906028.0,136684.0,2042712.0
HR Manager,Jaipur,BTech,Tier 1,IT Services,Startup,Male,10.4,34.0,2.65,6,1618684.0,187272.0,1805956.0
AI Engineer,Remote,BTech,Tier 3,Manufacturing,MNC,Male,7.8,32.0,1.91,7,2340449.0,405773.0,2746222.0
Data Analyst,Jaipur,BTech,Tier 3,EdTech,Mid-size,Male,5.3,30.0,1.76,2,837599.0,195515.0,1033115.0
DevOps Engineer,Chennai,BTech,Tier 1,E-Commerce,Mid-size,Male,2.4,27.0,3.46,8,2690345.0,605954.0,3296299.0
Data Analyst,Hyderabad,MTech,Tier 3,Consulting,Mid-size,Male,5.9,31.0,2.26,7,2019552.0,126274.0,2145826.0
Business Analyst,Remote,BTech,Tier 2,FinTech,Startup,Male,9.6,34.0,2.9,5,2071161.0,483776.0,2554937.0
Data Analyst,Chennai,MBA,Tier 3,EdTech,MNC,Male,9.0,33.0,2.44,2,1804416.0,216725.0,2021141.0
Product Manager,Hyderabad,PhD,Tier 3,Consulting,Startup,Male,3.2,26.0,3.64,4,2868307.0,615274.0,3483581.0
Data Scientist,Ahmedabad,BTech,Tier 1,FinTech,Startup,Female,5.8,32.0,3.01,3,2151884.0,414988.0,2566873.0
Chartered Accountant,Hyderabad,BTech,Tier 2,Manufacturing,MNC,Male,4.1,30.0,2.52,5,2269464.0,398521.0,2667986.0
Business Analyst,Delhi NCR,PhD,Tier 3,EdTech,MNC,Female,4.6,28.0,,4,2306861.0,342957.0,2649819.0
Backend Developer,Bangalore,MBA,Tier 1,Manufacturing,Mid-size,Male,0.0,24.0,2.23,7,2059377.0,330501.0,2389878.0
Financial Analyst,Delhi NCR,BTech,Tier 3,Manufacturing,MNC,Female,3.5,30.0,1.88,2,1944349.0,318899.0,2263248.0
Frontend Developer,Remote,MTech,Tier 2,E-Commerce,Startup,Male,1.1,25.0,3.11,4,1536612.0,250942.0,1787554.0
HR Manager,Ahmedabad,BTech,Tier 2,Manufacturing,Mid-size,Male,0.0,26.0,3.27,9,937971.0,164793.0,1102764.0
Backend Developer,Remote,MBA,Tier 1,IT Services,MNC,Male,8.3,28.0,4.98,5,3220764.0,736078.0,3956842.0
Product Manager,Ahmedabad,MTech,Tier 1,EdTech,MNC,Male,8.6,28.0,3.83,5,3552111.0,538052.0,4090163.0
Product Manager,Kolkata,BTech,Tier 3,E-Commerce,Mid-size,Male,2.5,25.0,3.21,4,1879534.0,289800.0,2169333.0
AI Engineer,Chennai,BTech,Tier 2,Product Based,MNC,Female,3.6,26.0,2.99,3,3283848.0,294161.0,3578010.0
Business Analyst,Bangalore,BTech,Tier 2,EdTech,Startup,Male,12.3,34.0,4.56,5,2223425.0,431367.0,2654792.0
Business Analyst,Delhi NCR,BTech,Tier 1,IT Services,MNC,Male,5.3,31.0,3.87,5,2776599.0,470632.0,3247230.0
AI Engineer,Hyderabad,BTech,Tier 3,Product Based,MNC,Male,5.0,30.0,3.18,11,3797333.0,899255.0,4696588.0
Software Engineer,Delhi NCR,BTech,Tier 3,Product Based,MNC,Male,7.5,32.0,2.07,2,2641424.0,200801.0,2842225.0
Frontend Developer,Hyderabad,BTech,Tier 3,IT Services,Mid-size,Male,4.5,29.0,3.25,10,1780638.0,246051.0,2026689.0
HR Manager,Remote,MTech,Tier 3,Consulting,Mid-size,Female,7.6,31.0,3.24,3,1786521.0,312336.0,2098857.0
Backend Developer,Mumbai,BTech,Tier 3,Product Based,MNC,Female,5.0,24.0,,7,2822408.0,451813.0,3274220.0
Data Scientist,Bangalore,,Tier 1,Consulting,MNC,Female,0.9,22.0,3.04,4,2767369.0,516930.0,3284299.0
Financial Analyst,Delhi NCR,MBA,Tier 2,EdTech,Mid-size,Female,0.3,22.0,2.8,5,1365493.0,69690.0,3792751.113112916
Frontend Developer,Remote,BTech,Tier 1,E-Commerce,Mid-size,Male,3.8,30.0,3.94,5,2494278.0,556745.0,3051024.0
Data Analyst,Remote,MTech,Tier 3,Manufacturing,Mid-size,Female,1.6,25.0,3.12,4,901293.0,176585.0,1077877.0
DevOps Engineer,Delhi NCR,MBA,Tier 2,E-Commerce,Mid-size,Female,7.3,28.0,3.55,7,3304291.0,513274.0,3817564.0
HR Manager,Ahmedabad,MTech,Tier 1,IT Services,Mid-size,Male,1.8,23.0,3.45,2,1627335.0,147164.0,1774499.0
AI Engineer,Remote,MBA,Tier 3,EdTech,MNC,Female,3.1,29.0,3.7,6,2503078.0,165990.0,2669068.0
Chartered Accountant,Jaipur,MBA,Tier 3,IT Services,Mid-size,Female,9.4,30.0,4.15,8,1865735.0,250639.0,2116374.0
Financial Analyst,Kolkata,MBA,Tier 3,Product Based,MNC,Male,8.2,30.0,3.66,3,2742273.0,633334.0,3375606.0
Product Manager,Ahmedabad,BTech,Tier 2,IT Services,MNC,Female,5.2,31.0,2.57,5,2432283.0,123216.0,2555499.0
Marketing Manager,Bangalore,MTech,Tier 2,Product Based,Mid-size,Female,0.0,26.0,3.67,7,2412242.0,431301.0,2843543.0
Business Analyst,Kolkata,BTech,Tier 3,Manufacturing,Mid-size,Female,4.3,31.0,3.65,6,1459034.0,94053.0,1553087.0
HR Manager,Pune,MBA,Tier 2,E-Commerce,Startup,Male,8.5,30.0,2.91,7,2471244.0,402905.0,2874149.0
Business Analyst,Delhi NCR,BTech,Tier 3,E-Commerce,MNC,Male,11.2,32.0,3.67,6,2702221.0,421635.0,3123856.0
Backend Developer,Ahmedabad,BTech,Tier 1,EdTech,MNC,Female,7.7,32.0,3.31,4,2039320.0,166785.0,2206105.0
HR Manager,Delhi NCR,,Tier 3,Product Based,Startup,Male,5.8,31.0,,6,2352180.0,128786.0,2480966.0
Data Scientist,Remote,MBA,Tier 2,FinTech,Startup,Male,4.5,29.0,3.84,3,2300391.0,207102.0,2507493.0
Data Analyst,Hyderabad,BTech,Tier 2,FinTech,Mid-size,Female,8.7,33.0,4.47,3,2045100.0,452654.0,2497754.0
DevOps Engineer,Bangalore,MBA,Tier 1,IT Services,MNC,Male,7.4,33.0,4.15,12,4392683.0,553433.0,4946116.0
Frontend Developer,Pune,BTech,Tier 1,Manufacturing,Mid-size,Male,6.2,27.0,3.82,6,2049447.0,156535.0,2205982.0
Business Analyst,Bangalore,BTech,Tier 2,E-Commerce,MNC,Female,4.0,27.0,4.28,9,3057772.0,488328.0,3546100.0
Financial Analyst,Chennai,BTech,Tier 3,Consulting,Mid-size,Male,7.3,29.0,3.77,7,1876144.0,268352.0,2144497.0
Financial Analyst,Delhi NCR,BTech,Tier 3,Consulting,Mid-size,Male,0.0,20.0,2.99,5,1277412.0,290470.0,1567882.0
Data Scientist,Remote,BTech,Tier 1,E-Commerce,Startup,Male,7.6,28.0,3.12,5,2646877.0,455477.0,3102354.0
Product Manager,Remote,MBA,Tier 2,FinTech,Startup,Male,0.0,23.0,4.09,4,2590414.0,578020.0,3168434.0
DevOps Engineer,Mumbai,BTech,Tier 2,Consulting,MNC,Male,0.0,25.0,3.26,4,2106885.0,300353.0,2407238.0
Data Analyst,Jaipur,,Tier 1,Manufacturing,Startup,Female,9.6,37.0,3.23,1,1443301.0,224753.0,1668055.0
Data Analyst,Jaipur,,Tier 3,Product Based,MNC,Male,9.0,28.0,2.08,3,2401848.0,560714.0,2962562.0
DevOps Engineer,Mumbai,MTech,Tier 3,Manufacturing,Mid-size,Male,0.0,21.0,4.56,3,1409353.0,79027.0,1488381.0
Frontend Developer,Pune,BTech,Tier 2,Consulting,Mid-size,Male,8.1,32.0,3.29,6,2070544.0,161453.0,2231997.0
Data Analyst,Chennai,MTech,Tier 1,IT Services,Startup,Male,8.1,26.0,,3,1982791.0,207885.0,2190676.0
Data Scientist,Remote,BTech,Tier 3,Product Based,Startup,Male,0.0,23.0,2.99,3,1466729.0,157712.0,1624441.0
Financial Analyst,Kolkata,BTech,Tier 1,Manufacturing,Startup,Female,5.9,27.0,2.48,4,1266415.0,89337.0,1355752.0
Chartered Accountant,Pune,BTech,Tier 3,IT Services,MNC,Female,7.8,31.0,3.78,8,2284978.0,177658.0,2462636.0
Data Analyst,Remote,,Tier 1,E-Commerce,Startup,Male,0.0,25.0,3.51,7,1490855.0,103856.0,1594711.0
Product Manager,Bangalore,MTech,Tier 2,FinTech,MNC,Female,1.8,24.0,3.49,4,4007829.0,441401.0,4449230.0
Software Engineer,Remote,,Tier 3,IT Services,Startup,Male,0.0,23.0,4.87,3,1017312.0,98560.0,1115873.0
Frontend Developer,Remote,BTech,Tier 3,Consulting,Mid-size,Male,0.0,22.0,2.73,5,1172808.0,118286.0,1291094.0
Data Scientist,Hyderabad,PhD,Tier 3,E-Commerce,Mid-size,Male,0.0,25.0,3.12,3,1908403.0,265649.0,2174052.0
Business Analyst,Mumbai,BTech,Tier 2,Product Based,Mid-size,Female,5.5,30.0,3.71,6,2407235.0,372223.0,2779458.0
Frontend Developer,Hyderabad,MTech,Tier 3,Consulting,Mid-size,Female,6.8,27.0,3.49,7,1997954.0,492975.0,2490930.0
Backend Developer,Ahmedabad,BTech,Tier 2,Manufacturing,MNC,Male,0.7,26.0,3.94,10,1633429.0,328908.0,1962337.0
HR Manager,Ahmedabad,BTech,Tier 1,Consulting,MNC,Female,5.3,31.0,,6,1984985.0,353918.0,2338903.0
Software Engineer,Kolkata,MTech,Tier 2,Product Based,Mid-size,Female,4.6,30.0,,4,2220024.0,338002.0,2558026.0
DevOps Engineer,Hyderabad,BTech,Tier 2,E-Commerce,Startup,Female,11.0,37.0,4.08,7,2606449.0,270483.0,2876932.0
Chartered Accountant,Delhi NCR,MTech,Tier 3,IT Services,Startup,Female,2.8,24.0,,5,2231371.0,532790.0,2764161.0
Frontend Developer,Kolkata,MTech,Tier 2,FinTech,Mid-size,Male,11.8,39.0,,4,2310749.0,388986.0,2699734.0
Software Engineer,Ahmedabad,MBA,Tier 2,Manufacturing,Mid-size,Male,4.4,26.0,1.46,10,1463443.0,89332.0,1552775.0
Chartered Accountant,Delhi NCR,BTech,Tier 2,Product Based,Mid-size,Female,7.9,32.0,3.89,4,2656245.0,612257.0,3268502.0
Marketing Manager,Remote,BTech,Tier 1,E-Commerce,MNC,Male,9.5,32.0,2.99,5,3044616.0,521323.0,3565938.0
Data Scientist,Mumbai,BTech,Tier 2,IT Services,Mid-size,Male,7.8,30.0,2.71,8,2431743.0,542618.0,2974361.0
HR Manager,Jaipur,MTech,Tier 2,IT Services,MNC,Male,13.4,33.0,3.47,5,1969686.0,189766.0,2159452.0
DevOps Engineer,Kolkata,BTech,Tier 2,Consulting,Startup,Male,6.4,31.0,1.76,8,2073713.0,176039.0,2249752.0
Chartered Accountant,Hyderabad,BTech,Tier 2,IT Services,Mid-size,Male,4.1,23.0,4.12,6,2158037.0,349951.0,2507989.0
Product Manager,Ahmedabad,BTech,Tier 3,IT Services,MNC,Male,0.0,19.0,4.78,5,1851974.0,338049.0,2190024.0
DevOps Engineer,Kolkata,MTech,Tier 2,Manufacturing,MNC,Male,4.8,29.0,4.3,5,2110681.0,465625.0,2576305.0
Chartered Accountant,Bangalore,BTech,Tier 2,E-Commerce,Startup,Male,0.0,22.0,3.5,8,2165387.0,195419.0,2360806.0
AI Engineer,Hyderabad,MTech,Tier 3,FinTech,Mid-size,Male,5.3,28.0,3.12,1,2966578.0,639929.0,3606507.0
HR Manager,Remote,BTech,Tier 3,IT Services,Mid-size,Female,12.5,37.0,2.6,6,1590790.0,118204.0,1708994.0
Chartered Accountant,Ahmedabad,BTech,Tier 2,Manufacturing,MNC,Male,3.9,30.0,2.59,3,1562588.0,271750.0,1834338.0
Data Analyst,Bangalore,BTech,Tier 3,Consulting,MNC,Male,9.9,32.0,3.7,5,2696988.0,135806.0,2832793.0
Software Engineer,Chennai,BTech,Tier 1,Consulting,Mid-size,Male,8.2,30.0,3.28,3,2658818.0,511004.0,3169822.0
Financial Analyst,Remote,BTech,Tier 3,Manufacturing,MNC,Male,9.0,28.0,3.78,4,1758437.0,170595.0,1929032.0
AI Engineer,Jaipur,MTech,Tier 3,E-Commerce,Mid-size,Male,8.0,32.0,3.92,3,2084486.0,464476.0,2548962.0
Financial Analyst,Mumbai,BTech,Tier 1,EdTech,Mid-size,Male,3.3,28.0,2.71,6,2055874.0,109940.0,2165814.0
AI Engineer,Bangalore,BTech,Tier 2,Product Based,MNC,Female,7.8,30.0,2.95,4,4106638.0,710892.0,4817530.0
Frontend Developer,Hyderabad,,Tier 1,IT Services,MNC,Male,5.6,30.0,3.22,5,2485285.0,475917.0,2961202.0
Data Analyst,Delhi NCR,BTech,Tier 1,FinTech,MNC,Male,5.9,28.0,2.84,8,3368175.0,615437.0,3983612.0
DevOps Engineer,Pune,BTech,Tier 2,Manufacturing,Startup,Male,8.1,30.0,3.72,6,2022830.0,155365.0,2178194.0
Frontend Developer,Mumbai,BTech,Tier 1,Product Based,Mid-size,Male,9.3,35.0,4.04,5,3501964.0,717076.0,4219040.0
Data Scientist,Pune,BTech,Tier 3,Product Based,MNC,Female,3.1,29.0,2.44,7,2363097.0,503096.0,2866194.0
AI Engineer,Bangalore,MTech,Tier 3,Consulting,Mid-size,Male,0.0,25.0,4.16,4,2356639.0,124377.0,2481016.0
Business Analyst,Hyderabad,BTech,Tier 2,FinTech,Mid-size,Male,7.5,29.0,3.72,3,2195504.0,175352.0,2370856.0
AI Engineer,Delhi NCR,BTech,Tier 3,Manufacturing,MNC,Female,0.0,24.0,3.33,4,1890483.0,445738.0,2336221.0
AI Engineer,Kolkata,BTech,Tier 3,FinTech,MNC,Male,3.0,27.0,3.58,9,2998210.0,529138.0,3527348.0
Backend Developer,Bangalore,MTech,Tier 1,Consulting,Startup,Male,11.5,32.0,3.39,2,3034932.0,419016.0,3453948.0
DevOps Engineer,Delhi NCR,,Tier 2,IT Services,Mid-size,Male,10.2,33.0,,5,3030126.0,509544.0,3539670.0
DevOps Engineer,Mumbai,BTech,Tier 2,EdTech,Mid-size,Male,3.0,27.0,,10,2253022.0,171360.0,2424382.0
Product Manager,Pune,MBA,Tier 3,EdTech,Startup,Male,1.6,24.0,3.06,3,2151770.0,363047.0,2514817.0
Financial Analyst,Delhi NCR,BTech,Tier 1,IT Services,MNC,Male,3.7,29.0,,2,2574692.0,456412.0,3031104.0
AI Engineer,Mumbai,BTech,Tier 3,E-Commerce,MNC,Female,5.1,32.0,5.0,6,3512178.0,225369.0,3737547.0
AI Engineer,Mumbai,,Tier 1,Consulting,Mid-size,Male,0.4,24.0,2.31,4,3094245.0,367019.0,3461264.0
Business Analyst,Kolkata,BTech,Tier 2,E-Commerce,Startup,Male,0.0,24.0,4.47,2,1058981.0,165715.0,3236497.7574090413
HR Manager,Chennai,,Tier 1,Product Based,MNC,Male,4.8,26.0,4.11,5,2955767.0,315225.0,3270992.0
Frontend Developer,Delhi NCR,MBA,Tier 3,Consulting,Mid-size,Female,3.4,23.0,4.11,5,2187025.0,459910.0,2646934.0
Chartered Accountant,Ahmedabad,BTech,Tier 2,E-Commerce,Mid-size,Male,7.2,31.0,3.01,3,2129924.0,310120.0,2440044.0
Chartered Accountant,Bangalore,,Tier 1,E-Commerce,Mid-size,Female,5.1,26.0,2.33,9,3147563.0,389754.0,3537318.0
DevOps Engineer,Bangalore,BTech,Tier 2,FinTech,Mid-size,Male,0.0,25.0,3.2,6,2344569.0,374200.0,2718770.0
AI Engineer,Remote,MTech,Tier 3,Product Based,Startup,Male,5.7,29.0,2.59,4,2717233.0,677194.0,3394427.0
Marketing Manager,Remote,BTech,Tier 1,E-Commerce,MNC,Female,11.3,36.0,2.19,5,2864618.0,651367.0,3515985.0
Data Analyst,Delhi NCR,MBA,Tier 1,FinTech,MNC,Female,6.7,30.0,3.47,8,3961835.0,767819.0,4729654.0
DevOps Engineer,Bangalore,MBA,Tier 2,EdTech,Startup,Male,5.1,29.0,3.82,4,2545598.0,626091.0,3171688.0
Software Engineer,Jaipur,BTech,Tier 2,Consulting,Startup,Female,9.3,33.0,4.74,6,1605266.0,233391.0,1838657.0
AI Engineer,Delhi NCR,BTech,Tier 2,E-Commerce,Mid-size,Male,2.7,28.0,3.98,4,2709964.0,317613.0,3027577.0
Backend Developer,Hyderabad,MTech,Tier 1,EdTech,Startup,Female,4.5,25.0,2.93,8,2272945.0,138046.0,2410990.0
Frontend Developer,Kolkata,MTech,Tier 1,Manufacturing,Mid-size,Male,10.0,36.0,3.82,7,2509549.0,379523.0,7634939.158317373
Data Analyst,Mumbai,BTech,Tier 2,Consulting,MNC,Male,3.1,25.0,2.53,5,2196541.0,529565.0,2726106.0
Product Manager,Mumbai,BTech,Tier 3,Consulting,Mid-size,Male,5.5,27.0,4.37,3,3020687.0,739309.0,3759996.0
Product Manager,Delhi NCR,BTech,Tier 1,IT Services,Mid-size,Female,5.0,31.0,3.57,5,3295998.0,656782.0,3952780.0
Data Analyst,Pune,BTech,Tier 2,FinTech,Mid-size,Male,4.9,28.0,3.86,5,2256126.0,216204.0,2472330.0
Frontend Developer,Kolkata,MTech,Tier 3,FinTech,MNC,Male,9.1,29.0,4.09,4,2405449.0,195847.0,2601296.0
Data Scientist,Pune,MTech,Tier 2,Manufacturing,MNC,Male,1.2,21.0,2.45,4,2175795.0,133954.0,2309750.0
Business Analyst,Bangalore,BTech,Tier 3,FinTech,Mid-size,Male,11.0,34.0,3.73,6,2324690.0,414762.0,2739453.0
Business Analyst,Mumbai,BTech,Tier 2,FinTech,Startup,Male,4.3,26.0,3.87,4,2161955.0,505944.0,2667900.0
Frontend Developer,Delhi NCR,MTech,Tier 2,IT Services,MNC,Male,0.0,24.0,,9,2113605.0,354488.0,6522421.876121771
Software Engineer,Remote,BTech,Tier 2,E-Commerce,MNC,Female,8.1,31.0,3.83,6,2745022.0,158906.0,2903928.0
AI Engineer,Chennai,BTech,Tier 3,Manufacturing,Startup,Female,2.4,25.0,3.84,4,1516525.0,110408.0,1626933.0
DevOps Engineer,Mumbai,MTech,Tier 3,IT Services,Startup,Male,4.9,24.0,3.95,3,2123003.0,487683.0,2610686.0
HR Manager,Ahmedabad,BTech,Tier 3,Consulting,Startup,Female,2.7,22.0,,9,1146367.0,130417.0,1276785.0
Product Manager,Mumbai,MBA,Tier 2,E-Commerce,MNC,Female,5.2,28.0,2.25,2,4220267.0,933672.0,5153939.0
HR Manager,Hyderabad,MBA,Tier 3,FinTech,Startup,Female,8.3,33.0,3.3,5,2494298.0,300618.0,2794916.0
AI Engineer,Ahmedabad,BTech,Tier 2,EdTech,Mid-size,Male,0.0,25.0,2.46,9,1741648.0,137407.0,1879055.0
Product Manager,Ahmedabad,MBA,Tier 3,Product Based,Startup,Female,1.5,23.0,3.85,4,2671293.0,354894.0,3026187.0
Product Manager,Remote,BTech,Tier 2,Product Based,Mid-size,Female,10.9,34.0,3.14,3,3046633.0,238349.0,3284982.0
Product Manager,Bangalore,BTech,Tier 3,Product Based,Startup,Male,4.5,27.0,5.0,4,3337786.0,226897.0,3564683.0
Software Engineer,Chennai,BTech,Tier 2,Consulting,Startup,Male,2.0,28.0,5.0,5,1589187.0,93700.0,1682887.0
Data Scientist,Remote,BTech,Tier 3,IT Services,Startup,Female,5.5,29.0,4.2,13,1851734.0,97490.0,1949223.0
Backend Developer,Pune,BTech,Tier 3,E-Commerce,Mid-size,Female,4.3,28.0,3.22,7,1804817.0,449125.0,2253943.0
Business Analyst,Jaipur,MBA,Tier 2,Consulting,Startup,Male,0.0,23.0,3.15,5,1042398.0,112025.0,1154423.0
Business Analyst,Hyderabad,,Tier 2,FinTech,Mid-size,Male,3.4,29.0,2.9,2,2094492.0,370923.0,2465415.0
AI Engineer,Kolkata,MBA,Tier 2,EdTech,Mid-size,Male,11.7,34.0,1.76,2,2154779.0,437396.0,2592175.0
Financial Analyst,Chennai,BTech,Tier 3,Product Based,Mid-size,Female,7.8,31.0,2.66,8,1962799.0,430544.0,2393343.0
DevOps Engineer,Remote,MTech,Tier 2,Product Based,Startup,Male,4.0,30.0,3.39,2,2469762.0,406440.0,2876202.0
Financial Analyst,Jaipur,BTech,Tier 2,Consulting,MNC,Male,14.1,36.0,5.0,3,2006115.0,270091.0,2276206.0
Backend Developer,Hyderabad,BTech,Tier 3,FinTech,Startup,Male,5.3,31.0,3.26,5,1973506.0,380996.0,2354502.0
Frontend Developer,Bangalore,BTech,Tier 1,IT Services,MNC,Female,10.8,33.0,4.18,9,3614317.0,206793.0,3821110.0
Data Scientist,Ahmedabad,BTech,Tier 3,EdTech,Startup,Male,7.9,31.0,2.45,4,1649861.0,276303.0,1926164.0
Frontend Developer,Hyderabad,BTech,Tier 3,IT Services,MNC,Female,9.7,35.0,3.05,8,2302233.0,120270.0,2422503.0
Data Analyst,Remote,BTech,Tier 2,Product Based,Mid-size,Male,3.8,28.0,4.15,5,1816716.0,170100.0,5250552.609739079
AI Engineer,Remote,PhD,Tier 3,E-Commerce,Mid-size,Male,1.9,26.0,5.0,4,2688421.0,136968.0,2825389.0
Marketing Manager,Chennai,MTech,Tier 2,Manufacturing,Mid-size,Male,10.1,33.0,3.57,6,2054913.0,248592.0,2303504.0
Frontend Developer,Mumbai,BTech,Tier 1,EdTech,Mid-size,Female,0.0,22.0,3.86,4,1532800.0,334728.0,1867528.0
Frontend Developer,Ahmedabad,BTech,Tier 3,IT Services,Startup,Female,4.7,27.0,3.37,5,1184459.0,228511.0,1412970.0
Software Engineer,Ahmedabad,MTech,Tier 3,Consulting,MNC,Male,7.2,28.0,2.59,3,2408054.0,469929.0,2877983.0
Marketing Manager,Chennai,BTech,Tier 3,Consulting,Startup,Male,6.5,31.0,4.86,4,1978321.0,206864.0,2185185.0
Data Analyst,Remote,BTech,Tier 2,EdTech,Startup,Male,2.2,22.0,2.79,9,1308571.0,205995.0,1514566.0
Chartered Accountant,Hyderabad,BTech,Tier 2,Product Based,Startup,Male,7.1,31.0,2.91,8,2831634.0,670286.0,3501919.0
Product Manager,Mumbai,BTech,Tier 3,Product Based,MNC,Male,9.5,33.0,4.12,5,4173663.0,707530.0,4881193.0
Product Manager,Delhi NCR,MTech,Tier 3,Manufacturing,Startup,Male,5.7,30.0,4.53,6,2303793.0,286503.0,2590296.0
DevOps Engineer,Bangalore,BTech,Tier 1,FinTech,Mid-size,Male,5.4,29.0,2.65,5,3813697.0,538079.0,4351776.0
Financial Analyst,Remote,BTech,Tier 2,E-Commerce,Startup,Male,5.3,26.0,3.21,5,2051214.0,284522.0,2335737.0
Data Analyst,Remote,,Tier 2,Consulting,Mid-size,Male,8.5,32.0,3.26,9,2079753.0,166269.0,2246022.0
DevOps Engineer,Remote,BTech,Tier 2,IT Services,MNC,Female,5.4,28.0,3.13,8,2268052.0,540712.0,2808763.0
Data Analyst,Bangalore,MTech,Tier 2,Consulting,Mid-size,Female,11.2,33.0,4.11,6,2721222.0,554243.0,3275465.0
Chartered Accountant,Delhi NCR,MBA,Tier 1,Consulting,Mid-size,Female,8.3,28.0,3.39,6,3612282.0,689325.0,4301608.0
Data Analyst,Hyderabad,BTech,Tier 2,Consulting,Mid-size,Female,0.0,21.0,3.43,4,976075.0,162375.0,1138450.0
Frontend Developer,Jaipur,BTech,Tier 2,E-Commerce,MNC,Male,7.8,28.0,2.14,6,2198963.0,253908.0,2452870.0
Data Analyst,Hyderabad,BTech,Tier 2,IT Services,Startup,Male,2.8,30.0,4.4,1,1563672.0,174405.0,1738077.0
Product Manager,Jaipur,MTech,Tier 2,IT Services,Mid-size,Female,14.4,37.0,2.55,4,2558638.0,424464.0,2983101.0
AI Engineer,Hyderabad,BTech,Tier 1,FinTech,Mid-size,Female,6.6,27.0,3.08,5,3443928.0,347268.0,3791196.0
Marketing Manager,Delhi NCR,BTech,Tier 2,IT Services,MNC,Female,6.0,29.0,3.45,4,2248778.0,462929.0,2711707.0
Product Manager,Delhi NCR,PhD,Tier 2,Manufacturing,MNC,Male,1.7,24.0,1.69,5,3339101.0,571904.0,3911005.0
Financial Analyst,Bangalore,MTech,Tier 1,Consulting,Startup,Female,2.7,26.0,2.5,7,2536904.0,162230.0,2699134.0
Marketing Manager,Jaipur,MTech,Tier 2,EdTech,Mid-size,Male,4.0,26.0,4.68,3,1321715.0,134391.0,1456106.0
Product Manager,Kolkata,MBA,Tier 3,IT Services,Startup,Female,7.7,26.0,5.0,5,2357956.0,333110.0,2691066.0
Product Manager,Kolkata,MBA,Tier 2,EdTech,MNC,Female,0.0,20.0,4.03,3,2074627.0,348943.0,2423570.0
Chartered Accountant,Jaipur,MTech,Tier 1,FinTech,MNC,Male,8.4,30.0,3.66,4,3136490.0,292253.0,3428742.0
AI Engineer,Pune,MBA,Tier 1,Manufacturing,Startup,Male,3.0,26.0,3.18,3,2536946.0,127346.0,2664292.0
AI Engineer,Hyderabad,BTech,Tier 3,IT Services,Startup,Female,15.0,39.0,2.34,5,2206309.0,234382.0,2440690.0
Chartered Accountant,Pune,BTech,Tier 3,FinTech,Mid-size,Male,9.7,34.0,2.84,3,2148207.0,280538.0,2428745.0
Data Scientist,Pune,MTech,Tier 2,Consulting,Startup,Male,2.4,24.0,3.54,3,1990479.0,111681.0,2102160.0
Frontend Developer,Mumbai,BTech,Tier 2,FinTech,Mid-size,Male,0.0,24.0,3.31,2,1521529.0,172611.0,1694139.0
Marketing Manager,Mumbai,BTech,Tier 2,Consulting,MNC,Male,3.3,24.0,2.13,8,2885856.0,291414.0,3177270.0
HR Manager,Jaipur,PhD,Tier 3,EdTech,Mid-size,Male,3.5,24.0,3.36,4,1122587.0,135334.0,1257921.0
Data Scientist,Jaipur,MTech,Tier 3,FinTech,MNC,Female,7.5,29.0,3.95,7,2487684.0,393189.0,2880872.0
Software Engineer,Remote,BTech,Tier 1,E-Commerce,MNC,Female,0.6,23.0,3.54,9,2262874.0,445529.0,2708403.0
Financial Analyst,Hyderabad,BTech,Tier 2,Manufacturing,MNC,Male,3.3,25.0,3.42,5,1878760.0,338441.0,2217202.0
HR Manager,Hyderabad,,Tier 2,EdTech,MNC,Male,5.2,29.0,2.01,6,2053571.0,356318.0,2409889.0
Data Scientist,Hyderabad,BTech,Tier 2,Product Based,Mid-size,Male,2.0,26.0,2.54,4,2404947.0,520275.0,2925222.0
Data Analyst,Delhi NCR,BTech,Tier 1,EdTech,Mid-size,Male,6.4,29.0,2.67,4,2190073.0,331288.0,2521361.0
Data Scientist,Pune,BTech,Tier 2,Consulting,Mid-size,Male,5.3,29.0,3.5,6,2498027.0,579858.0,3077886.0
Data Analyst,Kolkata,BTech,Tier 2,Product Based,Mid-size,Male,1.0,26.0,,1,1009991.0,157226.0,1167216.0
AI Engineer,Jaipur,MTech,Tier 1,EdTech,Startup,Male,6.8,27.0,2.65,8,2585876.0,130737.0,2716612.0
HR Manager,Hyderabad,BTech,Tier 2,Product Based,Mid-size,Male,9.5,32.0,2.45,3,2455440.0,591709.0,3047150.0
Software Engineer,Bangalore,BTech,Tier 2,IT Services,MNC,Male,14.0,39.0,3.65,5,3144482.0,497951.0,3642433.0
HR Manager,Chennai,MBA,Tier 2,IT Services,MNC,Male,8.7,30.0,1.54,8,2553668.0,526970.0,3080637.0
Product Manager,Chennai,PhD,Tier 2,Manufacturing,Mid-size,Male,7.4,24.0,4.61,9,3251701.0,587516.0,3839217.0
Financial Analyst,Kolkata,MBA,Tier 2,Product Based,Startup,Male,7.8,29.0,3.03,6,2332287.0,164923.0,2497211.0
Business Analyst,Kolkata,MBA,Tier 3,Manufacturing,Mid-size,Female,2.1,26.0,2.85,4,795673.0,174287.0,969960.0
Chartered Accountant,Remote,BTech,Tier 1,FinTech,Mid-size,Female,1.0,23.0,1.59,7,2028237.0,401585.0,6421283.220641181
Frontend Developer,Jaipur,BTech,Tier 2,FinTech,Startup,Female,2.4,29.0,3.37,3,1475630.0,206976.0,1682607.0
Business Analyst,Remote,BTech,Tier 1,EdTech,MNC,Female,4.2,27.0,3.82,6,2225858.0,348330.0,2574188.0
Product Manager,Bangalore,MBA,Tier 2,IT Services,MNC,Female,3.3,29.0,2.27,4,3571787.0,836559.0,4408346.0
DevOps Engineer,Mumbai,BTech,Tier 3,E-Commerce,MNC,Male,6.2,31.0,3.51,2,2809629.0,605562.0,3415191.0
AI Engineer,Remote,MBA,Tier 2,FinTech,Mid-size,Male,0.0,22.0,2.19,4,2338298.0,210816.0,2549114.0
Data Scientist,Pune,MBA,Tier 3,IT Services,Mid-size,Male,3.6,29.0,2.85,7,2185445.0,261302.0,2446747.0
Data Scientist,Pune,MTech,Tier 3,FinTech,Mid-size,Male,1.2,24.0,,8,2107625.0,523580.0,2631205.0
Financial Analyst,Remote,BTech,Tier 3,EdTech,Mid-size,Male,4.8,23.0,4.09,6,1441981.0,219236.0,1661218.0
DevOps Engineer,Chennai,MBA,Tier 3,Product Based,Mid-size,Male,10.1,32.0,2.73,7,3104000.0,585915.0,3689915.0
Data Analyst,Kolkata,MBA,Tier 2,Consulting,Mid-size,Male,1.4,23.0,5.0,5,1602708.0,103878.0,1706586.0
DevOps Engineer,Jaipur,PhD,Tier 2,Manufacturing,MNC,Male,2.0,24.0,3.09,3,1752803.0,410802.0,2163605.0
Marketing Manager,Remote,BTech,Tier 2,FinTech,MNC,Male,8.1,31.0,3.0,6,2802881.0,647921.0,3450802.0
Marketing Manager,Remote,MBA,Tier 1,IT Services,MNC,Male,10.9,30.0,5.0,7,3534479.0,380848.0,3915327.0
Chartered Accountant,Ahmedabad,MBA,Tier 3,FinTech,MNC,Male,3.7,26.0,4.1,4,2721639.0,190106.0,2911745.0
Business Analyst,Chennai,BTech,Tier 3,Manufacturing,Mid-size,Male,11.8,33.0,3.57,2,1638319.0,131551.0,1769869.0
Chartered Accountant,Delhi NCR,BTech,Tier 2,E-Commerce,Startup,Male,3.6,29.0,3.46,4,2237639.0,351334.0,2588973.0
AI Engineer,Kolkata,BTech,Tier 2,Manufacturing,Startup,Male,1.8,22.0,2.36,9,1627754.0,357747.0,1985501.0
Software Engineer,Ahmedabad,BTech,Tier 3,EdTech,Mid-size,Male,0.5,21.0,3.08,5,1058124.0,238887.0,1297010.0
Data Scientist,Kolkata,BTech,Tier 3,E-Commerce,MNC,Female,3.9,25.0,3.83,1,2166945.0,492285.0,2659230.0
Financial Analyst,Ahmedabad,BTech,Tier 1,EdTech,Startup,Male,4.0,26.0,3.95,4,1539028.0,123594.0,1662622.0
HR Manager,Delhi NCR,BTech,Tier 1,Product Based,Startup,Male,8.5,32.0,2.94,6,2877781.0,606813.0,3484595.0
Marketing Manager,Hyderabad,BTech,Tier 3,E-Commerce,MNC,Female,5.2,26.0,2.27,8,2043640.0,412867.0,2456507.0
Business Analyst,Jaipur,BTech,Tier 2,IT Services,Startup,Female,8.4,31.0,3.0,6,1107958.0,133847.0,1241805.0
HR Manager,Remote,BTech,Tier 3,Product Based,Mid-size,Female,6.6,27.0,3.22,3,1565982.0,280807.0,1846789.0
Backend Developer,Bangalore,,Tier 3,E-Commerce,Startup,Male,0.4,28.0,3.28,6,1871679.0,362295.0,2233974.0
Software Engineer,Chennai,MTech,Tier 3,E-Commerce,MNC,Male,4.7,27.0,2.88,6,2451537.0,402019.0,2853556.0
Frontend Developer,Jaipur,BTech,Tier 2,Product Based,MNC,Male,6.4,27.0,3.18,7,2228873.0,419686.0,2648558.0
Product Manager,Kolkata,MBA,Tier 2,FinTech,Mid-size,Male,5.6,26.0,2.98,2,3143591.0,468864.0,3612455.0
Financial Analyst,Delhi NCR,,Tier 1,Consulting,Startup,Male,1.8,23.0,4.05,5,2272111.0,138822.0,2410933.0
DevOps Engineer,Mumbai,BTech,Tier 2,FinTech,Mid-size,Male,4.7,24.0,3.46,3,3000705.0,488113.0,3488818.0
Chartered Accountant,Remote,MBA,Tier 2,Product Based,MNC,Male,6.0,29.0,3.29,5,3643509.0,443698.0,4087206.0
Marketing Manager,Bangalore,BTech,Tier 2,Manufacturing,Startup,Male,5.7,31.0,3.22,4,1487898.0,286977.0,1774875.0
Data Scientist,Chennai,MTech,Tier 2,E-Commerce,Startup,Male,7.0,31.0,2.85,6,2654860.0,232502.0,2887362.0
AI Engineer,Bangalore,MBA,Tier 3,EdTech,Startup,Male,8.6,33.0,3.24,8,2853030.0,478854.0,3331884.0
HR Manager,Kolkata,BTech,Tier 1,IT Services,Mid-size,Female,1.7,25.0,3.56,2,1292835.0,179872.0,1472707.0
Marketing Manager,Delhi NCR,BTech,Tier 1,Manufacturing,MNC,Female,9.2,32.0,,2,2576411.0,504864.0,3081275.0
Business Analyst,Remote,MTech,Tier 3,FinTech,Startup,Male,5.9,29.0,3.14,5,2050311.0,194128.0,2244439.0
Product Manager,Chennai,BTech,Tier 2,IT Services,Startup,Male,17.7,40.0,4.29,3,2893890.0,526215.0,3420105.0
DevOps Engineer,Bangalore,MTech,Tier 2,EdTech,Startup,Male,4.2,29.0,2.97,2,2440450.0,204199.0,2644649.0
HR Manager,Ahmedabad,BTech,Tier 2,Product Based,MNC,Male,1.4,22.0,3.48,4,1549148.0,115917.0,1665064.0
DevOps Engineer,Pune,MTech,Tier 2,Consulting,MNC,Male,0.0,29.0,3.01,5,2391640.0,417307.0,2808947.0
Marketing Manager,Chennai,BTech,Tier 3,Manufacturing,Startup,Male,9.5,33.0,2.53,1,1407736.0,151992.0,1559728.0
HR Manager,Bangalore,MTech,Tier 3,Manufacturing,MNC,Male,3.9,27.0,3.11,10,2132445.0,379038.0,2511484.0
AI Engineer,Remote,BTech,Tier 2,Product Based,MNC,Male,9.2,31.0,4.34,6,3817243.0,586772.0,4404016.0
Data Scientist,Delhi NCR,BTech,Tier 1,Product Based,Startup,Female,13.0,33.0,2.53,5,3332396.0,293585.0,3625981.0
AI Engineer,Pune,MTech,Tier 3,EdTech,Startup,Male,8.1,33.0,3.14,6,2338616.0,533262.0,2871878.0
Chartered Accountant,Bangalore,BTech,Tier 2,E-Commerce,Mid-size,Male,2.6,25.0,2.92,6,2655619.0,153877.0,2809497.0
Product Manager,Mumbai,BTech,Tier 2,Manufacturing,Mid-size,Female,1.8,24.0,2.11,11,2493413.0,395165.0,2888578.0
Marketing Manager,Remote,MTech,Tier 1,Consulting,Startup,Male,2.6,22.0,3.77,6,2125573.0,434228.0,2559802.0
Frontend Developer,Pune,BTech,Tier 3,Product Based,Mid-size,Male,8.7,29.0,3.91,10,2954811.0,470078.0,3424889.0
Business Analyst,Chennai,BTech,Tier 3,E-Commerce,MNC,Male,3.2,24.0,,6,2027652.0,209841.0,2237493.0
AI Engineer,Chennai,PhD,Tier 2,FinTech,Mid-size,Female,11.5,33.0,3.8,2,3661787.0,190540.0,3852327.0
Business Analyst,Bangalore,BTech,Tier 3,IT Services,Mid-size,Male,4.1,27.0,3.52,7,1935253.0,431714.0,2366967.0
AI Engineer,Hyderabad,BTech,Tier 1,Consulting,MNC,Male,5.0,29.0,2.96,9,4152630.0,674462.0,4827092.0
AI Engineer,Pune,BTech,Tier 2,Product Based,Startup,Female,8.3,37.0,,1,2782871.0,479172.0,3262044.0
Frontend Developer,Pune,BTech,Tier 2,Product Based,MNC,Male,10.3,30.0,1.6,1,2722261.0,481373.0,3203633.0
Financial Analyst,Bangalore,MTech,Tier 1,IT Services,MNC,Male,3.9,24.0,3.36,5,3172967.0,685018.0,3857985.0
Product Manager,Ahmedabad,MTech,Tier 1,EdTech,Mid-size,Male,9.4,35.0,4.06,7,3080193.0,302113.0,3382306.0
Frontend Developer,Delhi NCR,BTech,Tier 3,IT Services,MNC,Female,2.6,19.0,4.65,6,1970577.0,342888.0,2313465.0
Product Manager,Chennai,BTech,Tier 3,FinTech,Mid-size,Female,1.6,24.0,2.13,1,2286489.0,252464.0,2538953.0
Financial Analyst,Bangalore,MBA,Tier 1,Manufacturing,Startup,Male,14.6,34.0,5.0,5,3000165.0,311258.0,3311424.0
Chartered Accountant,Kolkata,MTech,Tier 3,Manufacturing,MNC,Male,4.7,30.0,3.75,3,1738774.0,142590.0,1881364.0
Financial Analyst,Mumbai,MBA,Tier 1,EdTech,Startup,Male,3.8,26.0,2.37,5,2256348.0,116363.0,2372711.0
Financial Analyst,Pune,MBA,Tier 2,IT Services,Startup,Female,0.0,25.0,3.39,5,1412235.0,326995.0,1739230.0
Software Engineer,Ahmedabad,BTech,Tier 3,IT Services,Mid-size,Male,12.9,37.0,3.71,6,1599072.0,313047.0,1912119.0
AI Engineer,Jaipur,MTech,Tier 3,E-Commerce,Startup,Male,0.0,24.0,4.61,3,1550943.0,197105.0,1748048.0
Software Engineer,Bangalore,BTech,Tier 1,EdTech,Startup,Male,3.0,25.0,2.35,2,2161116.0,505223.0,2666339.0
HR Manager,Bangalore,BTech,Tier 2,FinTech,Startup,Male,5.4,24.0,1.46,2,2311073.0,556674.0,2867747.0
Chartered Accountant,Mumbai,BTech,Tier 2,EdTech,Startup,Female,0.9,24.0,3.84,6,1322170.0,317233.0,1639403.0
DevOps Engineer,Hyderabad,MTech,Tier 2,EdTech,Startup,Male,1.0,20.0,2.82,4,2018877.0,480651.0,2499527.0
Data Scientist,Ahmedabad,BTech,Tier 1,Product Based,MNC,Male,7.3,30.0,2.72,6,3405491.0,414591.0,3820082.0
Chartered Accountant,Ahmedabad,BTech,Tier 2,E-Commerce,MNC,Male,1.3,24.0,2.52,6,2127028.0,311721.0,2438749.0
HR Manager,Mumbai,MBA,Tier 2,Manufacturing,Mid-size,Male,7.5,33.0,4.33,4,1928067.0,218322.0,2146389.0
HR Manager,Ahmedabad,PhD,Tier 3,EdTech,Startup,Male,1.7,24.0,3.64,5,1312560.0,153953.0,1466513.0
DevOps Engineer,Ahmedabad,BTech,Tier 2,FinTech,Mid-size,Male,6.8,29.0,4.32,6,2307374.0,248493.0,2555867.0
Marketing Manager,Hyderabad,MTech,Tier 3,Product Based,Startup,Male,0.0,22.0,2.88,2,1736721.0,209718.0,1946439.0
Product Manager,Chennai,BTech,Tier 2,E-Commerce,Mid-size,Female,2.6,25.0,2.43,5,2436263.0,607032.0,3043295.0
Data Analyst,Hyderabad,BTech,Tier 2,IT Services,MNC,Male,9.5,31.0,4.48,1,2238506.0,474618.0,2713124.0
Data Analyst,Bangalore,MTech,Tier 3,Product Based,MNC,Male,1.2,23.0,4.39,8,2816040.0,665504.0,3481544.0
Backend Developer,Pune,BTech,Tier 2,IT Services,MNC,Male,10.9,33.0,3.79,4,2758806.0,677148.0,3435954.0
Financial Analyst,Ahmedabad,BTech,Tier 3,EdTech,Mid-size,Male,4.6,26.0,5.0,7,1516403.0,363231.0,1879634.0
Software Engineer,Pune,BTech,Tier 2,EdTech,Startup,Male,7.0,31.0,2.11,4,1615473.0,308090.0,1923562.0
DevOps Engineer,Kolkata,MTech,Tier 2,Manufacturing,Mid-size,Female,4.4,28.0,1.92,4,1755185.0,104441.0,1859626.0
Data Analyst,Jaipur,BTech,Tier 3,Consulting,Mid-size,Male,0.0,25.0,2.57,5,741357.0,83795.0,825153.0
HR Manager,Delhi NCR,BTech,Tier 1,IT Services,Startup,Male,10.6,33.0,2.65,9,2456106.0,460535.0,2916641.0
Financial Analyst,Bangalore,MBA,Tier 1,Consulting,Mid-size,Female,9.3,31.0,2.97,7,3374701.0,719709.0,4094409.0
Financial Analyst,Jaipur,MBA,Tier 3,Manufacturing,Mid-size,Female,8.5,28.0,3.03,5,1364157.0,101272.0,1465428.0
Product Manager,Kolkata,BTech,Tier 2,Consulting,Startup,Female,12.5,32.0,3.95,6,2445093.0,419663.0,2864755.0
Software Engineer,Jaipur,BTech,Tier 1,Manufacturing,MNC,Male,0.5,21.0,3.77,3,1548728.0,126380.0,1675108.0
Marketing Manager,Mumbai,BTech,Tier 3,E-Commerce,MNC,Male,0.0,19.0,3.48,5,1983978.0,392905.0,2376883.0
Software Engineer,Kolkata,BTech,Tier 3,EdTech,Startup,Male,0.0,23.0,4.55,7,1153348.0,162399.0,1315747.0
AI Engineer,Chennai,BTech,Tier 3,FinTech,MNC,Male,12.1,35.0,,2,3387756.0,557661.0,3945417.0
Financial Analyst,Jaipur,BTech,Tier 2,IT Services,MNC,Female,4.1,31.0,3.63,6,1558369.0,158408.0,1716777.0
Backend Developer,Chennai,BTech,Tier 3,Product Based,Mid-size,Female,4.4,30.0,3.13,5,1920519.0,380509.0,2301028.0
Backend Developer,Pune,BTech,Tier 3,Manufacturing,Mid-size,Male,1.0,20.0,5.0,5,1471188.0,265292.0,1736481.0
Chartered Accountant,Bangalore,BTech,Tier 1,Consulting,Mid-size,Female,6.7,31.0,5.0,9,3565407.0,367993.0,3933401.0
Software Engineer,Mumbai,MTech,Tier 2,Product Based,Startup,Male,5.8,30.0,4.01,7,2943201.0,569782.0,3512983.0
Data Analyst,Hyderabad,BTech,Tier 3,EdTech,Mid-size,Male,3.1,24.0,4.26,6,1527810.0,342261.0,1870071.0
Product Manager,Ahmedabad,BTech,Tier 3,Manufacturing,MNC,Female,5.6,32.0,3.62,8,2265460.0,146014.0,2411474.0
DevOps Engineer,Bangalore,BTech,Tier 2,IT Services,Startup,Female,6.6,29.0,3.04,2,2110020.0,186666.0,2296687.0
Chartered Accountant,Remote,BTech,Tier 2,EdTech,MNC,Male,9.2,31.0,4.13,3,2127386.0,165179.0,2292566.0
HR Manager,Pune,MTech,Tier 2,IT Services,Startup,Male,4.6,27.0,3.51,6,1731397.0,293984.0,2025381.0
Marketing Manager,Remote,BTech,Tier 2,EdTech,Mid-size,Male,0.0,24.0,2.12,4,912724.0,61552.0,974276.0
HR Manager,Hyderabad,PhD,Tier 1,EdTech,Mid-size,Female,0.0,25.0,3.74,5,1909122.0,99678.0,2008799.0
Frontend Developer,Pune,MTech,Tier 3,Consulting,Mid-size,Male,8.6,36.0,4.08,2,2114726.0,331795.0,2446521.0
Business Analyst,Mumbai,BTech,Tier 2,E-Commerce,Startup,Male,12.0,36.0,4.22,6,2320104.0,265766.0,2585870.0
Data Analyst,Kolkata,BTech,Tier 2,E-Commerce,Mid-size,Male,1.1,24.0,3.01,5,1436533.0,83736.0,1520269.0
Backend Developer,Bangalore,BTech,Tier 2,Product Based,Startup,Female,8.2,28.0,2.81,4,2485008.0,500418.0,2985427.0
DevOps Engineer,Delhi NCR,MTech,Tier 2,Consulting,Mid-size,Male,3.4,27.0,3.17,8,2644824.0,370606.0,3015430.0
AI Engineer,Jaipur,MBA,Tier 3,IT Services,Mid-size,Male,5.9,30.0,1.35,4,1882264.0,205591.0,2087855.0
AI Engineer,Hyderabad,BTech,Tier 2,EdTech,MNC,Male,4.2,26.0,2.48,1,2285622.0,435316.0,2720938.0
Frontend Developer,Delhi NCR,MTech,Tier 2,E-Commerce,Mid-size,Male,14.7,39.0,2.89,5,2585314.0,321914.0,2907228.0
Product Manager,Bangalore,MTech,Tier 2,IT Services,MNC,Male,5.2,31.0,3.93,4,4143408.0,820741.0,4964148.0
Financial Analyst,Delhi NCR,MBA,Tier 3,FinTech,Startup,Female,0.5,23.0,3.33,7,1762775.0,401068.0,2163843.0
AI Engineer,Mumbai,BTech,Tier 3,Consulting,MNC,Male,6.1,31.0,3.41,7,3351257.0,195412.0,3546669.0
HR Manager,Hyderabad,PhD,Tier 2,Product Based,MNC,Male,5.7,28.0,3.17,5,3804082.0,683621.0,4487703.0
Software Engineer,Delhi NCR,BTech,Tier 3,FinTech,Startup,Male,4.6,27.0,4.19,6,2411153.0,506387.0,2917540.0
Chartered Accountant,Pune,BTech,Tier 2,Manufacturing,MNC,Female,14.9,36.0,3.58,5,2294334.0,414560.0,2708893.0
Software Engineer,Ahmedabad,PhD,Tier 2,Consulting,Startup,Male,2.7,26.0,4.08,3,1987845.0,211524.0,2199369.0
Chartered Accountant,Chennai,BTech,Tier 2,Manufacturing,Mid-size,Male,4.9,33.0,3.97,2,1701683.0,265185.0,1966868.0
AI Engineer,Remote,MBA,Tier 1,FinTech,Startup,Male,6.5,29.0,2.07,6,3831962.0,319516.0,4151478.0
Data Analyst,Bangalore,MTech,Tier 3,EdTech,Startup,Male,2.9,27.0,,5,1944619.0,466271.0,2410890.0
Data Analyst,Kolkata,BTech,Tier 1,E-Commerce,MNC,Male,2.4,26.0,2.6,7,2127292.0,345561.0,2472853.0
Business Analyst,Jaipur,MBA,Tier 3,Manufacturing,MNC,Female,8.1,31.0,2.45,2,1580125.0,86421.0,1666546.0
Chartered Accountant,Delhi NCR,MTech,Tier 3,Consulting,Mid-size,Female,0.0,22.0,2.35,7,1745964.0,401134.0,2147098.0
Product Manager,Jaipur,BTech,Tier 2,IT Services,MNC,Female,4.3,26.0,3.53,4,2523805.0,466207.0,2990011.0
Data Analyst,Kolkata,BTech,Tier 2,E-Commerce,MNC,Male,10.7,33.0,3.14,7,2505373.0,363043.0,2868416.0
Chartered Accountant,Bangalore,BTech,Tier 2,Manufacturing,MNC,Male,1.8,28.0,5.0,3,2266170.0,286683.0,2552852.0
Business Analyst,Remote,MTech,Tier 2,FinTech,MNC,Male,5.2,29.0,4.35,9,2810280.0,688225.0,3498505.0
AI Engineer,Kolkata,BTech,Tier 3,Manufacturing,Mid-size,Male,0.0,25.0,3.7,11,1502229.0,256537.0,1758766.0
Marketing Manager,Hyderabad,MTech,Tier 3,FinTech,Mid-size,Male,0.1,21.0,3.47,5,2030961.0,114945.0,2145907.0
DevOps Engineer,Mumbai,BTech,Tier 3,Manufacturing,MNC,Female,3.4,23.0,2.8,3,1919003.0,386520.0,2305523.0
Financial Analyst,Jaipur,BTech,Tier 2,IT Services,MNC,Female,9.8,31.0,3.76,5,1895714.0,167552.0,2063266.0
Backend Developer,Chennai,MTech,Tier 3,Product Based,Mid-size,Male,2.9,23.0,4.01,4,1900215.0,227022.0,2127237.0
Marketing Manager,Ahmedabad,BTech,Tier 2,EdTech,MNC,Male,8.9,34.0,3.61,5,1859232.0,390526.0,2249758.0
Software Engineer,Hyderabad,BTech,Tier 2,FinTech,MNC,Male,10.3,31.0,3.19,8,3516526.0,300736.0,3817262.0
Data Scientist,Mumbai,BTech,Tier 2,Manufacturing,Startup,Male,0.7,22.0,2.08,3,1689932.0,200327.0,1890260.0
Marketing Manager,Ahmedabad,MTech,Tier 1,FinTech,MNC,Male,2.2,28.0,3.55,3,2537239.0,365659.0,2902898.0
DevOps Engineer,Ahmedabad,BTech,Tier 3,Manufacturing,Startup,Male,10.9,36.0,4.99,4,1679625.0,330402.0,2010027.0
AI Engineer,Mumbai,PhD,Tier 1,E-Commerce,Mid-size,Male,6.8,32.0,4.49,4,4637732.0,912725.0,5550457.0
HR Manager,Chennai,BTech,Tier 3,Consulting,Startup,Male,0.0,23.0,4.7,4,1155964.0,258841.0,1414805.0
Product Manager,Delhi NCR,MBA,Tier 3,E-Commerce,Mid-size,Male,9.6,31.0,4.11,3,3727055.0,848769.0,4575824.0
Data Scientist,Mumbai,,Tier 3,EdTech,MNC,Male,6.8,27.0,4.45,10,2529691.0,267753.0,2797445.0
Product Manager,Chennai,BTech,Tier 3,Manufacturing,Mid-size,Male,4.1,28.0,3.82,5,1993388.0,339438.0,2332826.0
DevOps Engineer,Remote,BTech,Tier 2,E-Commerce,Mid-size,Male,5.7,28.0,3.65,6,2186328.0,296866.0,2483195.0
Business Analyst,Chennai,,Tier 2,FinTech,Mid-size,Female,8.4,30.0,3.48,5,2041753.0,474148.0,2515900.0
Software Engineer,Hyderabad,BTech,Tier 2,IT Services,Mid-size,Female,0.0,23.0,3.24,3,1519313.0,169200.0,1688512.0
DevOps Engineer,Pune,MTech,Tier 2,Consulting,Mid-size,Male,0.0,23.0,2.62,3,1756472.0,259056.0,2015527.0
Financial Analyst,Bangalore,BTech,Tier 2,Product Based,Startup,Male,8.4,30.0,3.21,6,2534881.0,475972.0,7956774.722593006
Data Scientist,Hyderabad,BTech,Tier 1,Manufacturing,Mid-size,Male,9.7,30.0,2.65,9,2506125.0,442744.0,2948869.0
Marketing Manager,Chennai,BTech,Tier 3,Manufacturing,Startup,Female,4.3,27.0,3.62,7,1348580.0,165694.0,1514274.0
Business Analyst,Jaipur,BTech,Tier 3,IT Services,MNC,Male,0.0,23.0,3.15,4,915434.0,177426.0,1092859.0
AI Engineer,Pune,MBA,Tier 3,Manufacturing,Startup,Male,14.1,35.0,4.06,8,2375976.0,417470.0,2793446.0
Financial Analyst,Delhi NCR,BTech,Tier 2,E-Commerce,Mid-size,Male,3.2,24.0,4.34,4,2405862.0,561381.0,2967243.0
Data Scientist,Pune,BTech,Tier 2,IT Services,MNC,Male,4.8,25.0,,6,2352935.0,404034.0,2756970.0
Data Analyst,Chennai,MTech,Tier 2,EdTech,MNC,Male,4.5,27.0,3.48,7,2008188.0,453997.0,2462185.0
AI Engineer,Chennai,MBA,Tier 1,Product Based,Startup,Male,2.2,25.0,5.0,10,3933879.0,636513.0,4570392.0
Business Analyst,Mumbai,BTech,Tier 3,Manufacturing,Mid-size,Male,3.7,26.0,,6,1499262.0,186001.0,1685263.0
Data Analyst,Mumbai,BTech,Tier 3,E-Commerce,MNC,Male,9.7,36.0,3.03,5,2601190.0,312163.0,2913353.0
HR Manager,Ahmedabad,BTech,Tier 3,EdTech,Startup,Female,3.4,27.0,3.57,4,1193871.0,245757.0,1439628.0
Frontend Developer,Hyderabad,PhD,Tier 2,IT Services,MNC,Male,6.2,29.0,4.55,4,3034862.0,209746.0,3244608.0
Business Analyst,Chennai,PhD,Tier 1,Manufacturing,Startup,Male,5.9,33.0,3.85,7,2197165.0,128804.0,2325969.0
Data Analyst,Chennai,BTech,Tier 3,Product Based,Startup,Female,9.8,31.0,3.46,4,1701172.0,112410.0,1813582.0
DevOps Engineer,Remote,MBA,Tier 2,E-Commerce,Mid-size,Male,10.7,34.0,2.63,6,2908400.0,606330.0,9288366.297648214
Product Manager,Bangalore,MTech,Tier 2,Manufacturing,Mid-size,Female,8.9,31.0,3.24,6,3002350.0,495810.0,3498160.0
Data Scientist,Remote,BTech,Tier 2,Product Based,Mid-size,Male,5.3,25.0,3.91,8,2438173.0,475092.0,2913266.0
DevOps Engineer,Kolkata,PhD,Tier 1,E-Commerce,Mid-size,Male,5.6,32.0,2.71,6,3368082.0,446705.0,3814787.0
Product Manager,Delhi NCR,MTech,Tier 3,IT Services,Startup,Male,6.9,33.0,4.65,4,2812599.0,578529.0,3391128.0
Marketing Manager,Jaipur,BTech,Tier 2,E-Commerce,Mid-size,Female,9.5,31.0,2.64,5,1566576.0,255429.0,1822005.0
Business Analyst,Jaipur,,Tier 2,FinTech,Mid-size,Female,8.2,34.0,3.24,2,1678113.0,260432.0,1938545.0
Software Engineer,Bangalore,BTech,Tier 3,EdTech,Mid-size,Male,0.7,25.0,3.65,6,1737866.0,327072.0,2064939.0
Chartered Accountant,Remote,BTech,Tier 3,IT Services,MNC,Male,0.5,25.0,2.07,5,1522933.0,91316.0,1614249.0
Software Engineer,Mumbai,BTech,Tier 2,Consulting,Startup,Female,10.2,33.0,1.35,3,2150288.0,515864.0,2666152.0
Backend Developer,Remote,BTech,Tier 2,Manufacturing,Startup,Male,3.2,26.0,3.41,3,1308270.0,271777.0,1580047.0
Chartered Accountant,Chennai,PhD,Tier 2,E-Commerce,Mid-size,Male,5.2,30.0,3.66,3,2817282.0,375072.0,3192354.0
Backend Developer,Ahmedabad,MTech,Tier 1,EdTech,Mid-size,Male,6.9,33.0,5.0,4,2360967.0,538612.0,2899579.0
Software Engineer,Kolkata,BTech,Tier 2,EdTech,MNC,Male,8.8,31.0,3.68,4,2228837.0,413625.0,2642462.0
DevOps Engineer,Kolkata,MTech,Tier 3,Product Based,Startup,Male,4.0,27.0,3.35,6,2169884.0,517135.0,2687019.0
Data Scientist,Bangalore,MBA,Tier 2,FinTech,Startup,Male,5.7,32.0,,3,3310885.0,229105.0,3539989.0
Business Analyst,Kolkata,BTech,Tier 2,Manufacturing,MNC,Female,3.6,29.0,2.7,5,1148726.0,153358.0,1302084.0
Data Scientist,Delhi NCR,BTech,Tier 3,IT Services,MNC,Female,13.0,38.0,,6,2580793.0,473558.0,3054351.0
DevOps Engineer,Chennai,MBA,Tier 3,FinTech,Mid-size,Male,6.0,29.0,4.19,2,2672894.0,308350.0,2981243.0
Product Manager,Remote,BTech,Tier 2,EdTech,Startup,Female,2.4,27.0,4.15,3,1877884.0,447361.0,2325245.0
Financial Analyst,Delhi NCR,PhD,Tier 1,Manufacturing,Mid-size,Male,4.3,26.0,3.45,2,2146872.0,313799.0,2460671.0
Business Analyst,Hyderabad,BTech,Tier 1,Manufacturing,MNC,Male,0.0,21.0,,4,1526693.0,206365.0,1733058.0
Chartered Accountant,Remote,BTech,Tier 3,Consulting,Mid-size,Male,3.0,24.0,3.62,6,1839003.0,450769.0,2289772.0
Software Engineer,Mumbai,MTech,Tier 3,FinTech,Mid-size,Male,1.4,22.0,3.48,4,2481482.0,164907.0,2646389.0
Backend Developer,Chennai,BTech,Tier 3,Manufacturing,Startup,Male,1.8,28.0,2.33,5,1230086.0,107516.0,1337602.0
Frontend Developer,Delhi NCR,BTech,Tier 1,Manufacturing,MNC,Male,0.0,29.0,2.15,4,1803648.0,289108.0,2092756.0
AI Engineer,Hyderabad,MBA,Tier 2,Consulting,MNC,Male,7.5,33.0,3.66,7,4059172.0,518607.0,4577779.0
AI Engineer,Ahmedabad,BTech,Tier 2,E-Commerce,Startup,Female,6.5,26.0,4.53,6,2324090.0,375884.0,2699974.0
Data Scientist,Remote,MTech,Tier 3,EdTech,Startup,Female,6.9,30.0,3.23,5,1899902.0,178709.0,2078611.0
Business Analyst,Mumbai,BTech,Tier 3,Consulting,MNC,Male,0.0,25.0,2.34,3,1636056.0,102904.0,1738960.0
Business Analyst,Mumbai,BTech,Tier 2,EdTech,Mid-size,Male,6.9,33.0,3.11,7,2093882.0,174295.0,2268177.0
Backend Developer,Delhi NCR,BTech,Tier 2,IT Services,Mid-size,Male,4.3,28.0,2.5,3,1955305.0,422860.0,2378165.0
Business Analyst,Kolkata,BTech,Tier 2,Product Based,Startup,Female,3.4,23.0,3.31,6,1674573.0,372829.0,2047402.0
Data Analyst,Jaipur,BTech,Tier 3,Consulting,Startup,Male,10.9,33.0,2.56,5,1380154.0,115940.0,1496095.0
Backend Developer,Remote,BTech,Tier 2,E-Commerce,Startup,Male,10.9,35.0,4.09,7,2166059.0,230827.0,2396885.0
Data Analyst,Bangalore,,Tier 1,E-Commerce,Mid-size,Male,5.3,29.0,3.06,7,2560336.0,412971.0,2973306.0
Software Engineer,Jaipur,MTech,Tier 1,Product Based,MNC,Female,5.9,27.0,2.29,1,2882850.0,597847.0,3480696.0
AI Engineer,Kolkata,BTech,Tier 1,IT Services,Startup,Male,7.2,30.0,3.41,7,2500261.0,590547.0,3090808.0
Financial Analyst,Pune,MBA,Tier 2,Product Based,Startup,Male,0.0,18.0,1.44,5,1701828.0,191343.0,1893171.0
Frontend Developer,Bangalore,MTech,Tier 3,Consulting,Mid-size,Male,1.6,25.0,4.11,9,2265868.0,159360.0,2425229.0
Software Engineer,Chennai,MTech,Tier 1,EdTech,MNC,Female,1.3,24.0,3.84,3,2396398.0,339300.0,2735697.0
AI Engineer,Remote,BTech,Tier 3,IT Services,Startup,Male,9.8,34.0,3.13,5,2077308.0,177224.0,2254532.0
Backend Developer,Remote,BTech,Tier 3,IT Services,Mid-size,Male,11.3,33.0,3.15,10,1913832.0,428396.0,2342228.0
Frontend Developer,Remote,MBA,Tier 2,Product Based,Mid-size,Male,2.6,24.0,3.84,6,2510260.0,598888.0,3109148.0
Software Engineer,Remote,BTech,Tier 3,EdTech,MNC,Female,6.5,29.0,2.64,1,1644194.0,347382.0,1991576.0
Data Analyst,Mumbai,MTech,Tier 2,Consulting,Startup,Male,9.0,31.0,2.38,4,2288552.0,487597.0,2776149.0
Frontend Developer,Bangalore,BTech,Tier 1,Manufacturing,Mid-size,Male,7.1,29.0,,3,2252096.0,450954.0,2703049.0
Data Scientist,Jaipur,BTech,Tier 1,E-Commerce,Mid-size,Male,8.2,34.0,3.38,7,2452800.0,513097.0,2965898.0
Chartered Accountant,Mumbai,BTech,Tier 1,E-Commerce,MNC,Male,7.5,30.0,2.96,8,3703591.0,473252.0,4176843.0
HR Manager,Remote,BTech,Tier 3,Consulting,Mid-size,Male,0.0,23.0,2.8,6,1183841.0,220209.0,1404050.0
Financial Analyst,Remote,MTech,Tier 3,EdTech,Mid-size,Male,0.0,23.0,4.04,10,1275302.0,282419.0,1557721.0
Financial Analyst,Pune,MBA,Tier 2,E-Commerce,Mid-size,Male,0.1,27.0,4.23,4,1829541.0,403437.0,2232978.0
HR Manager,Ahmedabad,MTech,Tier 3,E-Commerce,Startup,Female,10.0,34.0,4.28,6,1850370.0,117537.0,1967907.0
Backend Developer,Hyderabad,BTech,Tier 2,IT Services,Startup,Male,4.0,27.0,4.31,1,1615179.0,314456.0,1929635.0
AI Engineer,Pune,PhD,Tier 2,E-Commerce,Mid-size,Male,7.7,33.0,,2,3942429.0,904161.0,4846590.0
Data Scientist,Jaipur,MBA,Tier 3,Consulting,Mid-size,Male,3.5,24.0,3.08,7,1758941.0,170380.0,1929321.0
Chartered Accountant,Remote,BTech,Tier 1,Consulting,Startup,Female,5.0,30.0,2.79,3,1975596.0,260102.0,2235698.0
Data Analyst,Pune,BTech,Tier 2,FinTech,MNC,Female,5.6,29.0,4.42,4,2445071.0,132722.0,2577793.0
Frontend Developer,Mumbai,BTech,Tier 3,IT Services,Startup,Male,3.1,23.0,3.01,3,1571354.0,159230.0,1730584.0
Marketing Manager,Kolkata,MTech,Tier 3,Product Based,Mid-size,Male,0.0,26.0,2.98,3,1296020.0,139453.0,1435473.0
Business Analyst,Bangalore,BTech,Tier 2,IT Services,Mid-size,Male,3.7,23.0,2.8,4,1924753.0,96638.0,2021392.0
HR Manager,Mumbai,PhD,Tier 2,Manufacturing,MNC,Male,3.5,23.0,3.28,6,2523713.0,229439.0,2753152.0
HR Manager,Mumbai,MTech,Tier 2,FinTech,Startup,Male,4.4,27.0,2.5,6,2484629.0,217051.0,2701680.0
Financial Analyst,Hyderabad,MTech,Tier 2,E-Commerce,MNC,Male,1.9,25.0,4.45,10,3067440.0,714357.0,3781797.0
Software Engineer,Delhi NCR,PhD,Tier 3,EdTech,Mid-size,Male,3.9,28.0,,5,2182514.0,326348.0,2508862.0
Frontend Developer,Delhi NCR,MBA,Tier 2,Product Based,Mid-size,Male,7.7,32.0,3.53,8,3367160.0,452963.0,3820123.0
Backend Developer,Jaipur,PhD,Tier 2,Manufacturing,Mid-size,Male,0.4,26.0,3.94,12,1657015.0,216084.0,1873099.0
Marketing Manager,Mumbai,MBA,Tier 3,FinTech,Mid-size,Male,1.9,25.0,4.06,7,2512498.0,137330.0,2649828.0
Financial Analyst,Bangalore,,Tier 2,E-Commerce,MNC,Male,12.6,35.0,3.45,6,4111018.0,662038.0,4773056.0
Financial Analyst,Pune,MTech,Tier 1,Product Based,MNC,Male,0.0,24.0,3.37,4,2315267.0,330059.0,2645325.0
Chartered Accountant,Pune,BTech,Tier 3,E-Commerce,Mid-size,Male,2.4,24.0,2.94,3,1894026.0,452751.0,2346777.0
Product Manager,Bangalore,MBA,Tier 3,E-Commerce,Startup,Male,7.6,31.0,3.07,10,4011348.0,517078.0,4528426.0
Frontend Developer,Mumbai,BTech,Tier 3,EdTech,MNC,Female,0.0,25.0,,3,1244268.0,149150.0,1393419.0
Data Scientist,Chennai,BTech,Tier 3,E-Commerce,Startup,Female,9.6,32.0,4.28,6,2166678.0,183771.0,2350448.0
DevOps Engineer,Jaipur,MBA,Tier 3,Product Based,Mid-size,Male,6.2,27.0,3.51,10,2663443.0,609285.0,3272728.0
Product Manager,Bangalore,BTech,Tier 2,FinTech,Startup,Female,3.6,29.0,,1,3116651.0,573554.0,3690205.0
Data Analyst,Bangalore,BTech,Tier 2,E-Commerce,MNC,Female,0.0,18.0,2.83,2,1230825.0,174571.0,1405396.0
Chartered Accountant,Jaipur,BTech,Tier 3,Product Based,MNC,Male,1.7,24.0,3.11,5,1764882.0,98591.0,1863473.0
Data Analyst,Remote,BTech,Tier 2,IT Services,Mid-size,Female,2.9,25.0,4.0,4,1270326.0,194491.0,1464817.0
AI Engineer,Pune,MBA,Tier 2,FinTech,MNC,Female,8.7,33.0,2.81,3,4002126.0,994692.0,4996818.0
Product Manager,Bangalore,PhD,Tier 1,Product Based,Startup,Female,6.6,27.0,4.65,5,5352543.0,355941.0,5708484.0
Data Analyst,Chennai,MTech,Tier 3,Consulting,MNC,Female,0.0,22.0,4.3,2,1387318.0,276955.0,1664273.0
Data Scientist,Chennai,BTech,Tier 3,Manufacturing,MNC,Male,7.8,30.0,3.33,7,2215471.0,116693.0,2332164.0
Data Analyst,Mumbai,,Tier 3,Consulting,MNC,Female,0.0,23.0,4.82,6,1836346.0,273237.0,2109583.0
Backend Developer,Bangalore,BTech,Tier 2,EdTech,Mid-size,Male,0.9,21.0,4.19,7,1751977.0,207978.0,1959955.0
HR Manager,Ahmedabad,BTech,Tier 3,E-Commerce,Startup,Male,0.9,24.0,3.86,2,1096499.0,162521.0,1259020.0
Marketing Manager,Kolkata,BTech,Tier 2,Product Based,Mid-size,Female,2.0,27.0,3.22,4,1638088.0,304577.0,1942665.0
Business Analyst,Ahmedabad,BTech,Tier 3,Consulting,MNC,Male,3.4,25.0,4.26,8,2101903.0,376327.0,2478229.0
HR Manager,Ahmedabad,BTech,Tier 2,E-Commerce,Mid-size,Female,11.1,35.0,4.17,8,1906931.0,190662.0,2097593.0
Backend Developer,Kolkata,,Tier 1,E-Commerce,Startup,Female,12.0,35.0,4.58,6,2555833.0,329697.0,2885530.0
Data Analyst,Bangalore,PhD,Tier 3,E-Commerce,MNC,Male,0.2,22.0,2.96,4,2013720.0,386649.0,2400369.0
Data Scientist,Pune,,Tier 3,EdTech,Startup,Female,8.9,32.0,3.49,7,2009179.0,390160.0,2399339.0
Chartered Accountant,Bangalore,MTech,Tier 2,FinTech,MNC,Female,13.3,35.0,3.62,6,4209951.0,680336.0,4890287.0
Frontend Developer,Chennai,PhD,Tier 2,IT Services,MNC,Male,1.7,24.0,3.66,4,2494434.0,400679.0,2895113.0
Financial Analyst,Remote,MTech,Tier 2,E-Commerce,Startup,Male,0.7,21.0,1.98,4,1150729.0,174164.0,1324893.0
Software Engineer,Jaipur,,Tier 2,E-Commerce,MNC,Male,10.5,33.0,3.8,6,2135116.0,515204.0,2650320.0
Data Analyst,Remote,BTech,Tier 3,FinTech,Mid-size,Female,5.8,25.0,2.1,6,1545588.0,172454.0,1718042.0
AI Engineer,Ahmedabad,PhD,Tier 3,Consulting,MNC,Male,0.0,25.0,3.57,3,2226183.0,335137.0,2561321.0
Backend Developer,Jaipur,BTech,Tier 2,E-Commerce,Startup,Female,5.8,31.0,2.07,5,1610470.0,269926.0,1880395.0
Product Manager,Hyderabad,MBA,Tier 3,EdTech,Mid-size,Female,7.0,32.0,3.96,2,2478328.0,281426.0,2759754.0
Data Analyst,Remote,BTech,Tier 1,E-Commerce,Mid-size,Female,1.6,23.0,3.86,4,1564713.0,376783.0,1941497.0
DevOps Engineer,Kolkata,BTech,Tier 3,FinTech,MNC,Male,1.5,25.0,4.43,7,2449669.0,123222.0,2572891.0
DevOps Engineer,Mumbai,BTech,Tier 3,Consulting,Mid-size,Male,1.2,25.0,,4,2080262.0,148744.0,2229006.0
Business Analyst,Mumbai,MBA,Tier 2,Manufacturing,MNC,Female,2.6,25.0,2.27,5,1907972.0,188759.0,2096731.0
Backend Developer,Remote,BTech,Tier 2,Product Based,Mid-size,Male,11.5,34.0,4.56,4,2443113.0,418980.0,2862094.0
Software Engineer,Delhi NCR,BTech,Tier 3,Consulting,Mid-size,Female,0.9,21.0,4.53,6,1683005.0,113791.0,1796796.0
Marketing Manager,Kolkata,MTech,Tier 2,Manufacturing,MNC,Male,3.5,25.0,2.01,1,1718819.0,267479.0,1986298.0
Product Manager,Delhi NCR,MBA,Tier 1,Product Based,Mid-size,Male,13.0,36.0,3.83,2,5330348.0,359788.0,5690136.0
AI Engineer,Remote,BTech,Tier 1,IT Services,Startup,Male,6.0,25.0,2.64,1,2191558.0,406144.0,2597702.0
Data Analyst,Hyderabad,,Tier 2,IT Services,Startup,Female,4.8,26.0,3.47,7,1642741.0,349330.0,1992071.0
Software Engineer,Bangalore,,Tier 3,Consulting,Startup,Male,8.7,29.0,2.89,3,2148240.0,301499.0,2449740.0
HR Manager,Kolkata,BTech,Tier 2,Consulting,MNC,Female,2.4,25.0,3.53,6,1818878.0,409949.0,2228827.0
Financial Analyst,Pune,BTech,Tier 3,Product Based,MNC,Male,7.4,33.0,3.56,3,2496306.0,320219.0,2816525.0
Product Manager,Kolkata,BTech,Tier 2,IT Services,Startup,Female,11.3,35.0,3.72,7,2645365.0,245007.0,7638377.3070665635
AI Engineer,Hyderabad,PhD,Tier 3,Manufacturing,MNC,Male,7.0,30.0,3.24,5,3444966.0,268909.0,3713876.0
Software Engineer,Hyderabad,MBA,Tier 1,EdTech,Mid-size,Male,2.5,27.0,3.07,4,2156151.0,255299.0,2411450.0
Data Scientist,Chennai,MBA,Tier 2,Manufacturing,Mid-size,Male,9.2,32.0,4.29,4,2451692.0,443384.0,2895076.0
Chartered Accountant,Chennai,MBA,Tier 3,Product Based,Startup,Male,6.8,32.0,2.63,4,2736680.0,330175.0,3066855.0
DevOps Engineer,Jaipur,BTech,Tier 3,Consulting,Startup,Male,2.9,24.0,3.01,5,1323151.0,76872.0,1400023.0
Chartered Accountant,Kolkata,BTech,Tier 1,FinTech,Startup,Male,0.2,20.0,4.64,5,2025575.0,254305.0,2279880.0
AI Engineer,Bangalore,MBA,Tier 2,Manufacturing,Mid-size,Male,5.2,28.0,3.84,3,2600610.0,432670.0,3033280.0
Data Scientist,Ahmedabad,BTech,Tier 3,Manufacturing,MNC,Male,3.9,29.0,2.57,1,1526252.0,340495.0,1866748.0
AI Engineer,Chennai,MTech,Tier 1,Consulting,Startup,Male,5.0,29.0,2.08,3,2799874.0,694090.0,3493964.0
Chartered Accountant,Pune,BTech,Tier 3,Consulting,MNC,Male,3.6,27.0,2.4,6,2023263.0,445045.0,2468307.0
Backend Developer,Remote,BTech,Tier 2,Consulting,Startup,Female,8.8,36.0,5.0,4,1936139.0,215187.0,2151326.0
DevOps Engineer,Delhi NCR,BTech,Tier 2,Manufacturing,Startup,Male,10.6,32.0,2.86,4,1967448.0,213167.0,2180614.0
AI Engineer,Delhi NCR,BTech,Tier 2,FinTech,Startup,Male,10.7,36.0,4.57,6,3634153.0,858301.0,4492454.0
AI Engineer,Pune,BTech,Tier 3,Product Based,Mid-size,Male,5.5,27.0,3.57,8,2980055.0,305434.0,3285489.0
Marketing Manager,Ahmedabad,BTech,Tier 2,Consulting,Mid-size,Male,4.5,31.0,3.6,4,1491811.0,282600.0,1774410.0
HR Manager,Jaipur,BTech,Tier 2,FinTech,MNC,Male,11.9,34.0,,3,2359857.0,243634.0,2603491.0
AI Engineer,Kolkata,BTech,Tier 3,Manufacturing,Startup,Male,9.9,31.0,2.71,6,1888030.0,440179.0,2328209.0
AI Engineer,Mumbai,BTech,Tier 2,Consulting,MNC,Female,7.6,30.0,4.1,5,3485664.0,490768.0,3976433.0
Backend Developer,Hyderabad,BTech,Tier 1,E-Commerce,Startup,Male,0.0,23.0,2.06,4,1255920.0,259322.0,1515242.0
Data Analyst,Ahmedabad,MTech,Tier 3,IT Services,Startup,Male,4.2,28.0,3.42,8,1191741.0,214279.0,1406020.0
Backend Developer,Remote,MTech,Tier 1,IT Services,Mid-size,Male,5.5,28.0,3.39,7,2562149.0,577362.0,3139511.0
Data Scientist,Pune,BTech,Tier 3,FinTech,MNC,Male,3.4,25.0,4.61,4,2838802.0,627257.0,3466059.0
Frontend Developer,Mumbai,BTech,Tier 3,Manufacturing,Mid-size,Male,3.3,29.0,3.87,2,1505790.0,142527.0,1648317.0
Product Manager,Kolkata,,Tier 1,Manufacturing,Startup,Male,0.0,25.0,3.25,5,1685437.0,288714.0,1974151.0
Business Analyst,Kolkata,PhD,Tier 2,Product Based,MNC,Male,10.5,34.0,5.0,5,3511395.0,726693.0,4238089.0
Chartered Accountant,Remote,BTech,Tier 1,Consulting,Startup,Female,7.0,31.0,3.72,6,2080671.0,320007.0,2400679.0
DevOps Engineer,Delhi NCR,MBA,Tier 2,Consulting,Mid-size,Male,7.7,32.0,3.66,8,3280198.0,693235.0,3973433.0
Financial Analyst,Kolkata,BTech,Tier 3,Manufacturing,Startup,Female,4.9,27.0,4.35,8,1280779.0,181291.0,1462070.0
Data Scientist,Jaipur,BTech,Tier 2,Product Based,Startup,Female,7.2,29.0,2.68,8,1878108.0,310371.0,2188478.0
Software Engineer,Bangalore,MBA,Tier 1,EdTech,Startup,Female,2.8,22.0,3.84,6,2521739.0,302659.0,2824398.0
Chartered Accountant,Remote,MBA,Tier 2,Consulting,Startup,Female,0.9,24.0,4.75,1,1758140.0,242378.0,2000518.0
HR Manager,Kolkata,BTech,Tier 2,E-Commerce,Mid-size,Female,0.0,19.0,4.33,7,1295660.0,173966.0,1469626.0
Marketing Manager,Kolkata,BTech,Tier 1,Consulting,MNC,Female,3.4,28.0,2.89,3,1948390.0,474761.0,2423152.0
Chartered Accountant,Mumbai,BTech,Tier 1,Manufacturing,Mid-size,Male,4.6,29.0,2.0,6,2509307.0,137521.0,2646828.0
Data Scientist,Ahmedabad,MBA,Tier 3,Product Based,Mid-size,Male,5.2,31.0,4.23,6,2262942.0,538073.0,2801015.0
Data Scientist,Pune,MTech,Tier 2,EdTech,Startup,Male,6.6,27.0,3.96,6,2099179.0,157964.0,2257143.0
Data Analyst,Pune,BTech,Tier 2,EdTech,Startup,Male,7.2,33.0,3.38,12,1649353.0,177096.0,1826449.0
Software Engineer,Kolkata,MTech,Tier 3,Product Based,Startup,Male,5.2,27.0,2.82,7,2230728.0,380385.0,2611112.0
Software Engineer,Hyderabad,BTech,Tier 2,E-Commerce,Mid-size,Male,4.3,26.0,3.39,7,2235767.0,435293.0,2671060.0
Financial Analyst,Ahmedabad,MBA,Tier 3,Manufacturing,MNC,Male,1.7,26.0,3.4,6,1478973.0,158992.0,1637965.0
Software Engineer,Delhi NCR,BTech,Tier 2,Product Based,Startup,Male,3.7,28.0,,3,2589805.0,407006.0,2996811.0
AI Engineer,Mumbai,BTech,Tier 3,IT Services,Startup,Male,5.2,27.0,4.32,5,2118892.0,347607.0,2466499.0
Financial Analyst,Remote,BTech,Tier 3,FinTech,MNC,Female,0.4,22.0,3.08,8,1745518.0,421920.0,2167438.0
Data Analyst,Delhi NCR,MBA,Tier 2,Consulting,Mid-size,Female,8.1,29.0,2.69,6,2390759.0,157127.0,2547886.0
Financial Analyst,Chennai,BTech,Tier 3,E-Commerce,Mid-size,Male,10.5,37.0,3.42,3,1816943.0,135180.0,1952123.0
AI Engineer,Kolkata,BTech,Tier 2,Manufacturing,Startup,Female,2.3,26.0,3.62,9,1303607.0,77655.0,1381262.0
Frontend Developer,Pune,BTech,Tier 3,IT Services,Mid-size,Male,0.7,24.0,3.02,8,1253100.0,299270.0,1552370.0
Data Analyst,Bangalore,MTech,Tier 2,Product Based,Mid-size,Male,6.5,32.0,4.43,7,3198263.0,755354.0,3953616.0
Backend Developer,Mumbai,PhD,Tier 2,FinTech,Mid-size,Female,3.1,27.0,2.76,5,2815297.0,417796.0,3233093.0
Business Analyst,Pune,BTech,Tier 3,Consulting,Mid-size,Female,0.0,21.0,4.47,2,1150636.0,213083.0,1363719.0
Chartered Accountant,Mumbai,MBA,Tier 3,EdTech,Mid-size,Male,0.9,22.0,3.63,5,2001926.0,472957.0,2474882.0
HR Manager,Mumbai,BTech,Tier 2,E-Commerce,Mid-size,Female,4.2,25.0,,4,1960803.0,198236.0,2159039.0
AI Engineer,Mumbai,MTech,Tier 2,Manufacturing,MNC,Male,4.1,30.0,2.43,4,3028926.0,310131.0,3339057.0
Frontend Developer,Ahmedabad,MTech,Tier 2,IT Services,Startup,Female,2.0,25.0,4.81,4,1435292.0,109503.0,4082425.0553457798
Frontend Developer,Hyderabad,MTech,Tier 3,Manufacturing,Mid-size,Female,7.9,31.0,5.0,3,1628460.0,256283.0,1884743.0
Software Engineer,Remote,BTech,Tier 1,Consulting,Mid-size,Female,0.0,24.0,3.98,6,1399963.0,155026.0,1554988.0
HR Manager,Pune,BTech,Tier 1,Product Based,Mid-size,Female,8.2,32.0,3.67,6,2764166.0,255135.0,3019301.0
Business Analyst,Kolkata,PhD,Tier 1,Manufacturing,MNC,Female,8.4,28.0,2.96,4,2388684.0,332135.0,2720818.0
Data Analyst,Hyderabad,MTech,Tier 2,FinTech,MNC,Male,0.0,24.0,4.12,10,2473496.0,408471.0,2881968.0
Data Analyst,Bangalore,BTech,Tier 2,IT Services,Mid-size,Male,8.4,33.0,2.89,2,1894456.0,405989.0,2300445.0
Financial Analyst,Mumbai,MBA,Tier 2,FinTech,MNC,Male,4.5,25.0,,2,3242650.0,770685.0,4013335.0
Data Analyst,Hyderabad,PhD,Tier 3,Product Based,MNC,Female,0.3,24.0,3.89,4,2186083.0,159880.0,2345963.0
AI Engineer,Mumbai,BTech,Tier 3,Consulting,MNC,Male,7.6,30.0,2.09,4,3194772.0,716342.0,3911113.0
DevOps Engineer,Hyderabad,BTech,Tier 3,Product Based,Startup,Male,6.6,26.0,3.68,4,2327288.0,341309.0,2668597.0
Marketing Manager,Remote,BTech,Tier 2,Product Based,Startup,Male,0.0,22.0,3.31,2,1336538.0,311432.0,1647971.0
Marketing Manager,Bangalore,MTech,Tier 3,IT Services,MNC,Female,4.8,28.0,4.33,4,2521084.0,223312.0,2744397.0
Financial Analyst,Hyderabad,BTech,Tier 1,EdTech,MNC,Male,4.6,26.0,,6,2660255.0,478101.0,3138356.0
Data Scientist,Hyderabad,BTech,Tier 3,E-Commerce,Mid-size,Female,5.4,27.0,2.71,5,1998355.0,321356.0,2319711.0
Product Manager,Chennai,MTech,Tier 3,E-Commerce,MNC,Male,7.9,28.0,2.9,4,3788053.0,822175.0,4610228.0
Data Scientist,Jaipur,BTech,Tier 2,Consulting,MNC,Female,10.1,35.0,4.21,7,2330442.0,387914.0,2718356.0
Chartered Accountant,Jaipur,BTech,Tier 1,Product Based,Startup,Female,11.0,32.0,2.33,5,2275604.0,529549.0,2805153.0
HR Manager,Chennai,MTech,Tier 2,IT Services,MNC,Female,4.8,29.0,2.74,5,2159471.0,195017.0,2354487.0
Data Analyst,Delhi NCR,MBA,Tier 3,IT Services,Startup,Female,7.6,31.0,1.89,5,1988318.0,131044.0,2119362.0
Product Manager,Delhi NCR,BTech,Tier 3,Product Based,Mid-size,Female,2.8,28.0,3.65,5,2996547.0,729803.0,3726350.0
Data Analyst,Bangalore,PhD,Tier 2,E-Commerce,Mid-size,Female,6.7,30.0,2.68,2,2356363.0,242491.0,2598854.0
Business Analyst,Bangalore,MTech,Tier 2,E-Commerce,MNC,Female,5.9,27.0,4.28,2,2903628.0,320877.0,3224505.0
Frontend Developer,Kolkata,BTech,Tier 3,E-Commerce,MNC,Female,0.0,24.0,5.0,4,1279509.0,78935.0,1358445.0
Frontend Developer,Ahmedabad,MTech,Tier 3,EdTech,Mid-size,Female,4.3,26.0,3.91,6,1461779.0,167363.0,1629142.0
Software Engineer,Remote,BTech,Tier 3,Product Based,Startup,Male,8.2,33.0,4.01,6,2291058.0,550749.0,2841808.0
Marketing Manager,Ahmedabad,MBA,Tier 2,Product Based,Startup,Male,3.9,26.0,3.37,4,2354068.0,305549.0,2659618.0
DevOps Engineer,Jaipur,BTech,Tier 2,IT Services,MNC,Female,5.2,29.0,3.73,3,2012995.0,450695.0,2463690.0
AI Engineer,Mumbai,BTech,Tier 3,Manufacturing,Startup,Male,4.7,26.0,3.67,3,1976685.0,232220.0,2208905.0
Financial Analyst,Ahmedabad,MTech,Tier 2,Product Based,Mid-size,Male,0.0,21.0,3.89,9,1838103.0,142905.0,1981009.0
DevOps Engineer,Mumbai,MBA,Tier 1,IT Services,MNC,Male,11.7,35.0,4.03,2,4115769.0,892278.0,5008047.0
Backend Developer,Jaipur,BTech,Tier 3,Consulting,Mid-size,Male,2.7,23.0,5.0,2,1319323.0,305375.0,1624699.0
Software Engineer,Bangalore,BTech,Tier 3,Product Based,MNC,Male,9.0,34.0,2.25,3,2975054.0,237365.0,3212420.0
Frontend Developer,Chennai,BTech,Tier 2,Manufacturing,Mid-size,Male,0.0,24.0,4.49,5,1112896.0,100424.0,1213319.0
Marketing Manager,Pune,PhD,Tier 2,E-Commerce,Mid-size,Female,7.6,31.0,3.8,5,2794894.0,563078.0,3357972.0
Chartered Accountant,Pune,MTech,Tier 2,Consulting,Mid-size,Female,0.0,20.0,3.16,6,1603087.0,275968.0,1879055.0
Marketing Manager,Mumbai,BTech,Tier 3,E-Commerce,Mid-size,Male,0.0,22.0,4.94,3,1427801.0,207437.0,1635237.0
HR Manager,Jaipur,MBA,Tier 2,E-Commerce,Mid-size,Male,4.5,23.0,3.04,4,1613463.0,86745.0,1700208.0
Financial Analyst,Kolkata,MBA,Tier 1,FinTech,Mid-size,Male,4.0,27.0,4.64,7,2860726.0,348235.0,3208961.0
Chartered Accountant,Bangalore,,Tier 1,Manufacturing,Mid-size,Male,8.3,29.0,3.64,2,2681590.0,504640.0,3186230.0
DevOps Engineer,Remote,BTech,Tier 1,IT Services,Mid-size,Male,6.1,29.0,2.94,5,2372445.0,166084.0,2538529.0
Data Analyst,Mumbai,BTech,Tier 1,IT Services,MNC,Male,6.6,33.0,2.82,8,2489959.0,444403.0,2934362.0
AI Engineer,Kolkata,BTech,Tier 2,FinTech,MNC,Female,4.4,28.0,2.23,1,2634353.0,273781.0,2908135.0
Chartered Accountant,Pune,BTech,Tier 3,Manufacturing,MNC,Male,0.6,23.0,3.82,4,1381103.0,94473.0,1475576.0
Data Analyst,Pune,BTech,Tier 1,E-Commerce,Startup,Male,3.9,28.0,5.0,2,1981856.0,270555.0,2252411.0
Financial Analyst,Pune,BTech,Tier 2,IT Services,Startup,Male,5.4,29.0,3.1,3,1525970.0,125900.0,1651870.0
Marketing Manager,Delhi NCR,BTech,Tier 2,EdTech,Mid-size,Female,4.5,32.0,3.04,6,1971581.0,142213.0,2113793.0
Product Manager,Mumbai,MBA,Tier 3,IT Services,MNC,Male,9.6,31.0,3.86,5,3900515.0,563665.0,4464179.0
HR Manager,Delhi NCR,BTech,Tier 1,E-Commerce,MNC,Male,8.8,27.0,3.22,8,3581714.0,782286.0,4364000.0
Frontend Developer,Kolkata,BTech,Tier 2,E-Commerce,Startup,Male,0.0,21.0,2.53,3,1019429.0,187442.0,1206871.0
DevOps Engineer,Hyderabad,BTech,Tier 3,IT Services,Mid-size,Male,2.6,29.0,2.92,4,1851611.0,150867.0,2002478.0
Product Manager,Kolkata,BTech,Tier 2,E-Commerce,Mid-size,Male,1.8,22.0,3.66,5,2201792.0,520905.0,2722697.0
Business Analyst,Delhi NCR,MTech,Tier 1,Manufacturing,MNC,Female,0.0,23.0,4.32,3,1774058.0,413111.0,2187169.0
Data Analyst,Mumbai,PhD,Tier 1,Consulting,MNC,Male,3.5,29.0,4.53,5,3652978.0,793418.0,4446397.0
Software Engineer,Chennai,MBA,Tier 3,Product Based,Startup,Male,7.6,30.0,2.76,6,2506732.0,445183.0,2951915.0
Financial Analyst,Delhi NCR,MBA,Tier 2,FinTech,Startup,Male,0.0,23.0,2.86,4,1663892.0,314224.0,1978116.0
Financial Analyst,Jaipur,BTech,Tier 1,FinTech,Mid-size,Male,2.1,29.0,2.03,6,1737271.0,175555.0,1912826.0
AI Engineer,Mumbai,BTech,Tier 3,IT Services,Startup,Male,5.7,31.0,2.84,5,2340640.0,493631.0,2834272.0
AI Engineer,Hyderabad,MBA,Tier 2,IT Services,Startup,Male,0.0,22.0,3.1,5,2185394.0,264640.0,2450034.0
DevOps Engineer,Delhi NCR,MTech,Tier 2,E-Commerce,Startup,Male,0.0,24.0,3.47,4,1960993.0,261329.0,2222322.0
Financial Analyst,Bangalore,BTech,Tier 2,FinTech,Startup,Male,3.1,27.0,1.98,2,2216581.0,248297.0,2464878.0
Marketing Manager,Jaipur,BTech,Tier 3,E-Commerce,Mid-size,Female,0.0,22.0,3.22,6,993419.0,88242.0,1081662.0
Backend Developer,Jaipur,MTech,Tier 2,EdTech,MNC,Male,1.0,26.0,3.31,4,1323128.0,258779.0,1581907.0
Chartered Accountant,Pune,,Tier 2,Product Based,Startup,Male,10.2,31.0,2.82,4,2920779.0,497602.0,3418381.0
Chartered Accountant,Delhi NCR,,Tier 3,FinTech,MNC,Female,9.7,32.0,2.49,3,3422552.0,481408.0,3903960.0
Software Engineer,Hyderabad,MBA,Tier 2,E-Commerce,MNC,Male,1.6,27.0,3.71,7,3070640.0,383686.0,3454326.0
Financial Analyst,Bangalore,BTech,Tier 2,Consulting,Mid-size,Male,1.5,26.0,3.36,3,1710881.0,191579.0,1902460.0
Backend Developer,Kolkata,BTech,Tier 1,Consulting,Mid-size,Male,1.7,25.0,3.68,3,1888491.0,264411.0,2152902.0
HR Manager,Kolkata,BTech,Tier 2,E-Commerce,Startup,Male,6.2,28.0,,2,1601545.0,171536.0,1773082.0
Data Scientist,Pune,MBA,Tier 2,Consulting,Startup,Male,2.0,27.0,4.26,5,2175489.0,146361.0,2321849.0
Backend Developer,Ahmedabad,BTech,Tier 3,E-Commerce,MNC,Male,6.5,29.0,4.45,8,2218365.0,170189.0,2388554.0
Software Engineer,Bangalore,MBA,Tier 1,FinTech,MNC,Male,4.2,27.0,4.34,4,4752434.0,645856.0,5398290.0
DevOps Engineer,Remote,BTech,Tier 2,FinTech,MNC,Male,1.5,21.0,3.92,4,2603406.0,507254.0,3110660.0
Frontend Developer,Mumbai,MBA,Tier 3,FinTech,Startup,Male,14.3,35.0,,3,2896293.0,636100.0,3532393.0
AI Engineer,Kolkata,BTech,Tier 2,IT Services,MNC,Female,6.4,29.0,3.55,6,2347117.0,296069.0,2643186.0
Backend Developer,Mumbai,MBA,Tier 3,Product Based,Startup,Male,2.4,22.0,3.38,4,2460695.0,129135.0,2589830.0
Business Analyst,Bangalore,MBA,Tier 3,IT Services,Startup,Female,1.8,25.0,3.44,3,1672960.0,83764.0,1756724.0
Backend Developer,Remote,BTech,Tier 3,Consulting,Startup,Female,2.6,23.0,3.47,4,1389343.0,189903.0,1579246.0
Business Analyst,Jaipur,BTech,Tier 2,Manufacturing,Mid-size,Male,12.4,36.0,3.02,5,1138748.0,191469.0,1330217.0
Financial Analyst,Hyderabad,,Tier 3,EdTech,Mid-size,Male,0.6,25.0,3.49,2,1338012.0,287497.0,1625509.0
Backend Developer,Delhi NCR,BTech,Tier 3,Product Based,Startup,Male,12.0,40.0,3.45,4,2682129.0,243913.0,2926041.0
Data Scientist,Ahmedabad,MTech,Tier 1,Consulting,Mid-size,Male,5.2,30.0,3.24,6,2397939.0,362655.0,2760594.0
HR Manager,Chennai,,Tier 2,IT Services,Startup,Female,1.5,25.0,4.17,4,1427955.0,178718.0,1606674.0
DevOps Engineer,Jaipur,BTech,Tier 1,FinTech,MNC,Male,6.2,28.0,4.35,2,2796622.0,223187.0,3019809.0
DevOps Engineer,Hyderabad,BTech,Tier 2,Product Based,Mid-size,Male,7.5,29.0,3.63,5,3032600.0,547714.0,3580314.0
Marketing Manager,Remote,BTech,Tier 2,Consulting,Startup,Male,2.7,27.0,4.58,10,1811584.0,95874.0,1907458.0
Business Analyst,Mumbai,BTech,Tier 3,Product Based,Mid-size,Male,4.7,30.0,3.21,7,2495097.0,133981.0,2629078.0
Financial Analyst,Remote,BTech,Tier 2,EdTech,MNC,Male,2.3,29.0,2.22,2,1387572.0,243497.0,1631069.0
Product Manager,Delhi NCR,BTech,Tier 3,E-Commerce,Startup,Male,0.7,26.0,4.0,10,2734237.0,407918.0,3142154.0
Product Manager,Hyderabad,BTech,Tier 3,FinTech,Startup,Male,3.6,27.0,2.64,8,2788201.0,617730.0,3405931.0
DevOps Engineer,Kolkata,MTech,Tier 1,Manufacturing,Startup,Male,9.0,30.0,3.31,5,2181197.0,299048.0,2480246.0
Frontend Developer,Delhi NCR,BTech,Tier 2,Consulting,Mid-size,Male,3.1,28.0,3.85,4,1961886.0,309304.0,2271189.0
HR Manager,Hyderabad,BTech,Tier 3,IT Services,Mid-size,Male,5.3,27.0,2.67,5,1705012.0,147484.0,1852497.0
DevOps Engineer,Ahmedabad,BTech,Tier 1,E-Commerce,Startup,Male,4.8,28.0,4.31,5,2393861.0,252555.0,2646415.0
Financial Analyst,Ahmedabad,BTech,Tier 3,Manufacturing,MNC,Male,0.0,23.0,3.73,5,774051.0,145929.0,919980.0
Product Manager,Remote,MTech,Tier 2,E-Commerce,Startup,Female,8.9,33.0,3.49,6,3026285.0,361431.0,3387716.0
DevOps Engineer,Remote,BTech,Tier 3,FinTech,Startup,Male,11.6,34.0,2.12,5,1851154.0,450238.0,2301392.0
DevOps Engineer,Pune,MTech,Tier 3,Manufacturing,Mid-size,Male,6.8,29.0,4.13,3,1951109.0,467106.0,2418215.0
DevOps Engineer,Ahmedabad,BTech,Tier 2,E-Commerce,Mid-size,Male,9.7,37.0,4.14,3,1854357.0,418643.0,2273000.0
Backend Developer,Kolkata,BTech,Tier 2,IT Services,Startup,Male,0.4,25.0,2.83,5,1081683.0,131864.0,1213547.0
Data Analyst,Delhi NCR,MBA,Tier 3,IT Services,MNC,Male,0.0,19.0,3.48,5,1398466.0,121045.0,1519512.0
Marketing Manager,Remote,BTech,Tier 3,Manufacturing,Mid-size,Male,5.8,26.0,2.59,7,1474230.0,327824.0,1802054.0
Chartered Accountant,Chennai,MBA,Tier 2,Manufacturing,Startup,Male,5.2,27.0,3.04,3,1751641.0,284587.0,2036228.0
Data Analyst,Kolkata,BTech,Tier 3,EdTech,Startup,Male,6.1,30.0,3.57,3,996118.0,129582.0,1125700.0
Data Analyst,Chennai,BTech,Tier 3,E-Commerce,Startup,Male,7.2,30.0,4.35,5,1981593.0,441402.0,2422995.0
Product Manager,Bangalore,MTech,Tier 1,E-Commerce,Startup,Male,2.7,23.0,2.63,5,3977579.0,428069.0,4405648.0
Frontend Developer,Hyderabad,MBA,Tier 2,Manufacturing,Mid-size,Female,5.5,26.0,3.53,2,1924959.0,465164.0,2390123.0
Software Engineer,Ahmedabad,BTech,Tier 1,Product Based,Startup,Female,5.8,30.0,3.83,5,2102423.0,475801.0,2578224.0
Chartered Accountant,Delhi NCR,PhD,Tier 1,Consulting,Startup,Female,0.0,20.0,2.28,7,2318731.0,419800.0,2738531.0
Software Engineer,Chennai,BTech,Tier 3,IT Services,Startup,Male,5.8,28.0,,3,1607976.0,104440.0,1712416.0
Backend Developer,Remote,MBA,Tier 2,IT Services,Mid-size,Male,8.4,30.0,3.01,5,2283730.0,479751.0,2763480.0
Chartered Accountant,Jaipur,BTech,Tier 2,E-Commerce,MNC,Female,0.0,25.0,,7,1582199.0,386477.0,1968676.0
Data Scientist,Pune,BTech,Tier 2,Manufacturing,MNC,Male,10.2,36.0,2.68,4,2365093.0,169879.0,2534972.0
Data Analyst,Kolkata,MBA,Tier 1,IT Services,Startup,Male,9.9,34.0,4.29,7,2231864.0,425500.0,2657364.0
Frontend Developer,Jaipur,MBA,Tier 3,Manufacturing,Startup,Female,8.6,32.0,3.85,8,1675683.0,316018.0,1991700.0
HR Manager,Delhi NCR,MBA,Tier 2,E-Commerce,MNC,Male,13.7,38.0,3.64,10,4192237.0,861082.0,5053319.0
Backend Developer,Mumbai,BTech,Tier 2,E-Commerce,Mid-size,Female,11.4,36.0,4.4,2,2529626.0,283400.0,2813026.0
Financial Analyst,Mumbai,MBA,Tier 2,Manufacturing,Mid-size,Male,0.0,22.0,4.02,2,1353356.0,77530.0,1430886.0
AI Engineer,Ahmedabad,BTech,Tier 3,FinTech,MNC,Male,13.8,35.0,2.61,4,2953919.0,223266.0,3177185.0
Software Engineer,Bangalore,BTech,Tier 2,EdTech,Startup,Male,10.9,35.0,2.02,5,2490586.0,186907.0,2677493.0
Data Scientist,Bangalore,MTech,Tier 2,EdTech,Startup,Male,0.0,25.0,4.27,6,1745783.0,190273.0,1936056.0
Software Engineer,Remote,MTech,Tier 2,FinTech,Startup,Female,0.0,22.0,2.89,8,1920460.0,153891.0,2074351.0
Data Scientist,Ahmedabad,,Tier 1,Product Based,Startup,Male,0.0,23.0,2.45,7,1840837.0,186754.0,2027591.0
Backend Developer,Ahmedabad,BTech,Tier 3,Manufacturing,Startup,Female,6.3,31.0,2.54,7,1421300.0,298422.0,1719722.0
Business Analyst,Ahmedabad,MTech,Tier 2,Consulting,Startup,Male,4.9,25.0,3.43,4,1632631.0,244198.0,1876828.0
HR Manager,Bangalore,BTech,Tier 2,Product Based,Startup,Male,3.3,25.0,3.86,7,2324738.0,578954.0,2903693.0
Business Analyst,Kolkata,BTech,Tier 2,Consulting,Startup,Female,1.0,25.0,3.33,2,1226710.0,207190.0,1433899.0
AI Engineer,Ahmedabad,,Tier 3,FinTech,Startup,Female,13.4,40.0,2.55,4,2577932.0,485803.0,3063735.0
Frontend Developer,Remote,BTech,Tier 2,EdTech,Startup,Male,0.9,24.0,4.06,5,949885.0,120338.0,1070223.0
Marketing Manager,Mumbai,MTech,Tier 2,IT Services,Mid-size,Female,2.7,28.0,4.22,3,2176850.0,489771.0,2666621.0
Software Engineer,Jaipur,MBA,Tier 2,Consulting,Startup,Female,0.5,25.0,3.42,4,1263279.0,242482.0,1505762.0
HR Manager,Delhi NCR,MTech,Tier 2,FinTech,Startup,Male,5.2,28.0,3.83,10,2945480.0,196980.0,3142460.0
Financial Analyst,Mumbai,,Tier 2,Manufacturing,MNC,Male,9.1,29.0,5.0,4,2045952.0,456970.0,2502922.0
DevOps Engineer,Delhi NCR,BTech,Tier 2,FinTech,Mid-size,Female,3.7,29.0,2.9,5,2798341.0,489640.0,3287981.0
Frontend Developer,Hyderabad,BTech,Tier 3,EdTech,Mid-size,Male,3.8,27.0,3.15,6,1516848.0,105876.0,1622724.0
HR Manager,Pune,BTech,Tier 3,EdTech,Startup,Male,5.3,28.0,3.84,6,1640376.0,313173.0,1953549.0
Marketing Manager,Ahmedabad,BTech,Tier 3,Consulting,Startup,Female,7.3,30.0,3.33,4,1394571.0,132573.0,1527144.0
AI Engineer,Jaipur,BTech,Tier 3,EdTech,MNC,Male,8.5,33.0,4.42,8,2126768.0,383348.0,2510116.0
Financial Analyst,Ahmedabad,BTech,Tier 2,EdTech,MNC,Male,0.0,25.0,4.73,2,1126611.0,124378.0,1250988.0
Software Engineer,Remote,BTech,Tier 3,Manufacturing,Mid-size,Male,7.9,28.0,3.57,7,1594599.0,353271.0,1947870.0
Backend Developer,Bangalore,BTech,Tier 2,Product Based,Mid-size,Female,9.8,32.0,3.29,5,2941775.0,557947.0,3499722.0
Data Scientist,Remote,MTech,Tier 3,Product Based,Startup,Female,9.1,30.0,3.48,10,2613603.0,213862.0,2827465.0
HR Manager,Delhi NCR,,Tier 1,Consulting,MNC,Male,6.7,28.0,2.35,3,3006631.0,391718.0,3398349.0
Frontend Developer,Remote,BTech,Tier 2,Consulting,MNC,Male,7.2,34.0,3.36,6,1951836.0,369426.0,2321262.0
Product Manager,Bangalore,BTech,Tier 3,IT Services,MNC,Male,9.6,34.0,4.09,8,3481355.0,556411.0,4037767.0
Frontend Developer,Delhi NCR,BTech,Tier 2,IT Services,MNC,Male,0.2,20.0,3.24,5,1740875.0,137453.0,1878328.0
Data Analyst,Jaipur,BTech,Tier 1,Product Based,Startup,Male,7.8,36.0,3.63,4,2137786.0,181550.0,2319336.0
AI Engineer,Bangalore,MTech,Tier 2,Consulting,Mid-size,Female,5.2,26.0,4.93,8,3317445.0,340495.0,3657941.0
Business Analyst,Remote,MTech,Tier 2,Manufacturing,MNC,Female,6.5,30.0,2.87,3,1735286.0,207370.0,1942656.0
DevOps Engineer,Hyderabad,BTech,Tier 3,E-Commerce,Startup,Male,5.6,25.0,4.78,2,2157036.0,530311.0,2687347.0
Software Engineer,Mumbai,MTech,Tier 3,E-Commerce,MNC,Male,12.6,38.0,1.68,7,3627132.0,482686.0,4109818.0
DevOps Engineer,Delhi NCR,MTech,Tier 2,FinTech,Mid-size,Female,11.1,33.0,4.64,3,3562623.0,887274.0,4449896.0
Chartered Accountant,Bangalore,,Tier 2,IT Services,Mid-size,Male,0.0,21.0,2.14,9,2226495.0,182307.0,2408802.0
Marketing Manager,Chennai,BTech,Tier 2,Consulting,MNC,Female,9.4,30.0,2.52,7,2820069.0,163826.0,2983895.0
DevOps Engineer,Chennai,BTech,Tier 3,IT Services,Startup,Male,4.9,27.0,3.9,7,1837039.0,396322.0,2233362.0
Chartered Accountant,Kolkata,BTech,Tier 1,EdTech,MNC,Female,3.0,24.0,2.6,8,2040537.0,474513.0,2515050.0
HR Manager,Chennai,MTech,Tier 2,IT Services,Mid-size,Male,3.9,25.0,2.31,7,1776459.0,316276.0,2092735.0
AI Engineer,Kolkata,BTech,Tier 2,IT Services,Startup,Female,5.1,29.0,3.37,2,1608005.0,383108.0,1991114.0
Financial Analyst,Delhi NCR,BTech,Tier 3,Manufacturing,Startup,Male,5.3,25.0,3.51,4,1647383.0,299086.0,1946469.0
Chartered Accountant,Kolkata,BTech,Tier 2,IT Services,MNC,Female,9.0,35.0,,8,2188091.0,348285.0,2536376.0
AI Engineer,Kolkata,MBA,Tier 2,Manufacturing,MNC,Male,17.6,40.0,4.26,3,3133941.0,467792.0,3601733.0
Data Analyst,Ahmedabad,BTech,Tier 3,EdTech,MNC,Female,0.0,22.0,2.2,6,864428.0,213834.0,1078262.0
AI Engineer,Pune,MTech,Tier 2,Product Based,Startup,Male,3.2,29.0,2.85,5,3230531.0,733512.0,3964043.0
AI Engineer,Chennai,BTech,Tier 3,Product Based,Mid-size,Male,2.5,25.0,2.22,7,2368597.0,426452.0,2795048.0
AI Engineer,Mumbai,BTech,Tier 2,IT Services,MNC,Female,5.9,28.0,3.94,5,3163164.0,264786.0,3427950.0
Chartered Accountant,Jaipur,BTech,Tier 1,E-Commerce,Mid-size,Female,0.0,22.0,2.67,7,1637260.0,197504.0,1834764.0
HR Manager,Mumbai,BTech,Tier 2,Product Based,Startup,Male,7.2,29.0,3.29,4,2336126.0,239653.0,2575779.0
Business Analyst,Bangalore,MTech,Tier 1,IT Services,MNC,Male,0.0,23.0,2.98,3,1760667.0,405943.0,2166611.0
Frontend Developer,Delhi NCR,BTech,Tier 3,EdTech,Startup,Male,7.9,31.0,1.83,6,1692001.0,418373.0,2110374.0
HR Manager,Remote,MTech,Tier 2,Manufacturing,Mid-size,Male,4.1,27.0,3.87,7,1560268.0,118236.0,1678504.0
DevOps Engineer,Bangalore,BTech,Tier 3,IT Services,Mid-size,Male,1.5,23.0,3.21,2,1756515.0,227197.0,1983711.0
Financial Analyst,Bangalore,BTech,Tier 3,FinTech,MNC,Male,10.5,33.0,3.58,3,3096674.0,649696.0,3746370.0
Software Engineer,Kolkata,MTech,Tier 2,Consulting,Startup,Male,0.0,26.0,4.16,10,1638019.0,266809.0,1904828.0
Software Engineer,Bangalore,,Tier 2,Manufacturing,Mid-size,Male,3.4,27.0,4.4,1,1856351.0,270473.0,2126823.0
Backend Developer,Hyderabad,BTech,Tier 1,Product Based,Startup,Female,10.3,32.0,3.91,6,3053712.0,216532.0,3270243.0
Data Scientist,Kolkata,BTech,Tier 3,Product Based,Startup,Male,0.0,25.0,3.03,4,1674167.0,206741.0,1880909.0
AI Engineer,Mumbai,BTech,Tier 3,IT Services,Mid-size,Female,7.6,33.0,3.53,2,2434154.0,366553.0,2800707.0
DevOps Engineer,Kolkata,BTech,Tier 2,Consulting,MNC,Male,3.9,30.0,4.76,6,2684052.0,331831.0,3015883.0
Frontend Developer,Pune,BTech,Tier 1,FinTech,Startup,Male,3.8,29.0,3.67,5,2500803.0,281516.0,2782320.0
Software Engineer,Remote,MBA,Tier 2,Product Based,Startup,Female,5.1,28.0,4.11,6,2581302.0,456137.0,3037439.0
HR Manager,Kolkata,MBA,Tier 1,IT Services,Startup,Female,1.8,25.0,3.34,4,1900231.0,162873.0,2063104.0
Product Manager,Ahmedabad,BTech,Tier 3,Consulting,Startup,Male,4.8,29.0,2.99,1,1906590.0,190816.0,2097407.0
Financial Analyst,Chennai,MTech,Tier 2,IT Services,Mid-size,Male,8.0,33.0,3.67,5,2167425.0,277289.0,2444714.0
Data Scientist,Hyderabad,MTech,Tier 3,EdTech,MNC,Male,0.0,25.0,3.66,3,2000307.0,222898.0,2223204.0
Frontend Developer,Bangalore,BTech,Tier 3,Manufacturing,MNC,Male,6.5,33.0,,2,1960729.0,321549.0,2282279.0
Product Manager,Chennai,MTech,Tier 3,E-Commerce,Startup,Female,0.0,23.0,3.31,5,2431379.0,422573.0,2853952.0
AI Engineer,Pune,BTech,Tier 3,EdTech,Mid-size,Male,1.6,24.0,4.68,5,1728407.0,427985.0,2156392.0
Data Scientist,Hyderabad,BTech,Tier 3,Product Based,MNC,Male,7.6,30.0,1.73,5,3019393.0,563910.0,3583303.0
DevOps Engineer,Ahmedabad,BTech,Tier 3,EdTech,Startup,Female,4.2,27.0,4.17,6,1523218.0,273806.0,1797024.0
AI Engineer,Kolkata,MTech,Tier 1,FinTech,MNC,Male,7.6,33.0,4.78,6,4439440.0,425044.0,4864484.0
AI Engineer,Jaipur,MBA,Tier 3,Product Based,Mid-size,Male,6.4,30.0,3.15,3,2382311.0,506877.0,2889188.0
Data Analyst,Hyderabad,BTech,Tier 3,E-Commerce,Startup,Female,4.6,28.0,3.1,7,1831841.0,108570.0,1940411.0
Software Engineer,Delhi NCR,BTech,Tier 3,IT Services,Mid-size,Male,4.7,27.0,2.89,4,2275664.0,376371.0,7008527.483633104
Financial Analyst,Bangalore,BTech,Tier 3,FinTech,Startup,Male,0.5,22.0,2.56,4,1377083.0,181405.0,1558487.0
Financial Analyst,Delhi NCR,MBA,Tier 2,Consulting,Mid-size,Male,4.7,31.0,4.86,7,2507373.0,498962.0,3006336.0
HR Manager,Hyderabad,BTech,Tier 2,Product Based,Mid-size,Male,8.1,31.0,2.85,5,2541750.0,229955.0,2771705.0
DevOps Engineer,Pune,BTech,Tier 1,Product Based,MNC,Female,5.4,27.0,,4,3752578.0,657441.0,4410019.0
Data Analyst,Chennai,BTech,Tier 3,IT Services,Mid-size,Female,7.5,28.0,4.12,7,1417247.0,232036.0,1649283.0
Financial Analyst,Delhi NCR,MTech,Tier 3,Manufacturing,Mid-size,Male,8.7,29.0,3.19,7,2126018.0,155536.0,2281554.0
Chartered Accountant,Jaipur,BTech,Tier 2,FinTech,Mid-size,Female,7.9,32.0,2.03,2,1738439.0,364751.0,2103189.0
Data Analyst,Pune,MBA,Tier 2,FinTech,MNC,Male,4.2,28.0,3.56,4,2847910.0,297485.0,3145395.0
DevOps Engineer,Ahmedabad,MTech,Tier 1,Consulting,MNC,Female,5.1,27.0,3.32,5,3106651.0,448958.0,3555609.0
Data Scientist,Hyderabad,MBA,Tier 3,Consulting,Mid-size,Male,0.0,21.0,3.33,4,1739629.0,188065.0,1927695.0
Marketing Manager,Bangalore,BTech,Tier 3,IT Services,Mid-size,Female,6.3,28.0,3.43,4,1742811.0,371988.0,2114799.0
DevOps Engineer,Kolkata,BTech,Tier 3,Manufacturing,Startup,Male,0.0,22.0,3.73,4,1307904.0,219201.0,1527104.0
Data Analyst,Pune,BTech,Tier 3,EdTech,MNC,Female,2.3,27.0,3.8,6,1519481.0,292788.0,1812269.0
Chartered Accountant,Hyderabad,BTech,Tier 2,IT Services,MNC,Male,9.0,30.0,2.42,4,2471926.0,565269.0,3037195.0
AI Engineer,Mumbai,MBA,Tier 2,EdTech,MNC,Female,2.9,23.0,2.97,6,3261151.0,234006.0,3495156.0
Software Engineer,Jaipur,MTech,Tier 2,EdTech,Startup,Male,0.0,23.0,3.78,3,1024859.0,145377.0,1170237.0
Frontend Developer,Kolkata,BTech,Tier 2,FinTech,Startup,Male,6.4,27.0,3.85,3,1970696.0,326227.0,2296924.0
Product Manager,Delhi NCR,MBA,Tier 2,Consulting,MNC,Female,9.5,33.0,2.67,6,4375894.0,1022322.0,5398217.0
AI Engineer,Remote,BTech,Tier 2,EdTech,MNC,Male,6.1,32.0,3.45,7,2388717.0,144298.0,2533015.0
Product Manager,Kolkata,BTech,Tier 2,FinTech,Mid-size,Male,10.7,31.0,4.05,4,2800551.0,368668.0,3169219.0
Software Engineer,Hyderabad,MBA,Tier 2,Product Based,Startup,Male,5.5,29.0,3.64,7,3281567.0,476831.0,3758399.0
Backend Developer,Hyderabad,MTech,Tier 2,Product Based,Startup,Male,4.9,28.0,4.78,5,2517907.0,225904.0,2743811.0
Business Analyst,Delhi NCR,BTech,Tier 2,E-Commerce,MNC,Female,0.0,24.0,3.19,3,1688606.0,169952.0,1858558.0
AI Engineer,Remote,BTech,Tier 2,EdTech,Startup,Male,1.4,25.0,2.68,3,1446113.0,179427.0,1625541.0
HR Manager,Hyderabad,MBA,Tier 3,IT Services,Mid-size,Male,7.0,29.0,3.81,5,2003568.0,471821.0,2475389.0
Data Analyst,Delhi NCR,MBA,Tier 3,Product Based,MNC,Male,6.6,29.0,3.83,4,2975861.0,365829.0,3341690.0
Data Scientist,Delhi NCR,BTech,Tier 1,EdTech,Startup,Male,7.0,33.0,3.14,4,2149719.0,244546.0,2394264.0
Financial Analyst,Bangalore,MTech,Tier 3,EdTech,MNC,Male,11.3,32.0,2.76,3,2839537.0,253395.0,3092933.0
AI Engineer,Kolkata,BTech,Tier 3,Product Based,MNC,Male,1.2,24.0,2.76,5,2595970.0,406051.0,3002021.0
Marketing Manager,Delhi NCR,MTech,Tier 2,Manufacturing,MNC,Male,10.2,32.0,3.61,7,3036595.0,365670.0,3402265.0
AI Engineer,Hyderabad,BTech,Tier 2,Manufacturing,Mid-size,Male,6.5,31.0,3.06,5,2306073.0,231687.0,2537760.0
Data Analyst,Delhi NCR,BTech,Tier 2,IT Services,Mid-size,Female,3.2,27.0,4.44,4,1561858.0,229528.0,1791386.0
AI Engineer,Bangalore,BTech,Tier 2,Manufacturing,Startup,Male,2.9,19.0,2.99,5,2131543.0,509757.0,2641300.0
Backend Developer,Delhi NCR,MBA,Tier 3,FinTech,Startup,Male,1.9,26.0,2.24,4,2333399.0,209716.0,2543114.0
Data Scientist,Chennai,BTech,Tier 3,EdTech,Mid-size,Female,8.8,33.0,3.31,4,1648656.0,264456.0,5055775.272759606
Data Analyst,Ahmedabad,BTech,Tier 3,E-Commerce,Mid-size,Male,10.6,34.0,4.44,5,1700806.0,136304.0,1837110.0
Chartered Accountant,Pune,MBA,Tier 2,Manufacturing,Startup,Male,10.2,31.0,4.24,5,2072778.0,125947.0,2198725.0
Marketing Manager,Mumbai,BTech,Tier 3,EdTech,Mid-size,Male,6.6,29.0,3.39,3,2032993.0,140317.0,2173310.0
HR Manager,Mumbai,,Tier 3,FinTech,Mid-size,Female,9.7,27.0,3.03,5,2574920.0,218294.0,2793214.0
Financial Analyst,Jaipur,BTech,Tier 2,FinTech,Mid-size,Male,1.2,24.0,4.0,5,1373188.0,220147.0,1593335.0
AI Engineer,Mumbai,MTech,Tier 2,Manufacturing,Startup,Male,7.8,28.0,4.16,3,2634631.0,431196.0,3065827.0
Product Manager,Remote,BTech,Tier 1,FinTech,MNC,Male,9.2,33.0,2.9,8,4760719.0,691658.0,5452377.0
Marketing Manager,Bangalore,MTech,Tier 3,E-Commerce,Mid-size,Male,4.0,26.0,2.3,6,2465648.0,478355.0,2944004.0
Marketing Manager,Kolkata,BTech,Tier 3,Consulting,Startup,Male,6.1,28.0,3.83,8,1511020.0,98806.0,1609826.0
Backend Developer,Chennai,MBA,Tier 1,EdTech,Startup,Male,3.3,28.0,3.32,7,2261350.0,536341.0,2797691.0
Chartered Accountant,Ahmedabad,BTech,Tier 1,Consulting,Mid-size,Female,5.8,28.0,3.46,8,2205876.0,433760.0,2639635.0
Data Analyst,Mumbai,MBA,Tier 3,E-Commerce,Mid-size,Male,9.4,33.0,3.21,4,2259675.0,267853.0,2527528.0
Business Analyst,Jaipur,BTech,Tier 2,Consulting,Startup,Male,3.5,26.0,4.16,5,1346389.0,330617.0,1677007.0
HR Manager,Ahmedabad,MTech,Tier 2,FinTech,MNC,Female,4.9,26.0,3.83,6,2558547.0,437072.0,2995618.0
Business Analyst,Pune,MBA,Tier 1,IT Services,Mid-size,Male,4.1,21.0,2.53,6,2317186.0,340542.0,2657728.0
Financial Analyst,Bangalore,BTech,Tier 2,E-Commerce,MNC,Male,3.2,23.0,1.59,5,2406607.0,505111.0,2911717.0
Chartered Accountant,Remote,BTech,Tier 1,E-Commerce,Mid-size,Female,4.7,32.0,3.47,4,2462158.0,332916.0,2795073.0
Software Engineer,Kolkata,BTech,Tier 1,IT Services,Startup,Male,2.3,26.0,3.22,3,1580959.0,233729.0,1814688.0
Data Analyst,Jaipur,BTech,Tier 2,E-Commerce,Mid-size,Female,3.7,29.0,3.33,5,1250952.0,232945.0,1483897.0
Product Manager,Remote,BTech,Tier 2,E-Commerce,MNC,Male,11.8,35.0,3.23,6,3765928.0,892800.0,4658727.0
AI Engineer,Pune,BTech,Tier 2,E-Commerce,MNC,Female,2.9,23.0,4.66,5,3058041.0,267118.0,3325160.0
DevOps Engineer,Jaipur,BTech,Tier 1,Consulting,Mid-size,Female,7.0,32.0,3.72,3,2296712.0,538297.0,2835009.0
Backend Developer,Delhi NCR,BTech,Tier 2,E-Commerce,Mid-size,Female,0.0,23.0,2.88,6,1635889.0,300613.0,1936502.0
Marketing Manager,Delhi NCR,BTech,Tier 3,E-Commerce,MNC,Female,1.2,27.0,4.45,4,1901622.0,449610.0,2351233.0
Product Manager,Bangalore,MBA,Tier 2,IT Services,MNC,Male,5.2,24.0,4.25,2,3999455.0,946513.0,4945968.0
Software Engineer,Ahmedabad,MBA,Tier 1,Consulting,Mid-size,Male,2.3,27.0,1.17,5,2029661.0,223932.0,2253593.0
HR Manager,Jaipur,BTech,Tier 3,E-Commerce,Mid-size,Male,0.0,23.0,4.42,5,1179080.0,229001.0,1408081.0
HR Manager,Mumbai,MBA,Tier 2,IT Services,Mid-size,Male,4.6,28.0,4.97,5,1971073.0,324197.0,2295270.0
Data Analyst,Kolkata,BTech,Tier 3,FinTech,Mid-size,Female,0.0,26.0,2.82,2,870806.0,189632.0,1060438.0
Chartered Accountant,Delhi NCR,BTech,Tier 3,FinTech,MNC,Male,5.3,27.0,1.83,8,3180973.0,299238.0,3480210.0
Chartered Accountant,Chennai,,Tier 3,Consulting,Mid-size,Male,10.5,33.0,3.02,5,2114605.0,414108.0,2528713.0
Marketing Manager,Ahmedabad,BTech,Tier 3,Product Based,Startup,Male,5.2,29.0,4.18,4,1715780.0,335391.0,2051171.0
Data Analyst,Remote,BTech,Tier 2,Manufacturing,Mid-size,Male,4.8,27.0,2.95,2,1321526.0,109320.0,1430846.0
Financial Analyst,Pune,BTech,Tier 2,Product Based,Startup,Female,0.8,21.0,3.24,5,1617468.0,244218.0,1861686.0
Data Scientist,Jaipur,,Tier 2,IT Services,Startup,Male,5.5,26.0,2.79,4,1589420.0,333829.0,1923249.0
Backend Developer,Mumbai,BTech,Tier 3,E-Commerce,Mid-size,Male,11.4,39.0,3.68,10,2632152.0,505657.0,3137809.0
Frontend Developer,Mumbai,BTech,Tier 3,Manufacturing,Startup,Male,0.0,22.0,2.21,10,1377298.0,161983.0,1539281.0
HR Manager,Bangalore,BTech,Tier 2,Consulting,Mid-size,Female,2.2,25.0,3.47,5,1876603.0,357545.0,2234148.0
Chartered Accountant,Remote,MTech,Tier 2,EdTech,MNC,Female,10.2,31.0,3.16,3,2258707.0,192256.0,2450963.0
Business Analyst,Chennai,BTech,Tier 3,EdTech,Startup,Female,8.3,31.0,2.6,6,1597049.0,333011.0,1930060.0
DevOps Engineer,Delhi NCR,MTech,Tier 2,EdTech,Mid-size,Male,13.4,34.0,3.99,7,2864643.0,341919.0,3206562.0
Data Scientist,Chennai,MBA,Tier 1,IT Services,MNC,Male,0.0,25.0,3.38,5,2665869.0,665036.0,3330905.0
Data Analyst,Remote,MTech,Tier 3,IT Services,Startup,Male,8.1,28.0,3.51,4,1707685.0,377445.0,2085130.0
Software Engineer,Delhi NCR,BTech,Tier 1,Manufacturing,Startup,Female,10.0,35.0,4.38,3,2338191.0,464708.0,2802898.0
Data Scientist,Delhi NCR,BTech,Tier 1,Manufacturing,MNC,Male,7.4,28.0,4.3,6,3276357.0,662869.0,3939226.0
Marketing Manager,Chennai,BTech,Tier 3,Manufacturing,Startup,Male,4.5,28.0,3.07,4,1295502.0,209181.0,1504683.0
Data Scientist,Mumbai,BTech,Tier 1,EdTech,MNC,Male,6.7,32.0,3.88,2,3095915.0,396126.0,3492041.0
Product Manager,Hyderabad,BTech,Tier 2,EdTech,MNC,Female,6.0,30.0,4.85,5,2711601.0,513259.0,3224860.0
Frontend Developer,Pune,MTech,Tier 2,Consulting,Startup,Female,1.9,26.0,3.59,3,1450198.0,166478.0,1616676.0
Frontend Developer,Pune,BTech,Tier 2,Manufacturing,MNC,Male,2.1,30.0,2.41,4,1521732.0,80146.0,1601878.0
HR Manager,Delhi NCR,MTech,Tier 3,EdTech,Startup,Female,0.0,22.0,4.14,3,1069098.0,200117.0,1269214.0
AI Engineer,Ahmedabad,BTech,Tier 3,E-Commerce,MNC,Male,9.2,33.0,4.11,4,2661822.0,163854.0,2825676.0
Software Engineer,Jaipur,BTech,Tier 2,IT Services,MNC,Male,4.9,27.0,4.19,4,1839338.0,268780.0,2108118.0
Marketing Manager,Kolkata,BTech,Tier 2,FinTech,MNC,Male,7.7,31.0,4.27,5,2712685.0,566595.0,3279280.0
Financial Analyst,Hyderabad,BTech,Tier 3,Manufacturing,Startup,Male,1.7,28.0,4.33,9,1339641.0,253419.0,1593060.0
Software Engineer,Bangalore,MTech,Tier 3,Product Based,Startup,Female,5.1,28.0,3.69,6,3003147.0,550500.0,3553647.0
Software Engineer,Kolkata,BTech,Tier 3,Product Based,MNC,Male,3.2,24.0,2.84,4,2233479.0,330746.0,2564225.0
HR Manager,Bangalore,MTech,Tier 2,Product Based,Startup,Male,3.5,27.0,3.78,8,2866700.0,200638.0,3067338.0
HR Manager,Mumbai,MBA,Tier 1,IT Services,MNC,Male,12.0,32.0,3.13,3,3670342.0,227076.0,3897418.0
HR Manager,Jaipur,BTech,Tier 3,Product Based,Mid-size,Male,4.1,29.0,2.45,6,1646825.0,350908.0,1997733.0
Data Scientist,Bangalore,PhD,Tier 3,FinTech,Startup,Male,6.8,33.0,2.23,5,3370412.0,399638.0,3770050.0
Backend Developer,Hyderabad,MBA,Tier 3,EdTech,Mid-size,Female,4.8,27.0,1.4,5,1860193.0,164885.0,2025078.0
Data Analyst,Hyderabad,MTech,Tier 2,FinTech,Mid-size,Male,9.3,31.0,1.91,4,2554538.0,258802.0,2813340.0
HR Manager,Chennai,BTech,Tier 2,EdTech,Startup,Male,5.6,28.0,4.08,10,1672686.0,331629.0,2004315.0
DevOps Engineer,Mumbai,BTech,Tier 2,E-Commerce,Startup,Female,1.8,25.0,3.55,3,1986059.0,375811.0,6241706.676594329
DevOps Engineer,Chennai,BTech,Tier 3,Consulting,Mid-size,Male,5.9,32.0,2.52,7,2356716.0,575006.0,2931721.0
Data Scientist,Kolkata,BTech,Tier 3,E-Commerce,Mid-size,Male,4.6,29.0,2.04,7,1679214.0,285201.0,1964415.0
Backend Developer,Chennai,BTech,Tier 1,IT Services,Mid-size,Male,5.9,27.0,3.69,5,2513118.0,554025.0,3067143.0
Product Manager,Mumbai,BTech,Tier 3,E-Commerce,Startup,Female,8.5,30.0,4.19,1,2833403.0,190468.0,3023871.0
Frontend Developer,Jaipur,MTech,Tier 2,IT Services,Mid-size,Female,8.3,35.0,2.37,5,1529930.0,326860.0,1856790.0
Chartered Accountant,Ahmedabad,,Tier 1,Manufacturing,Startup,Male,1.0,24.0,,6,1519800.0,228024.0,1747824.0
Marketing Manager,Kolkata,BTech,Tier 3,FinTech,Startup,Male,7.6,32.0,4.98,6,2106369.0,336536.0,2442905.0
Software Engineer,Pune,MTech,Tier 2,Product Based,MNC,Male,2.4,29.0,3.83,5,3116356.0,228196.0,3344551.0
Software Engineer,Delhi NCR,BTech,Tier 3,IT Services,MNC,Female,1.4,25.0,3.86,6,1996842.0,219711.0,2216553.0
Product Manager,Pune,BTech,Tier 2,Consulting,MNC,Male,5.0,25.0,2.7,5,3386984.0,242474.0,3629458.0
DevOps Engineer,Mumbai,BTech,Tier 3,FinTech,Startup,Male,8.3,32.0,3.77,5,2688754.0,329014.0,3017768.0
Chartered Accountant,Remote,BTech,Tier 3,E-Commerce,MNC,Female,3.9,29.0,3.94,6,2391035.0,427312.0,2818347.0
Financial Analyst,Ahmedabad,,Tier 2,IT Services,MNC,Female,7.0,32.0,3.17,7,1838141.0,206127.0,5402383.478368755
Backend Developer,Pune,MBA,Tier 2,Consulting,MNC,Female,3.4,27.0,3.92,6,2654562.0,251010.0,2905572.0
Business Analyst,Pune,MTech,Tier 3,EdTech,Startup,Male,12.3,36.0,,7,1820775.0,213162.0,2033936.0
Software Engineer,Pune,MBA,Tier 1,Product Based,Mid-size,Male,2.9,30.0,3.02,6,3170058.0,484292.0,3654350.0
AI Engineer,Hyderabad,BTech,Tier 2,FinTech,Startup,Female,6.5,28.0,3.31,6,3005625.0,376011.0,3381636.0
Product Manager,Jaipur,MBA,Tier 1,E-Commerce,Startup,Male,9.5,31.0,3.75,6,3481315.0,866366.0,4347681.0
Financial Analyst,Ahmedabad,BTech,Tier 2,Product Based,Startup,Female,0.0,22.0,2.57,5,1009490.0,103932.0,1113422.0
Data Analyst,Remote,BTech,Tier 3,FinTech,MNC,Female,12.1,35.0,2.93,3,2335019.0,559200.0,2894219.0
HR Manager,Chennai,BTech,Tier 2,Manufacturing,Mid-size,Female,2.1,27.0,3.11,3,1199827.0,204910.0,1404736.0
Chartered Accountant,Kolkata,MBA,Tier 2,Consulting,Startup,Male,1.7,28.0,2.66,4,1752165.0,367287.0,2119452.0
Product Manager,Bangalore,BTech,Tier 2,Manufacturing,Startup,Female,8.3,29.0,1.84,6,2327243.0,331946.0,2659189.0
Software Engineer,Remote,BTech,Tier 3,IT Services,MNC,Male,2.4,28.0,3.63,8,1828387.0,105523.0,1933911.0
Chartered Accountant,Remote,PhD,Tier 3,EdTech,Mid-size,Male,9.1,32.0,3.4,1,2081922.0,187827.0,2269749.0
Product Manager,Ahmedabad,BTech,Tier 3,Manufacturing,MNC,Male,1.8,27.0,3.98,5,1914749.0,428217.0,2342966.0
Marketing Manager,Hyderabad,,Tier 2,Manufacturing,Startup,Female,0.0,23.0,3.01,4,1257473.0,87542.0,1345015.0
HR Manager,Kolkata,BTech,Tier 1,EdTech,MNC,Female,1.3,24.0,3.29,3,1725048.0,167747.0,1892796.0
Product Manager,Ahmedabad,MBA,Tier 1,EdTech,Mid-size,Male,2.4,27.0,1.33,6,2626457.0,143332.0,2769789.0
Chartered Accountant,Chennai,,Tier 1,EdTech,Mid-size,Male,13.8,37.0,3.75,3,2373918.0,296218.0,2670136.0
AI Engineer,Jaipur,MTech,Tier 3,EdTech,Mid-size,Female,1.8,24.0,4.18,5,1687199.0,313992.0,2001191.0
HR Manager,Bangalore,BTech,Tier 2,Product Based,MNC,Male,12.0,38.0,4.97,5,3771623.0,343201.0,4114824.0
Frontend Developer,Kolkata,MTech,Tier 2,E-Commerce,Startup,Male,3.8,26.0,1.82,8,1990029.0,268619.0,2258648.0
Financial Analyst,Hyderabad,MTech,Tier 1,Product Based,Mid-size,Female,1.6,24.0,3.67,8,2890521.0,313315.0,3203837.0
Frontend Developer,Remote,MTech,Tier 1,FinTech,Startup,Male,3.1,27.0,4.04,2,2356177.0,354331.0,2710508.0
Data Analyst,Ahmedabad,BTech,Tier 2,Manufacturing,Startup,Male,8.6,32.0,2.75,5,1284272.0,171295.0,1455566.0
Chartered Accountant,Hyderabad,BTech,Tier 1,Manufacturing,Mid-size,Female,3.8,26.0,2.92,7,2371890.0,212165.0,2584054.0
Frontend Developer,Delhi NCR,BTech,Tier 1,Consulting,Mid-size,Male,3.9,27.0,4.11,4,2246299.0,426249.0,2672547.0
Data Analyst,Ahmedabad,BTech,Tier 2,Consulting,Mid-size,Male,6.2,27.0,3.2,4,1931517.0,280619.0,2212136.0
Frontend Developer,Kolkata,BTech,Tier 3,IT Services,MNC,Male,5.6,26.0,4.14,5,1951892.0,234727.0,2186620.0
DevOps Engineer,Ahmedabad,BTech,Tier 1,Manufacturing,MNC,Male,8.2,33.0,3.63,5,2360856.0,414331.0,7333975.6146575
AI Engineer,Mumbai,MBA,Tier 2,E-Commerce,Startup,Male,6.6,32.0,,4,3175763.0,710345.0,3886108.0
Marketing Manager,Remote,BTech,Tier 2,Consulting,Mid-size,Male,2.0,26.0,4.53,6,1710666.0,250864.0,1961530.0
Financial Analyst,Jaipur,BTech,Tier 2,Product Based,MNC,Male,10.7,36.0,3.8,6,2686653.0,535708.0,3222361.0
DevOps Engineer,Delhi NCR,MTech,Tier 2,FinTech,MNC,Male,2.3,26.0,4.54,1,3179191.0,683240.0,3862431.0
DevOps Engineer,Remote,MTech,Tier 1,E-Commerce,Startup,Male,9.4,31.0,4.46,3,3200126.0,594077.0,3794203.0
Frontend Developer,Ahmedabad,BTech,Tier 3,EdTech,Mid-size,Male,1.0,22.0,3.99,7,1132237.0,269630.0,1401867.0
Data Scientist,Chennai,BTech,Tier 3,Product Based,Startup,Male,3.5,30.0,2.98,9,2430649.0,599709.0,3030359.0
DevOps Engineer,Remote,BTech,Tier 3,Consulting,MNC,Male,2.6,27.0,2.33,6,2296124.0,214575.0,2510699.0
Software Engineer,Mumbai,BTech,Tier 2,Product Based,Mid-size,Male,10.3,33.0,4.08,9,3328694.0,749814.0,4078508.0
Backend Developer,Ahmedabad,BTech,Tier 2,EdTech,Mid-size,Male,5.5,26.0,3.31,6,1615108.0,229628.0,1844736.0
Data Analyst,Hyderabad,MTech,Tier 3,IT Services,Mid-size,Female,3.5,27.0,2.82,4,1548445.0,85504.0,1633949.0
Business Analyst,Delhi NCR,MTech,Tier 3,IT Services,Mid-size,Male,11.9,32.0,4.27,6,2039428.0,500584.0,2540012.0
AI Engineer,Jaipur,,Tier 3,FinTech,MNC,Male,3.4,24.0,3.56,5,2385036.0,299741.0,2684776.0
Product Manager,Delhi NCR,BTech,Tier 3,E-Commerce,Mid-size,Male,8.8,32.0,,3,2902026.0,579239.0,3481265.0
Financial Analyst,Pune,BTech,Tier 3,Consulting,MNC,Male,2.0,29.0,4.84,6,2028798.0,309539.0,2338337.0
Software Engineer,Bangalore,MTech,Tier 2,FinTech,Startup,Female,4.9,26.0,3.64,9,3015495.0,269514.0,3285009.0
Chartered Accountant,Bangalore,PhD,Tier 3,Product Based,Startup,Male,5.2,28.0,4.5,4,3254947.0,577080.0,3832027.0
Software Engineer,Kolkata,BTech,Tier 3,Consulting,Mid-size,Female,3.2,27.0,2.82,6,1308071.0,276278.0,1584348.0
Product Manager,Remote,BTech,Tier 2,IT Services,Mid-size,Female,11.7,35.0,3.55,3,2367267.0,398382.0,2765650.0
Financial Analyst,Delhi NCR,MTech,Tier 3,Consulting,Startup,Male,8.4,31.0,5.0,5,2374609.0,230679.0,2605287.0
DevOps Engineer,Hyderabad,BTech,Tier 3,Product Based,MNC,Female,6.8,28.0,3.15,4,3068710.0,350795.0,3419505.0
DevOps Engineer,Kolkata,BTech,Tier 3,Consulting,MNC,Female,0.0,23.0,2.76,6,1569183.0,321936.0,1891119.0
Product Manager,Remote,,Tier 1,FinTech,Startup,Female,7.3,28.0,2.37,4,3256077.0,278772.0,3534849.0
Data Scientist,Kolkata,BTech,Tier 1,E-Commerce,MNC,Male,0.0,21.0,3.66,8,2164899.0,400876.0,2565775.0
Marketing Manager,Ahmedabad,,Tier 2,IT Services,MNC,Male,5.5,25.0,3.58,3,1956466.0,146724.0,2103190.0
Marketing Manager,Jaipur,BTech,Tier 3,Product Based,MNC,Male,3.4,24.0,2.82,7,1833986.0,199640.0,2033626.0
HR Manager,Pune,BTech,Tier 2,FinTech,MNC,Female,1.0,24.0,3.59,6,2024427.0,294348.0,2318775.0
Backend Developer,Bangalore,BTech,Tier 1,FinTech,Startup,Male,6.5,32.0,2.89,5,3089817.0,512635.0,3602452.0
HR Manager,Chennai,PhD,Tier 3,EdTech,MNC,Female,4.9,28.0,2.87,4,2070917.0,456354.0,2527271.0
Financial Analyst,Bangalore,BTech,Tier 3,EdTech,MNC,Male,11.4,37.0,3.07,7,2262221.0,510523.0,2772744.0
Chartered Accountant,Mumbai,MBA,Tier 3,Manufacturing,MNC,Male,1.7,25.0,4.42,5,2308112.0,551748.0,2859860.0
Chartered Accountant,Hyderabad,MBA,Tier 2,Consulting,Mid-size,Female,12.9,37.0,3.62,9,3084794.0,485893.0,3570686.0
AI Engineer,Pune,MTech,Tier 2,EdTech,Mid-size,Male,0.0,22.0,2.68,7,1486612.0,268254.0,1754867.0
Backend Developer,Chennai,BTech,Tier 2,Manufacturing,MNC,Male,15.1,38.0,4.39,7,2610059.0,491758.0,3101817.0
Chartered Accountant,Mumbai,MTech,Tier 2,Manufacturing,Mid-size,Male,0.0,22.0,3.81,3,1447695.0,263824.0,1711519.0
DevOps Engineer,Mumbai,BTech,Tier 2,Manufacturing,Mid-size,Male,3.5,25.0,3.59,8,2158775.0,226719.0,2385494.0
Data Analyst,Kolkata,,Tier 1,IT Services,Mid-size,Female,3.1,22.0,2.55,3,1335969.0,111750.0,1447720.0
Financial Analyst,Bangalore,BTech,Tier 3,Product Based,MNC,Male,0.0,24.0,1.41,4,1479082.0,322041.0,1801122.0
Backend Developer,Pune,MBA,Tier 2,Consulting,Startup,Male,4.9,27.0,2.17,7,2317216.0,506435.0,2823651.0
Backend Developer,Mumbai,BTech,Tier 2,FinTech,MNC,Male,4.7,29.0,1.82,3,2954461.0,348204.0,3302665.0
Software Engineer,Pune,BTech,Tier 2,Consulting,MNC,Male,10.3,32.0,3.86,3,2753653.0,510943.0,3264596.0
Financial Analyst,Delhi NCR,BTech,Tier 3,Consulting,Startup,Female,15.2,43.0,4.16,3,2177584.0,191786.0,2369370.0
Chartered Accountant,Chennai,MTech,Tier 3,Product Based,MNC,Male,5.1,28.0,,3,2596630.0,360936.0,2957566.0
Frontend Developer,Remote,,Tier 1,IT Services,Startup,Male,0.0,27.0,2.75,2,1239561.0,144834.0,1384394.0
Data Analyst,Chennai,,Tier 1,FinTech,Startup,Male,3.3,24.0,1.79,2,1663831.0,150948.0,1814779.0
Financial Analyst,Hyderabad,BTech,Tier 3,Consulting,Mid-size,Female,11.0,34.0,3.04,11,2160979.0,350367.0,2511346.0
Business Analyst,Hyderabad,MTech,Tier 3,IT Services,Mid-size,Male,4.3,30.0,3.77,5,2018340.0,490588.0,2508928.0
AI Engineer,Pune,MBA,Tier 2,Product Based,Startup,Female,7.5,32.0,3.57,6,3334565.0,276749.0,3611314.0
Backend Developer,Kolkata,BTech,Tier 3,Consulting,MNC,Male,0.0,23.0,3.89,2,1306939.0,68631.0,1375571.0
Product Manager,Kolkata,,Tier 2,FinTech,Startup,Female,8.8,30.0,2.73,4,2721060.0,288316.0,3009376.0
Business Analyst,Ahmedabad,BTech,Tier 3,E-Commerce,Mid-size,Male,4.8,28.0,1.83,3,1370770.0,222920.0,1593690.0
Data Scientist,Ahmedabad,MBA,Tier 3,Product Based,MNC,Female,1.7,24.0,5.0,7,2614602.0,511501.0,3126102.0
Data Scientist,Jaipur,MBA,Tier 3,Consulting,MNC,Male,3.6,26.0,4.09,6,2373452.0,212612.0,2586064.0
Backend Developer,Mumbai,BTech,Tier 2,EdTech,MNC,Male,12.1,34.0,3.03,4,2385423.0,161105.0,2546527.0
Financial Analyst,Jaipur,MTech,Tier 3,Consulting,MNC,Male,6.4,30.0,3.18,3,1950900.0,194516.0,2145416.0
Marketing Manager,Chennai,BTech,Tier 1,Consulting,Startup,Male,6.3,30.0,2.32,5,2261080.0,544742.0,2805821.0
Data Analyst,Jaipur,BTech,Tier 2,Product Based,Startup,Male,4.8,24.0,3.78,4,1568237.0,266410.0,1834647.0
Data Analyst,Bangalore,BTech,Tier 2,Consulting,MNC,Male,2.5,28.0,2.6,8,2305959.0,283875.0,2589834.0
Product Manager,Delhi NCR,BTech,Tier 3,FinTech,Mid-size,Female,9.6,31.0,4.06,4,3275565.0,809125.0,4084691.0
Backend Developer,Chennai,PhD,Tier 3,IT Services,Mid-size,Female,10.6,38.0,3.25,4,2155935.0,366264.0,2522198.0
Backend Developer,Delhi NCR,PhD,Tier 2,FinTech,Startup,Male,8.1,34.0,3.04,4,3231093.0,183871.0,3414964.0
Product Manager,Ahmedabad,BTech,Tier 2,E-Commerce,Startup,Male,5.5,29.0,2.45,3,2315808.0,225874.0,2541682.0
HR Manager,Mumbai,MTech,Tier 3,EdTech,Startup,Male,11.0,34.0,2.6,4,1844207.0,196912.0,2041118.0
Backend Developer,Ahmedabad,BTech,Tier 2,IT Services,Startup,Male,11.6,33.0,3.65,3,1616305.0,89814.0,1706119.0
Business Analyst,Jaipur,MTech,Tier 3,E-Commerce,Mid-size,Male,9.3,32.0,2.78,6,1786098.0,275903.0,2062001.0
Chartered Accountant,Kolkata,MBA,Tier 3,Manufacturing,MNC,Male,4.5,31.0,2.06,5,2247147.0,502085.0,2749232.0
Data Analyst,Kolkata,MTech,Tier 3,Consulting,Mid-size,Male,3.9,28.0,4.16,3,1231528.0,122799.0,1354327.0
Software Engineer,Delhi NCR,MTech,Tier 2,Product Based,Mid-size,Male,5.6,29.0,,4,2809525.0,662985.0,3472510.0
Financial Analyst,Kolkata,BTech,Tier 3,EdTech,Mid-size,Male,5.9,29.0,3.63,6,1329915.0,76668.0,1406583.0
Chartered Accountant,Kolkata,MTech,Tier 1,Manufacturing,MNC,Male,12.1,36.0,3.03,2,2383536.0,379009.0,2762545.0
DevOps Engineer,Hyderabad,BTech,Tier 1,E-Commerce,Startup,Male,7.0,31.0,3.65,4,3141553.0,613126.0,3754679.0
Marketing Manager,Jaipur,MBA,Tier 2,Consulting,MNC,Female,3.1,24.0,2.91,3,1745754.0,248695.0,1994449.0
Marketing Manager,Pune,MTech,Tier 1,EdTech,MNC,Female,0.0,26.0,3.79,1,1608456.0,280791.0,1889247.0
HR Manager,Jaipur,BTech,Tier 1,IT Services,Startup,Male,11.8,36.0,1.56,6,1823457.0,106863.0,1930321.0
Data Scientist,Pune,BTech,Tier 1,EdTech,Startup,Female,5.3,23.0,,7,2418764.0,284251.0,2703016.0
Marketing Manager,Mumbai,,Tier 3,E-Commerce,Startup,Female,10.4,33.0,3.5,5,1931530.0,116118.0,2047648.0
Chartered Accountant,Hyderabad,BTech,Tier 3,IT Services,Mid-size,Male,16.0,40.0,,4,2318099.0,559749.0,2877848.0
Financial Analyst,Delhi NCR,MBA,Tier 2,Consulting,MNC,Male,3.1,30.0,,4,2634356.0,233074.0,2867429.0
Data Scientist,Chennai,MTech,Tier 2,EdTech,MNC,Male,0.0,23.0,3.49,6,1606462.0,375424.0,1981886.0
Data Scientist,Jaipur,BTech,Tier 2,Consulting,Startup,Male,3.8,27.0,2.11,2,1529055.0,273990.0,1803045.0
DevOps Engineer,Jaipur,BTech,Tier 2,Manufacturing,Mid-size,Male,0.0,23.0,3.01,6,1187343.0,101909.0,1289252.0
Data Scientist,Pune,BTech,Tier 1,E-Commerce,Startup,Male,2.0,26.0,3.81,9,2379409.0,529718.0,2909127.0
Marketing Manager,Hyderabad,BTech,Tier 1,E-Commerce,Mid-size,Male,8.1,31.0,3.35,6,2836768.0,224530.0,3061299.0
Marketing Manager,Remote,MBA,Tier 3,FinTech,MNC,Female,3.1,24.0,3.53,5,2386651.0,221331.0,2607983.0
DevOps Engineer,Jaipur,MTech,Tier 2,Product Based,Startup,Male,0.0,25.0,,3,1715614.0,301042.0,2016656.0
Frontend Developer,Kolkata,BTech,Tier 2,Consulting,Startup,Male,6.8,30.0,4.5,4,1899719.0,189460.0,2089178.0
Financial Analyst,Chennai,BTech,Tier 3,IT Services,Mid-size,Male,2.3,22.0,4.23,2,1477584.0,264264.0,1741848.0
Marketing Manager,Kolkata,BTech,Tier 3,IT Services,Mid-size,Male,5.7,33.0,2.94,7,1648142.0,400228.0,2048369.0
Data Analyst,Bangalore,PhD,Tier 3,EdTech,Mid-size,Male,2.5,24.0,4.49,5,2021359.0,450807.0,2472166.0
Backend Developer,Chennai,,Tier 2,FinTech,Mid-size,Male,4.0,28.0,2.29,3,1894707.0,260017.0,2154725.0
Software Engineer,Chennai,BTech,Tier 3,FinTech,Mid-size,Male,5.0,28.0,2.88,1,1959958.0,263346.0,2223305.0
Backend Developer,Hyderabad,MTech,Tier 2,EdTech,Startup,Male,6.2,25.0,,8,1994636.0,451301.0,2445937.0
Chartered Accountant,Ahmedabad,BTech,Tier 2,FinTech,Startup,Male,12.7,38.0,4.22,7,2243126.0,290749.0,2533875.0
Product Manager,Ahmedabad,MBA,Tier 1,Consulting,MNC,Female,1.5,26.0,3.43,6,3539368.0,553863.0,4093231.0
Frontend Developer,Mumbai,MBA,Tier 2,Manufacturing,Mid-size,Male,4.3,24.0,4.23,3,2305165.0,210031.0,2515195.0
Backend Developer,Ahmedabad,MTech,Tier 2,E-Commerce,MNC,Female,2.7,26.0,3.25,8,2314893.0,118797.0,2433689.0
Financial Analyst,Hyderabad,BTech,Tier 3,Manufacturing,Mid-size,Female,1.3,24.0,2.45,3,1065028.0,232700.0,1297728.0
Backend Developer,Bangalore,MBA,Tier 3,Manufacturing,MNC,Female,6.7,28.0,3.77,6,2840937.0,708563.0,3549501.0
Chartered Accountant,Mumbai,BTech,Tier 3,Product Based,Mid-size,Male,7.5,30.0,,4,3030668.0,503305.0,3533973.0
Financial Analyst,Hyderabad,MTech,Tier 1,Manufacturing,Mid-size,Female,3.0,28.0,3.58,11,1999116.0,339076.0,2338192.0
Software Engineer,Bangalore,MTech,Tier 3,FinTech,Mid-size,Female,2.5,25.0,3.02,7,2459431.0,464481.0,2923912.0
Chartered Accountant,Chennai,BTech,Tier 2,EdTech,Mid-size,Male,0.0,25.0,3.45,6,1530353.0,76816.0,1607169.0
Business Analyst,Jaipur,BTech,Tier 3,Product Based,Mid-size,Male,7.2,31.0,2.46,6,1635701.0,127553.0,1763255.0
AI Engineer,Chennai,BTech,Tier 3,Product Based,MNC,Male,8.6,32.0,3.08,3,3284880.0,305766.0,3590646.0
DevOps Engineer,Kolkata,MTech,Tier 1,Manufacturing,Startup,Male,6.3,30.0,3.26,3,1887295.0,405838.0,2293133.0
Marketing Manager,Pune,BTech,Tier 3,Manufacturing,Mid-size,Male,8.3,33.0,3.54,9,1861000.0,378462.0,2239462.0
Frontend Developer,Ahmedabad,BTech,Tier 1,Product Based,Startup,Female,5.2,27.0,3.89,7,2132169.0,160319.0,2292488.0
Data Scientist,Mumbai,MBA,Tier 3,E-Commerce,MNC,Female,3.8,30.0,4.08,4,3379255.0,441889.0,3821144.0
Chartered Accountant,Bangalore,BTech,Tier 3,Consulting,Mid-size,Male,4.1,27.0,3.23,9,2464650.0,541731.0,3006381.0
HR Manager,Delhi NCR,BTech,Tier 2,EdTech,MNC,Male,1.3,24.0,2.97,7,2014164.0,298713.0,2312877.0
Backend Developer,Kolkata,BTech,Tier 3,EdTech,Mid-size,Female,1.3,24.0,1.84,7,1381596.0,172897.0,1554494.0
Data Scientist,Chennai,BTech,Tier 1,Consulting,Mid-size,Male,10.3,32.0,3.72,3,2764831.0,264924.0,3029755.0
Data Scientist,Remote,MBA,Tier 1,IT Services,MNC,Female,10.3,35.0,1.73,3,3105709.0,761894.0,3867603.0
DevOps Engineer,Hyderabad,MTech,Tier 3,EdTech,Mid-size,Female,3.7,27.0,2.25,4,1951348.0,449653.0,2401001.0
Marketing Manager,Jaipur,MTech,Tier 2,FinTech,MNC,Female,8.6,33.0,4.3,10,2812438.0,596024.0,3408462.0
DevOps Engineer,Remote,,Tier 3,EdTech,MNC,Male,0.5,22.0,3.6,5,1472304.0,316352.0,1788656.0
Product Manager,Delhi NCR,BTech,Tier 3,Manufacturing,Startup,Male,3.2,25.0,2.96,5,2227750.0,482606.0,2710356.0
HR Manager,Kolkata,BTech,Tier 3,Manufacturing,MNC,Male,4.6,27.0,4.17,3,1343846.0,131760.0,1475606.0
Data Scientist,Chennai,BTech,Tier 2,Manufacturing,MNC,Male,0.0,26.0,3.34,3,1443659.0,329052.0,1772711.0
AI Engineer,Jaipur,BTech,Tier 3,FinTech,Startup,Male,1.8,25.0,2.73,2,1470887.0,203500.0,1674387.0
AI Engineer,Chennai,PhD,Tier 2,FinTech,Mid-size,Male,4.9,25.0,3.23,1,3407675.0,812079.0,4219753.0
Business Analyst,Mumbai,BTech,Tier 3,IT Services,MNC,Male,9.6,30.0,2.38,6,2249623.0,389532.0,2639155.0
Frontend Developer,Delhi NCR,BTech,Tier 3,E-Commerce,MNC,Male,5.1,26.0,3.23,4,2456253.0,418017.0,2874270.0
Business Analyst,Pune,MTech,Tier 2,E-Commerce,MNC,Male,1.7,24.0,4.12,9,2365966.0,491253.0,2857219.0
Data Analyst,Kolkata,MTech,Tier 2,Product Based,MNC,Male,0.7,20.0,4.18,9,2385981.0,304204.0,2690185.0
DevOps Engineer,Chennai,PhD,Tier 2,Consulting,Startup,Male,6.0,26.0,4.53,3,2605762.0,309704.0,2915467.0
Product Manager,Remote,BTech,Tier 3,IT Services,Startup,Female,7.4,32.0,4.26,5,2268011.0,147994.0,2416005.0
AI Engineer,Mumbai,BTech,Tier 2,FinTech,MNC,Male,3.2,26.0,3.76,8,3746952.0,296929.0,4043881.0
Financial Analyst,Ahmedabad,BTech,Tier 2,Product Based,Mid-size,Male,13.5,37.0,3.2,4,2332562.0,247887.0,2580449.0
Software Engineer,Delhi NCR,MTech,Tier 1,Manufacturing,MNC,Male,7.9,30.0,2.82,3,3158394.0,687043.0,3845436.0
Backend Developer,Remote,BTech,Tier 3,Product Based,Mid-size,Male,5.3,31.0,2.84,4,1866436.0,202511.0,2068948.0
AI Engineer,Mumbai,MBA,Tier 3,Product Based,Startup,Male,0.9,25.0,2.92,5,2688781.0,196018.0,2884799.0
Frontend Developer,Pune,MTech,Tier 3,EdTech,MNC,Female,3.2,24.0,4.86,6,2086874.0,316243.0,2403117.0
Product Manager,Hyderabad,PhD,Tier 2,E-Commerce,MNC,Female,0.3,22.0,3.33,6,3736448.0,851314.0,4587762.0
Backend Developer,Delhi NCR,BTech,Tier 2,Manufacturing,Mid-size,Male,0.0,25.0,4.38,7,1614837.0,354781.0,1969618.0
Frontend Developer,Jaipur,BTech,Tier 3,Manufacturing,Startup,Male,4.3,24.0,2.19,4,971709.0,96023.0,1067732.0
Product Manager,Delhi NCR,MTech,Tier 3,Consulting,Startup,Male,0.4,24.0,3.94,3,2527181.0,349495.0,2876676.0
HR Manager,Bangalore,BTech,Tier 3,E-Commerce,Mid-size,Male,7.7,30.0,3.78,5,2323164.0,355393.0,2678557.0
Financial Analyst,Bangalore,BTech,Tier 1,Product Based,Mid-size,Male,6.8,30.0,3.49,3,2954940.0,557190.0,3512130.0
HR Manager,Ahmedabad,BTech,Tier 3,E-Commerce,Startup,Male,6.4,32.0,3.86,5,1626499.0,283439.0,1909938.0
Chartered Accountant,Bangalore,MTech,Tier 3,IT Services,Startup,Male,5.2,29.0,3.51,6,2365905.0,256566.0,2622471.0
Data Analyst,Hyderabad,MTech,Tier 3,EdTech,Mid-size,Male,11.0,35.0,3.05,4,1826412.0,261818.0,2088230.0
Data Analyst,Delhi NCR,PhD,Tier 3,E-Commerce,Mid-size,Male,5.9,28.0,2.9,5,2491545.0,451217.0,2942762.0
Software Engineer,Remote,BTech,Tier 2,E-Commerce,MNC,Female,8.4,31.0,1.9,5,2450718.0,332908.0,2783625.0
Financial Analyst,Ahmedabad,BTech,Tier 1,FinTech,Mid-size,Male,10.9,34.0,3.58,2,2505118.0,389279.0,2894397.0
DevOps Engineer,Jaipur,BTech,Tier 2,EdTech,Mid-size,Female,13.0,34.0,3.64,7,1929770.0,220124.0,2149895.0
Software Engineer,Bangalore,MBA,Tier 2,Consulting,Startup,Male,9.4,32.0,2.03,3,2669105.0,397140.0,3066245.0
Data Scientist,Chennai,BTech,Tier 1,Consulting,Startup,Male,9.6,35.0,3.01,4,2491380.0,162539.0,2653919.0
HR Manager,Hyderabad,BTech,Tier 2,E-Commerce,MNC,Male,0.5,20.0,3.13,3,1611681.0,202625.0,1814306.0
Backend Developer,Delhi NCR,MBA,Tier 1,FinTech,Mid-size,Female,8.0,32.0,2.98,2,3228489.0,383666.0,3612155.0
DevOps Engineer,Ahmedabad,MBA,Tier 2,EdTech,MNC,Male,1.5,22.0,4.51,7,2128217.0,170750.0,2298967.0
HR Manager,Pune,MTech,Tier 2,EdTech,Startup,Female,0.0,23.0,4.02,5,913877.0,118481.0,1032358.0
Data Scientist,Delhi NCR,MTech,Tier 1,IT Services,Mid-size,Male,0.6,24.0,4.01,8,2688118.0,526440.0,3214559.0
Software Engineer,Hyderabad,BTech,Tier 3,Consulting,Startup,Male,3.7,27.0,3.27,6,2161375.0,435385.0,2596759.0
Marketing Manager,Mumbai,BTech,Tier 1,E-Commerce,Mid-size,Female,7.4,31.0,2.77,4,2907481.0,537104.0,3444585.0
Frontend Developer,Pune,BTech,Tier 2,Manufacturing,Mid-size,Female,0.7,23.0,,6,1280000.0,94904.0,3633454.6255620546
Software Engineer,Delhi NCR,BTech,Tier 2,E-Commerce,Mid-size,Female,6.2,29.0,3.98,4,2581190.0,203812.0,2785002.0
Data Scientist,Kolkata,MTech,Tier 1,FinTech,Startup,Male,8.9,29.0,3.4,6,3039423.0,728648.0,3768071.0
AI Engineer,Ahmedabad,,Tier 2,FinTech,Mid-size,Male,3.8,24.0,3.33,3,2343425.0,148816.0,2492241.0
Backend Developer,Ahmedabad,MTech,Tier 2,E-Commerce,Startup,Male,1.4,21.0,3.01,8,1695387.0,352760.0,2048147.0
Chartered Accountant,Bangalore,BTech,Tier 3,Manufacturing,Startup,Female,8.7,31.0,4.44,3,1835339.0,176875.0,2012214.0
Backend Developer,Bangalore,MBA,Tier 2,Manufacturing,Startup,Female,2.6,23.0,4.19,8,2108199.0,482873.0,2591072.0
Product Manager,Ahmedabad,BTech,Tier 2,Consulting,Startup,Female,10.1,30.0,3.4,4,2521359.0,616658.0,3138016.0
Backend Developer,Bangalore,MBA,Tier 3,Manufacturing,Startup,Male,0.0,26.0,3.22,8,1570479.0,104239.0,1674718.0
Chartered Accountant,Mumbai,BTech,Tier 3,EdTech,Startup,Male,6.9,29.0,3.76,2,1821666.0,293394.0,2115060.0
HR Manager,Delhi NCR,BTech,Tier 3,EdTech,MNC,Male,1.0,24.0,3.12,7,1856296.0,135279.0,1991575.0
Frontend Developer,Ahmedabad,BTech,Tier 3,Manufacturing,MNC,Male,0.7,23.0,3.04,7,1459059.0,248371.0,1707430.0
Marketing Manager,Hyderabad,BTech,Tier 2,Manufacturing,Mid-size,Male,1.3,24.0,4.51,4,1223525.0,95854.0,1319379.0
Business Analyst,Bangalore,BTech,Tier 3,EdTech,Startup,Male,0.0,22.0,3.27,5,978185.0,188861.0,1167046.0
Data Analyst,Hyderabad,MTech,Tier 3,EdTech,MNC,Male,10.4,36.0,5.0,6,2315737.0,549287.0,2865024.0
AI Engineer,Pune,PhD,Tier 2,Product Based,Startup,Male,13.4,36.0,3.66,7,4201860.0,523909.0,4725769.0
Software Engineer,Hyderabad,BTech,Tier 2,EdTech,Mid-size,Female,1.3,23.0,3.04,8,1749653.0,235290.0,1984942.0
Backend Developer,Bangalore,BTech,Tier 3,EdTech,Mid-size,Male,8.1,34.0,2.29,6,1978971.0,178523.0,2157494.0
Marketing Manager,Jaipur,MBA,Tier 3,EdTech,Startup,Female,8.8,28.0,3.09,5,1550202.0,261643.0,1811845.0
Backend Developer,Bangalore,,Tier 1,EdTech,Startup,Male,3.2,30.0,4.01,9,3158651.0,356952.0,3515604.0
Chartered Accountant,Ahmedabad,BTech,Tier 2,Consulting,MNC,Male,3.1,28.0,2.44,8,1802482.0,182084.0,1984566.0
Marketing Manager,Pune,MTech,Tier 3,Product Based,Mid-size,Female,9.1,35.0,1.97,4,2337993.0,373161.0,2711154.0
Marketing Manager,Hyderabad,BTech,Tier 2,E-Commerce,Mid-size,Male,5.6,28.0,3.2,6,2341131.0,238555.0,2579686.0
Chartered Accountant,Chennai,MTech,Tier 1,Product Based,MNC,Female,0.8,28.0,3.73,6,3273346.0,510828.0,3784174.0
HR Manager,Ahmedabad,BTech,Tier 2,Consulting,MNC,Male,1.9,22.0,3.81,7,1820428.0,175490.0,1995918.0
Financial Analyst,Kolkata,MTech,Tier 1,IT Services,Mid-size,Male,7.9,31.0,3.43,8,2558113.0,393835.0,2951947.0
Frontend Developer,Remote,BTech,Tier 3,E-Commerce,Startup,Male,4.5,29.0,3.35,7,1636237.0,319375.0,1955612.0
HR Manager,Chennai,MTech,Tier 1,IT Services,Mid-size,Male,0.4,22.0,3.44,2,1364514.0,325304.0,1689818.0
Financial Analyst,Hyderabad,PhD,Tier 3,IT Services,Mid-size,Male,9.2,30.0,3.64,2,1969804.0,128027.0,2097832.0
Frontend Developer,Bangalore,BTech,Tier 3,IT Services,Mid-size,Male,8.3,34.0,3.81,3,2110523.0,331418.0,2441941.0
Software Engineer,Remote,MBA,Tier 2,E-Commerce,Startup,Male,2.8,22.0,1.77,6,2018310.0,437049.0,2455358.0
Data Analyst,Jaipur,BTech,Tier 3,EdTech,MNC,Male,7.1,32.0,2.92,4,1270857.0,89028.0,1359884.0
HR Manager,Delhi NCR,BTech,Tier 3,Consulting,Mid-size,Female,11.3,32.0,2.77,7,2084989.0,500780.0,2585769.0
Software Engineer,Jaipur,BTech,Tier 3,Product Based,Startup,Male,10.3,35.0,3.02,5,2227616.0,487839.0,2715455.0
Frontend Developer,Kolkata,MTech,Tier 2,Consulting,Startup,Male,10.3,31.0,3.57,1,1941799.0,385214.0,2327013.0
Software Engineer,Chennai,BTech,Tier 2,IT Services,MNC,Female,7.6,28.0,3.21,3,2304752.0,495086.0,2799838.0
Product Manager,Mumbai,BTech,Tier 3,EdTech,Mid-size,Male,4.3,31.0,2.83,5,2357518.0,203911.0,2561429.0
Backend Developer,Bangalore,BTech,Tier 3,Manufacturing,Startup,Male,0.9,27.0,4.15,6,1431294.0,193170.0,1624464.0
Data Analyst,Remote,MBA,Tier 3,Consulting,Mid-size,Male,0.2,23.0,2.51,3,1156899.0,255183.0,1412082.0
Business Analyst,Delhi NCR,MBA,Tier 3,Manufacturing,Mid-size,Male,5.7,24.0,3.87,6,1649833.0,198861.0,1848694.0
Marketing Manager,Remote,BTech,Tier 2,Manufacturing,Startup,Male,6.9,32.0,4.34,6,1731510.0,266626.0,1998136.0
AI Engineer,Mumbai,MTech,Tier 2,Product Based,Mid-size,Male,6.9,29.0,3.32,4,3814596.0,400090.0,4214687.0
Software Engineer,Jaipur,MTech,Tier 3,EdTech,Mid-size,Female,2.0,24.0,4.14,4,1122832.0,113723.0,1236555.0
AI Engineer,Hyderabad,BTech,Tier 3,Product Based,Mid-size,Male,1.8,25.0,3.21,5,2315537.0,117811.0,2433349.0
Data Analyst,Bangalore,BTech,Tier 3,E-Commerce,MNC,Male,7.7,28.0,4.07,5,2645244.0,398375.0,3043619.0
DevOps Engineer,Kolkata,,Tier 3,Manufacturing,Startup,Male,8.2,31.0,3.26,5,1548391.0,142889.0,1691280.0
Business Analyst,Chennai,BTech,Tier 1,Consulting,Mid-size,Male,6.5,33.0,4.2,1,1898195.0,436209.0,2334404.0
Backend Developer,Delhi NCR,BTech,Tier 1,E-Commerce,MNC,Male,6.7,31.0,3.04,5,3380055.0,651310.0,4031365.0
Data Scientist,Bangalore,MBA,Tier 2,FinTech,Mid-size,Male,8.1,31.0,2.49,2,3495937.0,597801.0,4093738.0
DevOps Engineer,Remote,BTech,Tier 2,Manufacturing,Mid-size,Female,2.9,29.0,3.29,6,1819525.0,212307.0,2031832.0
AI Engineer,Chennai,BTech,Tier 1,Consulting,MNC,Male,10.0,36.0,3.59,7,3917243.0,460736.0,4377979.0
HR Manager,Delhi NCR,BTech,Tier 3,Product Based,MNC,Female,0.3,19.0,2.71,2,1931284.0,438928.0,2370213.0
Frontend Developer,Jaipur,MTech,Tier 3,E-Commerce,Mid-size,Female,6.8,30.0,2.58,3,1378471.0,110695.0,1489165.0
Chartered Accountant,Bangalore,BTech,Tier 2,Consulting,Mid-size,Female,6.0,28.0,1.56,5,2300100.0,283490.0,2583590.0
Business Analyst,Bangalore,BTech,Tier 1,E-Commerce,Mid-size,Male,6.2,30.0,2.83,8,3025839.0,682643.0,3708483.0
Marketing Manager,Hyderabad,MTech,Tier 2,Consulting,Startup,Male,11.3,35.0,4.4,5,2558390.0,227966.0,2786355.0
Business Analyst,Remote,MTech,Tier 3,Consulting,Startup,Male,9.3,33.0,2.12,3,1965587.0,265096.0,2230683.0
Product Manager,Jaipur,MBA,Tier 3,Product Based,Mid-size,Female,7.5,28.0,3.44,4,2932603.0,346970.0,3279574.0
Chartered Accountant,Mumbai,BTech,Tier 3,FinTech,Mid-size,Female,6.4,30.0,3.25,5,2446409.0,377915.0,2824324.0
Data Scientist,Pune,BTech,Tier 3,Manufacturing,MNC,Male,8.4,31.0,2.65,5,2093205.0,267365.0,2360569.0
Data Scientist,Remote,MBA,Tier 3,Manufacturing,Mid-size,Male,0.0,20.0,2.92,6,1320049.0,272743.0,1592792.0
DevOps Engineer,Bangalore,BTech,Tier 1,IT Services,Startup,Male,0.0,24.0,3.09,5,2072831.0,313268.0,2386100.0
Chartered Accountant,Bangalore,BTech,Tier 2,Consulting,Mid-size,Male,0.5,26.0,2.43,4,2099085.0,477243.0,2576328.0
AI Engineer,Remote,BTech,Tier 3,IT Services,Mid-size,Female,5.4,29.0,3.06,3,2036989.0,151046.0,2188035.0
Product Manager,Delhi NCR,BTech,Tier 2,E-Commerce,MNC,Male,5.8,29.0,2.84,6,3907601.0,924438.0,4832040.0
Software Engineer,Jaipur,MTech,Tier 3,EdTech,Mid-size,Male,7.5,30.0,4.09,5,1738037.0,189448.0,1927485.0
Data Analyst,Delhi NCR,BTech,Tier 2,Consulting,Startup,Female,7.8,31.0,4.74,3,1966525.0,397296.0,2363821.0
Product Manager,Kolkata,BTech,Tier 3,FinTech,Mid-size,Male,3.5,27.0,2.66,7,2376747.0,242678.0,2619425.0
Business Analyst,Kolkata,BTech,Tier 3,Product Based,Mid-size,Female,15.1,35.0,3.31,4,1946865.0,245831.0,2192695.0
Software Engineer,Kolkata,BTech,Tier 3,Consulting,Mid-size,Male,11.5,37.0,3.72,3,1850234.0,246321.0,2096555.0
Data Scientist,Jaipur,BTech,Tier 1,E-Commerce,Mid-size,Male,4.5,28.0,2.69,6,2126883.0,281813.0,2408696.0
Software Engineer,Pune,BTech,Tier 2,Consulting,MNC,Male,3.2,24.0,3.68,2,2491908.0,335580.0,2827488.0
Backend Developer,Hyderabad,BTech,Tier 1,IT Services,Mid-size,Male,7.1,32.0,3.82,3,2363733.0,428396.0,2792129.0
Frontend Developer,Ahmedabad,MBA,Tier 2,FinTech,MNC,Male,2.9,30.0,2.76,8,2423055.0,434960.0,2858016.0
Chartered Accountant,Ahmedabad,MTech,Tier 3,E-Commerce,Startup,Female,8.6,31.0,2.42,8,1963612.0,322049.0,2285661.0
Backend Developer,Ahmedabad,MTech,Tier 2,E-Commerce,Startup,Male,10.9,35.0,3.77,4,2397682.0,584117.0,7879991.162325739
AI Engineer,Delhi NCR,,Tier 2,FinTech,MNC,Male,0.7,21.0,4.58,2,3124798.0,379945.0,3504743.0
Data Analyst,Chennai,BTech,Tier 1,Manufacturing,Mid-size,Female,5.7,27.0,3.81,6,1633678.0,312357.0,1946035.0
Backend Developer,Mumbai,BTech,Tier 1,EdTech,MNC,Male,0.0,22.0,2.87,2,1735902.0,433028.0,2168931.0
Marketing Manager,Kolkata,MBA,Tier 1,Product Based,Mid-size,Female,10.2,35.0,3.86,2,2939565.0,559023.0,3498588.0
Frontend Developer,Ahmedabad,BTech,Tier 2,EdTech,Mid-size,Male,7.7,28.0,4.34,2,1631048.0,176701.0,1807749.0
Data Analyst,Ahmedabad,MTech,Tier 3,Product Based,Mid-size,Male,4.3,26.0,2.59,5,1756342.0,136095.0,1892437.0
Software Engineer,Bangalore,PhD,Tier 2,Manufacturing,Startup,Male,5.2,28.0,3.14,3,2173774.0,133202.0,2306976.0
Product Manager,Remote,MBA,Tier 2,IT Services,MNC,Male,3.1,28.0,3.34,4,3354345.0,231427.0,3585772.0
Financial Analyst,Delhi NCR,MBA,Tier 1,Consulting,Mid-size,Male,4.8,30.0,2.93,5,2996100.0,538447.0,3534547.0
Frontend Developer,Hyderabad,BTech,Tier 2,E-Commerce,Mid-size,Male,6.3,25.0,2.89,3,2016571.0,482248.0,2498819.0
AI Engineer,Mumbai,BTech,Tier 3,IT Services,Startup,Male,3.9,24.0,3.67,9,2487987.0,213409.0,2701397.0
Frontend Developer,Hyderabad,BTech,Tier 1,FinTech,Startup,Male,2.6,27.0,4.42,7,2605277.0,267379.0,2872657.0
Marketing Manager,Mumbai,BTech,Tier 3,FinTech,MNC,Male,9.4,33.0,3.66,5,3059396.0,697227.0,3756623.0
Data Analyst,Hyderabad,BTech,Tier 2,FinTech,MNC,Male,0.0,23.0,4.81,1,2060510.0,199449.0,2259959.0
HR Manager,Hyderabad,BTech,Tier 3,Manufacturing,Mid-size,Male,11.7,31.0,3.4,5,1498438.0,257369.0,1755806.0
Backend Developer,Delhi NCR,BTech,Tier 3,Consulting,Mid-size,Male,5.5,28.0,2.52,4,1964276.0,340524.0,2304799.0
Product Manager,Jaipur,BTech,Tier 3,FinTech,MNC,Male,10.8,36.0,2.84,4,2859318.0,362787.0,3222105.0
Data Scientist,Pune,MTech,Tier 3,FinTech,MNC,Male,5.0,26.0,,2,2815681.0,183035.0,2998716.0
HR Manager,Bangalore,BTech,Tier 2,Manufacturing,Startup,Male,9.7,36.0,2.43,8,1903181.0,415609.0,2318790.0
AI Engineer,Pune,,Tier 3,Consulting,MNC,Male,6.8,30.0,3.54,4,2755031.0,488223.0,3243254.0
DevOps Engineer,Kolkata,PhD,Tier 1,EdTech,MNC,Male,8.1,31.0,5.0,12,4046670.0,231766.0,4278436.0
Financial Analyst,Remote,BTech,Tier 2,Consulting,Mid-size,Male,1.3,23.0,2.76,5,1328196.0,281836.0,1610032.0
HR Manager,Jaipur,BTech,Tier 3,FinTech,MNC,Male,3.5,27.0,,4,1778433.0,186674.0,1965107.0
Marketing Manager,Ahmedabad,BTech,Tier 3,IT Services,Mid-size,Male,2.8,26.0,2.85,8,1201294.0,246659.0,1447954.0
Data Analyst,Delhi NCR,BTech,Tier 1,FinTech,Startup,Male,12.4,36.0,1.54,4,2490993.0,300376.0,2791370.0
DevOps Engineer,Kolkata,,Tier 3,Consulting,MNC,Female,7.2,31.0,3.89,7,2718516.0,518106.0,3236622.0
Data Scientist,Kolkata,BTech,Tier 1,Consulting,Startup,Female,10.9,37.0,3.49,2,2190498.0,306550.0,2497048.0
Financial Analyst,Remote,BTech,Tier 3,FinTech,Startup,Male,8.7,33.0,2.11,9,1781776.0,348163.0,2129939.0
Product Manager,Remote,MTech,Tier 1,Manufacturing,MNC,Male,0.0,20.0,4.2,3,2691827.0,585739.0,3277566.0
Product Manager,Pune,MBA,Tier 2,EdTech,MNC,Male,14.5,37.0,3.03,3,3536905.0,700299.0,4237204.0
HR Manager,Ahmedabad,BTech,Tier 2,Product Based,MNC,Male,7.1,31.0,5.0,2,2373770.0,245374.0,2619145.0
Backend Developer,Bangalore,BTech,Tier 3,EdTech,Mid-size,Male,1.9,25.0,4.42,6,1601811.0,208420.0,1810231.0
Backend Developer,Chennai,MTech,Tier 1,Manufacturing,Startup,Female,6.5,28.0,2.49,6,2172390.0,329858.0,2502248.0
DevOps Engineer,Jaipur,MBA,Tier 2,Consulting,MNC,Female,0.0,20.0,3.94,6,2122839.0,424347.0,2547186.0
Chartered Accountant,Kolkata,BTech,Tier 2,EdTech,MNC,Male,3.5,30.0,5.0,11,2030723.0,206486.0,2237209.0
AI Engineer,Kolkata,BTech,Tier 2,FinTech,MNC,Male,7.3,31.0,3.34,2,3108608.0,665060.0,3773668.0
Data Analyst,Bangalore,MTech,Tier 3,FinTech,MNC,Female,6.0,26.0,2.55,3,2598953.0,301390.0,2900343.0
DevOps Engineer,Kolkata,PhD,Tier 2,FinTech,Startup,Male,9.6,32.0,3.96,4,2907808.0,301876.0,3209683.0
Chartered Accountant,Hyderabad,BTech,Tier 3,Manufacturing,Mid-size,Male,1.9,22.0,4.35,6,1481622.0,327215.0,1808837.0
DevOps Engineer,Mumbai,BTech,Tier 3,E-Commerce,MNC,Male,0.0,23.0,3.59,4,2193948.0,517237.0,2711185.0
Marketing Manager,Chennai,BTech,Tier 2,EdTech,Startup,Male,7.7,31.0,3.37,3,1794538.0,146115.0,1940653.0
Business Analyst,Pune,MTech,Tier 1,Consulting,Startup,Male,8.3,30.0,2.88,5,2256501.0,460744.0,2717244.0
Software Engineer,Hyderabad,BTech,Tier 2,E-Commerce,Startup,Male,7.8,32.0,3.41,7,2391394.0,132424.0,2523818.0
HR Manager,Hyderabad,BTech,Tier 2,Product Based,MNC,Female,11.1,35.0,2.07,4,2946110.0,271389.0,3217499.0
Software Engineer,Jaipur,BTech,Tier 3,Consulting,MNC,Male,1.1,25.0,1.58,3,1213295.0,197152.0,1410448.0
Chartered Accountant,Ahmedabad,BTech,Tier 1,Product Based,MNC,Female,1.9,28.0,4.38,5,2682597.0,536356.0,3218953.0
HR Manager,Chennai,BTech,Tier 3,E-Commerce,Startup,Male,4.8,26.0,3.08,8,1699961.0,419066.0,2119027.0
Data Analyst,Kolkata,BTech,Tier 2,Manufacturing,Mid-size,Male,4.8,29.0,3.32,4,1192209.0,63901.0,1256110.0
Backend Developer,Chennai,,Tier 2,Consulting,Startup,Female,6.3,33.0,3.71,4,1849736.0,425708.0,2275444.0
Business Analyst,Hyderabad,BTech,Tier 3,IT Services,MNC,Male,4.1,27.0,3.74,3,1764600.0,154068.0,1918668.0
Software Engineer,Kolkata,MBA,Tier 3,FinTech,Startup,Male,8.3,28.0,3.11,4,2297073.0,257246.0,2554319.0
Frontend Developer,Ahmedabad,BTech,Tier 3,Product Based,Startup,Male,6.4,31.0,3.53,5,1815523.0,121334.0,1936857.0
Data Scientist,Ahmedabad,BTech,Tier 2,EdTech,MNC,Male,8.7,31.0,3.07,5,2313323.0,255806.0,2569130.0
Financial Analyst,Ahmedabad,MBA,Tier 2,Product Based,Mid-size,Male,8.8,31.0,2.68,11,2748994.0,399506.0,3148500.0
Data Scientist,Remote,BTech,Tier 2,IT Services,Mid-size,Male,3.1,27.0,4.69,3,1769349.0,436147.0,2205496.0
Business Analyst,Remote,BTech,Tier 2,IT Services,Startup,Female,10.8,35.0,,8,1442834.0,106936.0,1549770.0
AI Engineer,Bangalore,,Tier 2,Product Based,Startup,Male,3.2,26.0,3.81,1,2799119.0,573152.0,3372271.0
Financial Analyst,Hyderabad,,Tier 2,IT Services,Startup,Female,6.3,30.0,1.6,5,1766553.0,347525.0,2114078.0
Financial Analyst,Delhi NCR,PhD,Tier 3,EdTech,MNC,Male,2.3,27.0,,4,2220672.0,408874.0,2629546.0
AI Engineer,Remote,MTech,Tier 3,FinTech,Mid-size,Male,9.3,30.0,2.66,7,3090535.0,751471.0,3842006.0
Backend Developer,Delhi NCR,BTech,Tier 3,Manufacturing,MNC,Female,3.7,25.0,3.67,4,1813397.0,317095.0,2130492.0
Data Scientist,Pune,MTech,Tier 2,FinTech,MNC,Male,5.7,31.0,5.0,6,3608231.0,533370.0,4141601.0
Product Manager,Hyderabad,BTech,Tier 3,Product Based,Mid-size,Female,1.7,21.0,3.1,3,2889589.0,150054.0,3039643.0
Frontend Developer,Jaipur,BTech,Tier 3,Consulting,MNC,Female,4.3,28.0,3.15,8,1680878.0,256833.0,1937712.0
Software Engineer,Delhi NCR,,Tier 2,E-Commerce,Mid-size,Male,16.8,43.0,4.14,9,3194850.0,669337.0,3864187.0
Chartered Accountant,Bangalore,BTech,Tier 2,EdTech,Startup,Male,0.0,27.0,3.32,3,1531604.0,108935.0,1640539.0
Chartered Accountant,Pune,BTech,Tier 2,Manufacturing,MNC,Male,3.4,30.0,2.56,4,1837650.0,407365.0,2245015.0
AI Engineer,Remote,,Tier 2,Consulting,Startup,Male,13.6,40.0,1.84,10,2690242.0,619801.0,3310043.0
Chartered Accountant,Mumbai,,Tier 1,IT Services,Startup,Female,0.9,24.0,3.5,5,1706129.0,215088.0,1921216.0
Frontend Developer,Delhi NCR,BTech,Tier 2,E-Commerce,MNC,Male,2.8,28.0,4.1,1,2322406.0,300333.0,2622739.0
HR Manager,Delhi NCR,MBA,Tier 1,IT Services,Mid-size,Male,2.1,24.0,4.07,3,2121571.0,108634.0,2230205.0
Business Analyst,Remote,BTech,Tier 2,IT Services,Startup,Male,2.3,26.0,1.28,4,1248425.0,261312.0,1509737.0
Data Analyst,Jaipur,MTech,Tier 3,Product Based,MNC,Male,3.8,26.0,3.39,4,2150903.0,449044.0,2599948.0
Backend Developer,Kolkata,MTech,Tier 3,Product Based,MNC,Male,5.0,27.0,2.82,7,2533291.0,344574.0,2877866.0
Software Engineer,Delhi NCR,BTech,Tier 2,IT Services,Mid-size,Male,8.2,31.0,4.24,6,2529375.0,532570.0,3061945.0
Chartered Accountant,Kolkata,BTech,Tier 3,EdTech,Startup,Male,4.4,27.0,3.89,4,1398987.0,263920.0,1662907.0
Frontend Developer,Bangalore,BTech,Tier 3,EdTech,Mid-size,Male,0.0,20.0,3.3,8,1291137.0,167322.0,1458459.0
Backend Developer,Jaipur,MTech,Tier 2,E-Commerce,Startup,Female,7.4,31.0,3.98,5,1758350.0,175599.0,1933949.0
Frontend Developer,Delhi NCR,BTech,Tier 3,Manufacturing,Startup,Female,2.9,27.0,4.82,8,1540280.0,100702.0,1640982.0
AI Engineer,Delhi NCR,BTech,Tier 2,Consulting,Startup,Male,0.0,25.0,2.96,5,2105625.0,359949.0,2465574.0
HR Manager,Jaipur,BTech,Tier 2,FinTech,Startup,Female,4.6,28.0,5.0,6,1660587.0,393305.0,2053892.0
Chartered Accountant,Hyderabad,BTech,Tier 2,Product Based,MNC,Female,4.6,27.0,2.95,6,2938190.0,404545.0,3342736.0
Software Engineer,Jaipur,BTech,Tier 1,Consulting,Startup,Male,5.4,29.0,4.29,5,1902453.0,221829.0,2124282.0
Frontend Developer,Hyderabad,MTech,Tier 2,FinTech,Mid-size,Male,2.7,25.0,5.0,2,2604259.0,190904.0,2795163.0
AI Engineer,Bangalore,BTech,Tier 3,Product Based,MNC,Female,6.2,32.0,3.94,6,3847042.0,347901.0,4194943.0
Data Analyst,Hyderabad,MTech,Tier 3,FinTech,Mid-size,Female,3.0,26.0,3.31,5,1738320.0,288109.0,2026429.0
Software Engineer,Jaipur,BTech,Tier 3,EdTech,Startup,Male,3.6,24.0,2.81,5,933575.0,151878.0,1085453.0
Product Manager,Ahmedabad,BTech,Tier 3,IT Services,Startup,Male,1.3,23.0,4.23,4,1610843.0,209612.0,1820455.0
Financial Analyst,Remote,,Tier 3,E-Commerce,Mid-size,Female,0.1,26.0,3.68,8,1135085.0,239852.0,1374937.0
Financial Analyst,Chennai,BTech,Tier 2,FinTech,MNC,Male,4.4,27.0,2.91,5,2608664.0,258873.0,2867537.0
Product Manager,Kolkata,BTech,Tier 2,IT Services,MNC,Female,7.8,32.0,3.09,4,2702171.0,288580.0,2990750.0
HR Manager,Kolkata,BTech,Tier 2,Consulting,Mid-size,Male,11.1,38.0,3.09,6,2258499.0,265849.0,2524347.0
DevOps Engineer,Mumbai,PhD,Tier 1,Manufacturing,Mid-size,Male,0.0,22.0,,7,2259488.0,428605.0,2688093.0
Data Analyst,Hyderabad,,Tier 3,FinTech,Mid-size,Female,1.0,20.0,2.95,5,1413666.0,78699.0,1492365.0
Frontend Developer,Hyderabad,BTech,Tier 3,Consulting,MNC,Male,2.7,25.0,4.34,3,2087127.0,306423.0,2393550.0
Financial Analyst,Pune,BTech,Tier 3,Manufacturing,Startup,Female,7.7,31.0,4.25,4,1448917.0,85900.0,1534817.0
Chartered Accountant,Jaipur,BTech,Tier 3,EdTech,MNC,Male,6.2,34.0,2.74,4,1708176.0,89186.0,1797362.0
Software Engineer,Remote,BTech,Tier 1,Manufacturing,Mid-size,Male,5.9,28.0,3.84,2,1759812.0,116460.0,1876272.0
DevOps Engineer,Kolkata,BTech,Tier 2,Product Based,Startup,Male,0.0,26.0,3.78,5,1793713.0,324509.0,2118222.0
Financial Analyst,Remote,BTech,Tier 3,E-Commerce,Startup,Male,0.3,25.0,3.46,6,1397050.0,151007.0,1548057.0
Data Analyst,Ahmedabad,MBA,Tier 2,EdTech,Mid-size,Male,2.8,25.0,4.63,6,1513785.0,213647.0,1727432.0
Business Analyst,Jaipur,PhD,Tier 2,Consulting,Mid-size,Male,1.8,24.0,3.06,5,1568327.0,128634.0,1696961.0
DevOps Engineer,Remote,BTech,Tier 2,FinTech,Startup,Male,2.8,25.0,2.15,8,2097678.0,167146.0,2264824.0
Chartered Accountant,Jaipur,MBA,Tier 3,Manufacturing,MNC,Female,0.0,24.0,4.14,10,1529719.0,96580.0,1626300.0
Software Engineer,Delhi NCR,BTech,Tier 2,EdTech,Mid-size,Male,5.9,34.0,3.1,2,2022263.0,256788.0,2279052.0
AI Engineer,Remote,BTech,Tier 2,Consulting,MNC,Female,7.8,29.0,3.82,5,2919297.0,668141.0,3587438.0
AI Engineer,Delhi NCR,PhD,Tier 1,EdTech,MNC,Female,10.0,33.0,3.6,6,4817419.0,737182.0,5554601.0
DevOps Engineer,Bangalore,MBA,Tier 2,FinTech,MNC,Male,3.8,28.0,4.21,4,4039058.0,643288.0,4682346.0
AI Engineer,Jaipur,BTech,Tier 2,Manufacturing,Startup,Female,3.3,26.0,3.53,7,1294342.0,104322.0,1398664.0
Backend Developer,Pune,,Tier 1,Consulting,Startup,Male,7.6,31.0,3.0,3,2317984.0,484493.0,2802477.0
Chartered Accountant,Pune,BTech,Tier 1,Product Based,Mid-size,Male,10.6,37.0,2.67,2,3143856.0,705622.0,3849478.0
AI Engineer,Delhi NCR,MBA,Tier 3,Manufacturing,Startup,Male,10.0,36.0,3.37,3,2686481.0,411562.0,3098044.0
Product Manager,Pune,BTech,Tier 3,E-Commerce,Mid-size,Male,8.4,34.0,2.33,5,2773420.0,532023.0,3305443.0
Financial Analyst,Ahmedabad,MTech,Tier 2,FinTech,MNC,Male,10.9,34.0,3.67,2,2602397.0,465426.0,3067823.0
Marketing Manager,Delhi NCR,BTech,Tier 2,EdTech,Mid-size,Female,0.9,24.0,3.09,4,1418462.0,98502.0,1516963.0
HR Manager,Bangalore,BTech,Tier 1,Product Based,Mid-size,Male,9.5,30.0,3.71,5,3217198.0,504293.0,3721491.0
Data Scientist,Chennai,MBA,Tier 3,FinTech,Mid-size,Female,4.1,26.0,2.61,2,2527198.0,150019.0,2677217.0
DevOps Engineer,Ahmedabad,BTech,Tier 2,FinTech,Mid-size,Male,6.6,33.0,3.55,5,2497755.0,189912.0,2687666.0
Business Analyst,Bangalore,MTech,Tier 3,Product Based,Startup,Male,5.6,29.0,3.98,6,2502056.0,481211.0,2983267.0
Product Manager,Kolkata,,Tier 3,Manufacturing,MNC,Male,2.2,23.0,2.93,2,2073353.0,269000.0,2342353.0
Data Analyst,Pune,PhD,Tier 3,EdTech,Mid-size,Male,4.8,31.0,2.04,3,1938458.0,282582.0,2221040.0
Financial Analyst,Pune,BTech,Tier 3,Manufacturing,MNC,Male,4.6,31.0,3.56,7,1924520.0,390595.0,2315115.0
Marketing Manager,Kolkata,MBA,Tier 1,EdTech,MNC,Male,4.2,31.0,3.41,5,2266525.0,210833.0,2477357.0
Business Analyst,Ahmedabad,BTech,Tier 2,E-Commerce,Mid-size,Male,0.0,23.0,2.68,6,1022047.0,212919.0,1234966.0
Marketing Manager,Pune,BTech,Tier 3,EdTech,MNC,Female,7.4,27.0,3.28,7,1997493.0,416159.0,2413652.0
Backend Developer,Mumbai,,Tier 2,IT Services,Startup,Male,11.2,36.0,2.79,9,3012000.0,471795.0,3483795.0
Backend Developer,Kolkata,BTech,Tier 3,E-Commerce,Startup,Male,0.0,22.0,3.82,4,1413925.0,306620.0,1720544.0
Data Analyst,Chennai,BTech,Tier 2,Manufacturing,MNC,Female,8.8,36.0,3.18,6,1714529.0,388460.0,2102990.0
Data Scientist,Jaipur,,Tier 3,FinTech,Startup,Male,6.6,28.0,2.88,7,2106451.0,427694.0,2534145.0
Marketing Manager,Hyderabad,BTech,Tier 2,E-Commerce,Mid-size,Female,5.5,26.0,2.34,5,2019896.0,283589.0,2303484.0
Software Engineer,Delhi NCR,BTech,Tier 2,FinTech,MNC,Male,4.5,29.0,3.3,4,3016103.0,190232.0,3206336.0
HR Manager,Chennai,BTech,Tier 3,FinTech,MNC,Male,14.7,38.0,3.85,7,2787878.0,457351.0,3245229.0
Data Scientist,Bangalore,MTech,Tier 2,IT Services,Startup,Female,4.5,29.0,2.78,6,2197543.0,513819.0,2711362.0
Data Scientist,Kolkata,BTech,Tier 1,IT Services,MNC,Female,10.5,34.0,4.45,5,2728680.0,645618.0,3374298.0
Data Scientist,Ahmedabad,MTech,Tier 3,FinTech,MNC,Male,4.1,24.0,3.31,7,2365372.0,128287.0,2493659.0
HR Manager,Remote,BTech,Tier 2,EdTech,MNC,Male,2.9,25.0,,6,1937429.0,196128.0,2133556.0
Marketing Manager,Chennai,MBA,Tier 2,EdTech,MNC,Female,0.0,22.0,4.62,1,1268041.0,287854.0,1555895.0
DevOps Engineer,Mumbai,MBA,Tier 3,Manufacturing,MNC,Male,8.1,28.0,3.93,3,2759843.0,287800.0,3047643.0
HR Manager,Delhi NCR,MTech,Tier 1,E-Commerce,MNC,Male,8.8,34.0,2.03,3,3664454.0,634112.0,4298566.0
Financial Analyst,Ahmedabad,BTech,Tier 2,FinTech,MNC,Female,6.4,29.0,3.86,4,2332478.0,464166.0,2796644.0
Product Manager,Jaipur,BTech,Tier 3,FinTech,MNC,Male,2.9,28.0,2.77,3,2545667.0,207706.0,2753374.0
Data Analyst,Kolkata,MTech,Tier 1,Manufacturing,Startup,Female,10.5,34.0,3.61,4,1738295.0,274971.0,2013267.0
Backend Developer,Ahmedabad,BTech,Tier 2,Consulting,Mid-size,Female,4.4,29.0,2.75,4,1799104.0,201791.0,2000895.0
Frontend Developer,Kolkata,MTech,Tier 3,E-Commerce,Startup,Male,10.4,36.0,4.34,9,2060966.0,191919.0,2252885.0
Business Analyst,Pune,BTech,Tier 1,E-Commerce,Mid-size,Male,2.2,24.0,3.81,6,2386707.0,387422.0,2774129.0
Frontend Developer,Delhi NCR,MBA,Tier 3,Manufacturing,Startup,Male,8.8,30.0,3.4,10,2025637.0,458759.0,2484396.0
Financial Analyst,Jaipur,MBA,Tier 3,Product Based,MNC,Male,2.6,23.0,4.29,4,2184242.0,492627.0,2676869.0
Data Scientist,Mumbai,BTech,Tier 2,E-Commerce,Mid-size,Male,0.0,25.0,4.41,3,1964406.0,402773.0,2367179.0
HR Manager,Jaipur,MTech,Tier 3,EdTech,Startup,Male,9.7,31.0,2.71,3,1340611.0,273481.0,1614092.0
Financial Analyst,Pune,BTech,Tier 3,Manufacturing,Mid-size,Male,0.4,24.0,4.73,3,945762.0,188424.0,1134186.0
Frontend Developer,Bangalore,BTech,Tier 2,EdTech,MNC,Female,5.0,28.0,3.07,4,2299457.0,337599.0,2637057.0
Business Analyst,Ahmedabad,MTech,Tier 2,Manufacturing,Mid-size,Male,10.4,33.0,4.68,5,1743777.0,208180.0,1951957.0
Data Scientist,Bangalore,MTech,Tier 1,IT Services,MNC,Male,10.4,30.0,4.35,2,4222884.0,718347.0,4941231.0
HR Manager,Delhi NCR,BTech,Tier 3,IT Services,Startup,Female,4.6,29.0,3.43,10,1736353.0,390611.0,2126964.0
Data Analyst,Bangalore,MTech,Tier 2,Consulting,MNC,Male,0.0,21.0,4.73,11,2292173.0,478637.0,2770810.0
Backend Developer,Kolkata,MTech,Tier 1,IT Services,MNC,Male,4.4,28.0,,4,2379029.0,322858.0,2701887.0
Financial Analyst,Mumbai,MBA,Tier 1,FinTech,MNC,Male,1.0,28.0,3.31,2,2883770.0,163272.0,3047042.0
Data Scientist,Kolkata,MBA,Tier 2,Manufacturing,Startup,Male,7.5,26.0,3.06,2,1844788.0,413610.0,2258398.0
Product Manager,Bangalore,BTech,Tier 1,FinTech,MNC,Male,7.4,30.0,3.32,7,5816064.0,966021.0,6782085.0
AI Engineer,Ahmedabad,MTech,Tier 2,IT Services,Mid-size,Female,12.9,36.0,5.0,6,2373782.0,358761.0,2732544.0
Financial Analyst,Jaipur,MBA,Tier 3,E-Commerce,Mid-size,Female,5.3,32.0,3.3,4,1608735.0,234846.0,1843581.0
Product Manager,Pune,MTech,Tier 1,EdTech,Mid-size,Male,0.0,25.0,3.55,9,2627171.0,642529.0,3269700.0
AI Engineer,Mumbai,BTech,Tier 3,EdTech,Startup,Male,8.8,31.0,3.29,4,2406841.0,504967.0,2911808.0
Chartered Accountant,Mumbai,BTech,Tier 3,E-Commerce,MNC,Female,3.5,27.0,2.88,5,2712861.0,631678.0,3344540.0
Business Analyst,Remote,MTech,Tier 3,IT Services,Mid-size,Male,4.7,33.0,,3,2037551.0,380747.0,2418298.0
Frontend Developer,Bangalore,BTech,Tier 3,Consulting,MNC,Male,7.1,32.0,3.68,3,2770033.0,326625.0,3096658.0
Software Engineer,Mumbai,MTech,Tier 2,IT Services,Startup,Male,0.0,24.0,,3,1473244.0,83122.0,1556366.0
Data Analyst,Ahmedabad,MTech,Tier 3,EdTech,Startup,Male,6.8,28.0,3.24,6,1347976.0,237147.0,1585124.0
Backend Developer,Jaipur,MBA,Tier 2,IT Services,MNC,Male,7.0,32.0,3.91,1,2222756.0,221186.0,2443943.0
Business Analyst,Delhi NCR,BTech,Tier 2,Manufacturing,MNC,Male,3.3,27.0,3.4,5,1797601.0,186513.0,1984114.0
Financial Analyst,Hyderabad,BTech,Tier 2,E-Commerce,MNC,Male,2.1,25.0,2.79,5,2354166.0,271366.0,2625532.0
HR Manager,Kolkata,MBA,Tier 3,IT Services,Mid-size,Male,1.7,26.0,3.22,6,1391672.0,312861.0,1704533.0
Software Engineer,Ahmedabad,MBA,Tier 2,FinTech,Mid-size,Male,4.5,29.0,2.3,4,2265542.0,539542.0,2805084.0
DevOps Engineer,Pune,MBA,Tier 2,Product Based,MNC,Female,8.7,30.0,3.32,6,3970502.0,494784.0,4465285.0
Business Analyst,Jaipur,MBA,Tier 2,FinTech,Startup,Male,0.0,21.0,4.04,5,1558299.0,143901.0,1702200.0
HR Manager,Bangalore,MBA,Tier 2,IT Services,Mid-size,Male,6.1,28.0,1.61,3,2244691.0,146578.0,2391269.0
Business Analyst,Remote,BTech,Tier 1,IT Services,Mid-size,Male,3.5,27.0,3.66,4,1823382.0,375627.0,2199009.0
DevOps Engineer,Jaipur,BTech,Tier 1,Product Based,MNC,Male,7.3,33.0,3.56,8,3239928.0,413272.0,3653200.0
Frontend Developer,Ahmedabad,BTech,Tier 2,Product Based,Mid-size,Male,0.0,21.0,3.69,1,1305509.0,198496.0,1504005.0
Product Manager,Kolkata,BTech,Tier 2,Consulting,MNC,Male,6.0,27.0,3.39,7,3182523.0,485658.0,3668181.0
HR Manager,Kolkata,BTech,Tier 1,Consulting,Startup,Male,1.7,19.0,3.26,7,1728972.0,330932.0,2059904.0
Chartered Accountant,Bangalore,BTech,Tier 3,Consulting,MNC,Male,0.0,21.0,3.88,5,2138118.0,189138.0,2327256.0
Software Engineer,Remote,,Tier 3,FinTech,MNC,Male,1.3,28.0,2.44,10,2597822.0,382269.0,2980092.0
Financial Analyst,Jaipur,BTech,Tier 1,FinTech,Mid-size,Male,2.0,23.0,,6,2016127.0,338154.0,2354282.0
Data Analyst,Hyderabad,MTech,Tier 3,E-Commerce,Startup,Male,6.0,28.0,4.16,4,2156846.0,370851.0,2527697.0
Financial Analyst,Pune,MBA,Tier 2,Product Based,Startup,Male,4.4,26.0,2.65,7,2540037.0,411741.0,2951778.0
Data Analyst,Kolkata,BTech,Tier 1,Product Based,Mid-size,Male,7.7,30.0,2.7,5,2048858.0,486886.0,2535744.0
AI Engineer,Chennai,BTech,Tier 3,Product Based,Startup,Female,6.9,31.0,2.77,5,2144070.0,220455.0,2364526.0
Chartered Accountant,Bangalore,MTech,Tier 3,EdTech,MNC,Male,3.7,29.0,3.13,2,2444420.0,351172.0,2795591.0
Data Scientist,Bangalore,MTech,Tier 3,E-Commerce,Startup,Female,0.1,23.0,3.19,3,1689042.0,398487.0,2087529.0
Business Analyst,Delhi NCR,MTech,Tier 2,IT Services,MNC,Male,9.4,32.0,3.85,6,2865923.0,149408.0,3015331.0
Marketing Manager,Kolkata,BTech,Tier 3,Product Based,Mid-size,Male,8.2,31.0,2.64,4,1941246.0,425716.0,2366963.0
Product Manager,Delhi NCR,BTech,Tier 2,E-Commerce,Mid-size,Male,4.0,26.0,2.66,6,3052046.0,337651.0,3389697.0
Chartered Accountant,Kolkata,BTech,Tier 1,E-Commerce,Mid-size,Male,0.0,24.0,3.09,6,1930228.0,372224.0,2302452.0
Backend Developer,Mumbai,MTech,Tier 1,E-Commerce,Mid-size,Female,8.3,29.0,2.83,5,3223912.0,357819.0,3581732.0
Chartered Accountant,Hyderabad,BTech,Tier 3,E-Commerce,MNC,Male,3.5,30.0,2.36,3,2332091.0,211577.0,2543669.0
DevOps Engineer,Delhi NCR,BTech,Tier 2,Manufacturing,Mid-size,Female,0.0,24.0,3.65,4,1353954.0,245590.0,4227110.071386824
Marketing Manager,Delhi NCR,BTech,Tier 1,EdTech,MNC,Male,1.0,25.0,2.85,1,1867189.0,101042.0,1968231.0
Business Analyst,Delhi NCR,BTech,Tier 3,FinTech,Startup,Male,7.1,27.0,4.79,7,2159498.0,365276.0,2524774.0
Frontend Developer,Chennai,MTech,Tier 3,Consulting,MNC,Male,5.6,30.0,1.3,6,1997963.0,344815.0,2342778.0
Software Engineer,Bangalore,MTech,Tier 3,E-Commerce,Mid-size,Male,5.0,29.0,4.16,5,2233908.0,387475.0,2621384.0
Business Analyst,Pune,PhD,Tier 3,EdTech,MNC,Male,0.0,21.0,2.93,6,1307342.0,136149.0,1443491.0
Marketing Manager,Pune,MBA,Tier 2,IT Services,MNC,Female,8.2,31.0,3.36,2,2288618.0,320105.0,2608723.0
Business Analyst,Bangalore,,Tier 2,IT Services,Startup,Male,0.0,22.0,2.48,4,1220371.0,75454.0,1295825.0
DevOps Engineer,Pune,BTech,Tier 2,EdTech,Startup,Male,8.0,34.0,3.5,3,1873131.0,196158.0,2069288.0
Software Engineer,Mumbai,BTech,Tier 3,Product Based,Startup,Male,0.0,23.0,4.58,6,2082761.0,152302.0,2235063.0
Chartered Accountant,Kolkata,BTech,Tier 2,FinTech,MNC,Female,11.4,32.0,2.21,3,2580108.0,450935.0,3031042.0
Software Engineer,Kolkata,BTech,Tier 3,Product Based,MNC,Female,4.0,28.0,4.43,2,2283637.0,521589.0,2805226.0
Backend Developer,Remote,BTech,Tier 3,EdTech,Mid-size,Female,0.0,21.0,2.53,2,887899.0,206700.0,1094599.0
Financial Analyst,Bangalore,MTech,Tier 2,E-Commerce,MNC,Male,4.6,28.0,4.0,3,3178635.0,207166.0,3385800.0
Chartered Accountant,Delhi NCR,BTech,Tier 2,IT Services,Startup,Male,3.7,27.0,3.52,10,2357369.0,268237.0,2625606.0
AI Engineer,Jaipur,MTech,Tier 1,Consulting,Startup,Male,0.0,21.0,3.22,4,1918153.0,264152.0,2182305.0
Business Analyst,Delhi NCR,BTech,Tier 3,Product Based,MNC,Female,9.5,31.0,4.09,6,2858897.0,432745.0,3291642.0
Frontend Developer,Jaipur,BTech,Tier 3,IT Services,MNC,Male,1.1,26.0,1.72,4,881717.0,49693.0,931409.0
DevOps Engineer,Chennai,BTech,Tier 3,Manufacturing,Startup,Male,3.0,24.0,2.82,3,1284012.0,157765.0,1441777.0
DevOps Engineer,Chennai,BTech,Tier 3,E-Commerce,MNC,Male,6.1,30.0,3.68,3,2617575.0,392803.0,3010378.0
Frontend Developer,Hyderabad,BTech,Tier 2,E-Commerce,MNC,Male,0.4,26.0,3.11,5,1903137.0,464848.0,6257866.76852461
Business Analyst,Bangalore,MTech,Tier 2,FinTech,Mid-size,Female,7.6,30.0,4.12,7,2930918.0,632402.0,3563319.0
Marketing Manager,Delhi NCR,MTech,Tier 3,Consulting,MNC,Female,1.5,27.0,2.59,7,2500160.0,555944.0,3056104.0
Marketing Manager,Mumbai,,Tier 3,Consulting,MNC,Female,7.1,32.0,2.25,7,2895076.0,273385.0,3168461.0
Business Analyst,Remote,MBA,Tier 2,FinTech,MNC,Male,2.9,26.0,3.75,2,2388257.0,398295.0,2786552.0
Software Engineer,Ahmedabad,BTech,Tier 2,Manufacturing,Startup,Male,7.9,32.0,4.11,4,1628686.0,164747.0,1793433.0
Software Engineer,Ahmedabad,BTech,Tier 3,Manufacturing,MNC,Male,5.0,27.0,3.98,5,1637163.0,335914.0,1973076.0
Software Engineer,Jaipur,MTech,Tier 2,IT Services,Startup,Female,8.0,31.0,3.04,6,1535312.0,118828.0,1654139.0
Data Scientist,Chennai,MBA,Tier 3,FinTech,Startup,Female,0.0,22.0,,9,2008656.0,388529.0,2397185.0
Product Manager,Chennai,,Tier 2,Consulting,Startup,Male,3.9,26.0,,4,2500796.0,258178.0,2758973.0
Financial Analyst,Mumbai,BTech,Tier 3,Product Based,MNC,Male,9.1,31.0,3.82,3,2911881.0,290902.0,3202783.0
Backend Developer,Pune,BTech,Tier 3,Product Based,Startup,Male,11.8,34.0,,5,2424583.0,293105.0,2717688.0
Chartered Accountant,Jaipur,PhD,Tier 3,FinTech,Mid-size,Female,4.4,27.0,2.4,8,2033982.0,107312.0,2141294.0
Software Engineer,Pune,BTech,Tier 1,Manufacturing,Startup,Male,10.3,34.0,3.32,5,2045891.0,506751.0,2552642.0
Marketing Manager,Bangalore,MTech,Tier 3,Consulting,Mid-size,Female,1.1,22.0,1.78,4,1666104.0,84299.0,1750403.0
Data Scientist,Chennai,BTech,Tier 2,Manufacturing,Mid-size,Male,5.8,31.0,3.41,6,2120878.0,209152.0,2330030.0
Software Engineer,Kolkata,BTech,Tier 3,EdTech,Mid-size,Male,5.5,29.0,3.52,4,1609957.0,399623.0,2009579.0
HR Manager,Mumbai,,Tier 3,IT Services,MNC,Male,0.0,22.0,2.78,3,1440590.0,252076.0,1692666.0
Backend Developer,Pune,MBA,Tier 1,EdTech,MNC,Female,3.9,30.0,2.54,5,2574103.0,321154.0,2895257.0
Data Scientist,Kolkata,MBA,Tier 2,IT Services,MNC,Male,6.1,32.0,,7,2578067.0,568083.0,3146150.0
Product Manager,Ahmedabad,MBA,Tier 2,Consulting,Startup,Male,0.7,25.0,5.0,4,2152115.0,339410.0,2491525.0
Data Scientist,Pune,MBA,Tier 3,FinTech,Mid-size,Female,3.2,28.0,3.91,9,2597961.0,211437.0,2809398.0
Product Manager,Hyderabad,MBA,Tier 3,EdTech,Startup,Female,0.1,21.0,3.56,8,2034837.0,133545.0,2168382.0
Frontend Developer,Jaipur,BTech,Tier 3,EdTech,Startup,Female,9.8,35.0,3.24,8,1013513.0,219997.0,1233510.0
Marketing Manager,Chennai,MBA,Tier 3,IT Services,Mid-size,Female,13.8,35.0,3.45,6,2397554.0,499026.0,2896580.0
Business Analyst,Kolkata,MTech,Tier 3,Product Based,MNC,Male,7.6,30.0,2.38,4,2288474.0,500591.0,2789065.0
DevOps Engineer,Jaipur,MTech,Tier 3,FinTech,Mid-size,Female,2.7,27.0,2.81,6,1949958.0,130309.0,2080266.0
Business Analyst,Pune,BTech,Tier 1,EdTech,Startup,Male,1.3,25.0,3.42,8,1463794.0,325915.0,1789710.0
Data Scientist,Chennai,BTech,Tier 2,Product Based,Startup,Female,4.0,28.0,2.38,7,2179256.0,342920.0,2522176.0
Product Manager,Remote,BTech,Tier 3,E-Commerce,Startup,Female,0.0,23.0,4.85,6,2048218.0,178748.0,2226966.0
DevOps Engineer,Kolkata,MTech,Tier 1,Product Based,MNC,Male,0.0,22.0,,7,3412489.0,311418.0,3723906.0
Product Manager,Bangalore,BTech,Tier 3,E-Commerce,Mid-size,Male,10.3,35.0,,5,3149406.0,642775.0,3792181.0
Financial Analyst,Chennai,,Tier 2,Manufacturing,Startup,Male,8.6,29.0,2.79,4,1846772.0,170845.0,2017617.0
HR Manager,Kolkata,BTech,Tier 2,E-Commerce,Mid-size,Male,6.3,30.0,4.15,4,1981370.0,292429.0,2273799.0
Product Manager,Remote,MTech,Tier 2,FinTech,Mid-size,Male,2.1,21.0,3.96,2,2966684.0,404373.0,3371057.0
Financial Analyst,Ahmedabad,BTech,Tier 1,Consulting,Startup,Female,10.2,33.0,3.1,4,1913467.0,413801.0,2327268.0
HR Manager,Jaipur,MBA,Tier 2,Manufacturing,Startup,Male,7.0,28.0,3.3,6,1550029.0,209537.0,1759566.0
Marketing Manager,Mumbai,BTech,Tier 3,FinTech,Startup,Female,0.8,27.0,3.17,6,1713813.0,276079.0,1989892.0
Software Engineer,Hyderabad,MBA,Tier 2,FinTech,Startup,Female,5.1,29.0,2.74,6,2738260.0,231464.0,2969724.0
Software Engineer,Hyderabad,MTech,Tier 3,Product Based,Mid-size,Male,5.4,27.0,2.42,2,2524992.0,189371.0,7173238.857261667
Data Analyst,Ahmedabad,BTech,Tier 1,Manufacturing,Startup,Male,0.2,26.0,2.43,3,974463.0,52992.0,1027455.0
Marketing Manager,Pune,MTech,Tier 3,EdTech,MNC,Female,9.6,35.0,3.16,5,2331678.0,405757.0,2737434.0
Data Scientist,Hyderabad,MTech,Tier 2,E-Commerce,Startup,Male,8.0,32.0,2.46,6,2771147.0,584156.0,3355302.0
Financial Analyst,Jaipur,BTech,Tier 3,FinTech,Mid-size,Male,1.5,26.0,3.34,4,1060512.0,230024.0,1290536.0
Backend Developer,Hyderabad,BTech,Tier 3,Manufacturing,MNC,Female,7.3,33.0,2.68,3,1576182.0,345845.0,1922027.0
Backend Developer,Bangalore,BTech,Tier 2,E-Commerce,Startup,Male,2.8,28.0,2.18,2,1970983.0,223094.0,2194077.0
Data Analyst,Kolkata,MTech,Tier 2,Manufacturing,Startup,Male,6.2,26.0,3.96,6,1508936.0,207474.0,1716410.0
Marketing Manager,Kolkata,MBA,Tier 3,Manufacturing,MNC,Female,7.9,30.0,1.78,1,1737457.0,415467.0,2152925.0
Chartered Accountant,Jaipur,BTech,Tier 3,E-Commerce,Startup,Male,8.3,33.0,3.72,4,1643993.0,93543.0,1737537.0
DevOps Engineer,Chennai,BTech,Tier 3,E-Commerce,MNC,Female,8.0,32.0,4.26,5,2840629.0,670873.0,3511502.0
Frontend Developer,Jaipur,BTech,Tier 3,EdTech,Startup,Male,1.5,24.0,4.42,5,938031.0,161997.0,1100028.0
AI Engineer,Pune,MTech,Tier 2,EdTech,Startup,Male,0.0,24.0,4.33,3,1881813.0,166064.0,2047877.0
Business Analyst,Jaipur,MTech,Tier 2,IT Services,MNC,Male,6.7,33.0,3.89,2,1934198.0,468770.0,2402967.0
Data Analyst,Remote,BTech,Tier 3,Product Based,MNC,Male,6.2,29.0,2.1,10,2360296.0,397451.0,2757747.0
Data Analyst,Mumbai,BTech,Tier 3,EdTech,Mid-size,Female,3.7,25.0,3.79,3,1321698.0,262372.0,1584070.0
Software Engineer,Pune,BTech,Tier 2,Consulting,Startup,Female,3.6,28.0,2.93,4,1857994.0,331718.0,2189712.0
Data Scientist,Ahmedabad,BTech,Tier 2,FinTech,MNC,Male,7.4,30.0,4.04,7,2727308.0,271318.0,2998626.0
Product Manager,Remote,MBA,Tier 3,IT Services,Mid-size,Female,5.4,31.0,3.24,8,2475393.0,606223.0,3081616.0
Data Scientist,Remote,MTech,Tier 1,FinTech,MNC,Male,0.0,25.0,,8,2997177.0,481938.0,3479115.0
AI Engineer,Pune,BTech,Tier 2,Manufacturing,Startup,Male,2.2,24.0,4.05,6,1923667.0,158309.0,2081976.0
Marketing Manager,Bangalore,MTech,Tier 3,Consulting,Startup,Female,0.0,23.0,4.29,4,1442307.0,264607.0,1706914.0
Data Scientist,Chennai,BTech,Tier 2,FinTech,Startup,Male,2.4,22.0,3.74,1,2155712.0,456927.0,2612639.0
Data Analyst,Pune,MTech,Tier 3,EdTech,Mid-size,Female,8.8,35.0,3.68,5,1956753.0,131567.0,2088320.0
DevOps Engineer,Hyderabad,,Tier 3,Manufacturing,Startup,Female,6.2,30.0,3.55,4,1609605.0,236105.0,1845710.0
Software Engineer,Chennai,MBA,Tier 1,Manufacturing,Mid-size,Male,3.8,25.0,4.45,6,2128488.0,341981.0,2470469.0
Backend Developer,Mumbai,BTech,Tier 2,E-Commerce,MNC,Male,1.5,26.0,4.25,9,2678573.0,179613.0,2858186.0
DevOps Engineer,Ahmedabad,BTech,Tier 1,Manufacturing,MNC,Female,2.7,26.0,3.45,2,1957799.0,470869.0,2428668.0
Data Scientist,Kolkata,BTech,Tier 3,Consulting,MNC,Male,1.5,27.0,2.71,6,1907722.0,218017.0,2125738.0
AI Engineer,Ahmedabad,BTech,Tier 1,Manufacturing,Startup,Male,4.8,28.0,3.29,3,2090872.0,493233.0,2584105.0
Software Engineer,Remote,BTech,Tier 3,Manufacturing,Mid-size,Female,2.0,26.0,4.66,4,1251216.0,222602.0,1473818.0
DevOps Engineer,Bangalore,BTech,Tier 3,IT Services,Mid-size,Female,10.6,37.0,4.22,3,2486887.0,178320.0,2665207.0
Financial Analyst,Chennai,BTech,Tier 1,Consulting,Mid-size,Male,4.5,25.0,4.05,4,2133892.0,231549.0,2365441.0
Data Analyst,Kolkata,MBA,Tier 2,E-Commerce,Startup,Male,0.5,23.0,4.42,7,1554586.0,144589.0,1699175.0
Data Analyst,Chennai,BTech,Tier 3,E-Commerce,MNC,Male,5.5,28.0,4.12,5,2201530.0,310786.0,2512316.0
Software Engineer,Delhi NCR,BTech,Tier 2,FinTech,MNC,Male,10.8,36.0,3.09,3,3410267.0,473123.0,3883389.0
Backend Developer,Remote,MTech,Tier 2,IT Services,Mid-size,Female,2.0,22.0,3.36,3,1661412.0,376056.0,2037469.0
Data Scientist,Bangalore,MBA,Tier 3,Consulting,Mid-size,Female,0.0,25.0,,4,1909012.0,470017.0,2379029.0
Frontend Developer,Mumbai,BTech,Tier 1,IT Services,MNC,Female,1.0,25.0,3.17,6,2414249.0,402391.0,2816640.0
Frontend Developer,Mumbai,,Tier 3,E-Commerce,Startup,Male,5.7,27.0,3.18,7,2165541.0,299849.0,2465391.0
Financial Analyst,Pune,BTech,Tier 2,Product Based,MNC,Female,6.4,30.0,5.0,6,2907822.0,165286.0,3073108.0
Business Analyst,Ahmedabad,BTech,Tier 1,Product Based,Startup,Male,4.8,25.0,1.36,8,1756994.0,195383.0,1952377.0
Product Manager,Bangalore,MTech,Tier 3,FinTech,Startup,Female,1.2,25.0,3.39,5,3240951.0,531370.0,3772321.0
Data Scientist,Remote,BTech,Tier 1,Manufacturing,Startup,Male,7.1,27.0,1.89,6,1676711.0,273645.0,1950356.0
Data Scientist,Delhi NCR,MBA,Tier 3,Consulting,MNC,Male,4.9,26.0,4.24,10,3400176.0,214188.0,3614364.0
Financial Analyst,Remote,MTech,Tier 3,EdTech,Startup,Male,6.8,32.0,3.28,3,1842058.0,107322.0,1949381.0
Business Analyst,Chennai,MBA,Tier 3,FinTech,Startup,Female,3.6,28.0,2.31,7,1857417.0,256672.0,2114090.0
Backend Developer,Ahmedabad,BTech,Tier 2,FinTech,Mid-size,Female,12.1,34.0,2.06,1,2061938.0,475673.0,2537611.0
Backend Developer,Jaipur,MTech,Tier 2,IT Services,Mid-size,Male,0.0,24.0,2.7,5,1151423.0,175185.0,1326608.0
Marketing Manager,Pune,BTech,Tier 2,IT Services,MNC,Male,7.0,31.0,2.36,3,1992647.0,345621.0,2338269.0
Frontend Developer,Mumbai,MTech,Tier 2,EdTech,MNC,Female,0.0,23.0,3.24,6,1812603.0,202255.0,2014858.0
DevOps Engineer,Remote,BTech,Tier 3,FinTech,MNC,Female,11.4,35.0,2.89,4,2719777.0,640600.0,3360377.0
Software Engineer,Mumbai,PhD,Tier 1,Manufacturing,Mid-size,Male,6.5,30.0,4.15,3,2929156.0,653656.0,3582812.0
Marketing Manager,Chennai,MTech,Tier 3,Consulting,MNC,Male,0.0,25.0,3.3,8,1708615.0,331311.0,2039926.0
DevOps Engineer,Bangalore,MTech,Tier 2,E-Commerce,MNC,Female,5.3,29.0,4.84,9,3991761.0,952001.0,4943762.0
Financial Analyst,Jaipur,BTech,Tier 2,Manufacturing,Startup,Female,11.2,33.0,2.71,6,1382089.0,213201.0,1595290.0
Data Analyst,Hyderabad,MTech,Tier 1,E-Commerce,MNC,Male,0.0,22.0,2.76,5,2246025.0,259834.0,2505858.0
Financial Analyst,Kolkata,BTech,Tier 1,EdTech,MNC,Female,6.3,28.0,2.65,5,2031914.0,136573.0,2168487.0
HR Manager,Chennai,BTech,Tier 3,EdTech,MNC,Female,3.8,28.0,1.98,7,1803883.0,343399.0,2147282.0
Software Engineer,Remote,BTech,Tier 3,Consulting,MNC,Female,0.2,22.0,2.31,6,1282208.0,294656.0,1576864.0
Business Analyst,Pune,BTech,Tier 3,Consulting,MNC,Male,0.4,18.0,4.2,5,1678680.0,119038.0,1797719.0
Data Analyst,Delhi NCR,PhD,Tier 3,FinTech,MNC,Female,4.8,30.0,4.17,7,2897204.0,190034.0,3087238.0
HR Manager,Ahmedabad,MTech,Tier 1,Manufacturing,Startup,Female,3.2,27.0,3.32,7,1741235.0,307487.0,2048722.0
Product Manager,Remote,BTech,Tier 2,E-Commerce,Startup,Male,7.8,35.0,3.45,3,2611973.0,321032.0,2933006.0
Backend Developer,Pune,MTech,Tier 3,E-Commerce,Startup,Female,0.0,24.0,3.15,7,1547643.0,239132.0,1786776.0
Financial Analyst,Remote,BTech,Tier 2,Product Based,MNC,Male,0.0,24.0,,3,1701811.0,418141.0,2119953.0
Product Manager,Kolkata,,Tier 2,E-Commerce,Mid-size,Male,8.7,35.0,2.51,11,3378599.0,206754.0,3585353.0
Marketing Manager,Kolkata,MTech,Tier 1,Manufacturing,Startup,Male,0.9,28.0,4.95,4,1341465.0,215423.0,1556889.0
DevOps Engineer,Remote,BTech,Tier 1,IT Services,Startup,Male,7.5,30.0,3.06,8,2532952.0,458762.0,2991714.0
Financial Analyst,Kolkata,BTech,Tier 1,E-Commerce,MNC,Female,0.0,22.0,3.65,3,2004043.0,211395.0,2215438.0
Product Manager,Mumbai,BTech,Tier 3,Manufacturing,Mid-size,Male,7.8,33.0,3.99,3,2291098.0,300747.0,2591845.0
HR Manager,Remote,MTech,Tier 3,IT Services,MNC,Female,5.5,28.0,3.99,8,1947944.0,255325.0,2203269.0
Software Engineer,Bangalore,MTech,Tier 2,Product Based,Mid-size,Male,3.6,26.0,4.25,7,3132934.0,230020.0,3362953.0
Backend Developer,Kolkata,BTech,Tier 3,FinTech,MNC,Male,4.1,27.0,4.26,4,2126806.0,235197.0,2362003.0
DevOps Engineer,Kolkata,BTech,Tier 1,Consulting,Mid-size,Female,8.2,32.0,3.88,9,2690642.0,486568.0,3177210.0
Business Analyst,Pune,PhD,Tier 3,IT Services,Mid-size,Female,7.4,31.0,,3,1786964.0,191082.0,1978046.0
DevOps Engineer,Mumbai,BTech,Tier 3,E-Commerce,MNC,Male,6.8,34.0,3.57,10,3455275.0,785147.0,4240422.0
Product Manager,Delhi NCR,BTech,Tier 3,IT Services,Startup,Female,11.9,33.0,3.99,3,2751651.0,675561.0,3427212.0
AI Engineer,Ahmedabad,BTech,Tier 1,Product Based,MNC,Male,5.7,29.0,2.67,5,3787889.0,881749.0,4669638.0
HR Manager,Pune,BTech,Tier 2,Manufacturing,Mid-size,Male,0.8,25.0,2.82,8,1554779.0,133059.0,1687838.0
Financial Analyst,Hyderabad,MTech,Tier 2,IT Services,Mid-size,Female,3.9,27.0,3.57,1,1622660.0,94356.0,1717016.0
Software Engineer,Mumbai,MTech,Tier 1,Product Based,Mid-size,Male,5.0,31.0,,3,3534746.0,444323.0,3979068.0
Chartered Accountant,Mumbai,BTech,Tier 2,FinTech,Startup,Female,2.5,25.0,1.69,4,2115577.0,410887.0,2526464.0
Marketing Manager,Delhi NCR,,Tier 3,E-Commerce,Startup,Male,9.7,37.0,3.99,6,2121725.0,319584.0,2441309.0
Marketing Manager,Ahmedabad,MBA,Tier 1,Product Based,Startup,Male,9.4,34.0,2.74,3,2525991.0,511603.0,3037595.0
Chartered Accountant,Chennai,MBA,Tier 3,Product Based,MNC,Female,8.5,28.0,,8,3431988.0,216823.0,3648811.0
Frontend Developer,Ahmedabad,BTech,Tier 3,IT Services,Startup,Female,2.1,27.0,5.0,1,1335781.0,196726.0,1532506.0
Data Analyst,Kolkata,MTech,Tier 2,EdTech,MNC,Male,6.5,27.0,2.61,9,1760726.0,416412.0,2177139.0
Financial Analyst,Kolkata,,Tier 1,Manufacturing,Startup,Male,1.5,25.0,3.86,8,1529766.0,111273.0,1641040.0
Product Manager,Pune,MBA,Tier 1,EdTech,Startup,Male,4.0,25.0,2.82,5,3194526.0,426697.0,3621223.0
Frontend Developer,Kolkata,MTech,Tier 2,EdTech,Mid-size,Male,6.3,29.0,2.97,8,1818672.0,127683.0,1946355.0
DevOps Engineer,Delhi NCR,MTech,Tier 3,EdTech,MNC,Male,16.7,41.0,3.63,6,3190455.0,454255.0,3644710.0
Data Analyst,Hyderabad,BTech,Tier 3,EdTech,Mid-size,Male,2.4,24.0,4.41,4,1064449.0,207052.0,3360189.1887740176
Data Scientist,Chennai,MBA,Tier 3,Product Based,MNC,Male,8.0,33.0,4.97,6,3658138.0,648616.0,4306753.0
Data Analyst,Jaipur,BTech,Tier 3,E-Commerce,Mid-size,Female,6.3,29.0,3.88,8,1420467.0,110379.0,1530846.0
Financial Analyst,Kolkata,MTech,Tier 2,FinTech,Startup,Male,3.5,26.0,3.84,8,2260163.0,168474.0,2428637.0
Financial Analyst,Remote,MTech,Tier 3,Consulting,Mid-size,Female,6.1,32.0,4.06,2,1811889.0,106721.0,1918610.0
Business Analyst,Kolkata,BTech,Tier 3,IT Services,Mid-size,Male,9.9,34.0,3.36,3,1383669.0,100656.0,1484325.0
Data Scientist,Mumbai,BTech,Tier 1,IT Services,MNC,Female,0.0,25.0,4.19,6,2560510.0,534218.0,3094728.0
DevOps Engineer,Hyderabad,BTech,Tier 3,Consulting,Startup,Male,6.1,27.0,4.84,4,1877274.0,274477.0,2151751.0
DevOps Engineer,Ahmedabad,BTech,Tier 2,Product Based,MNC,Male,7.0,30.0,3.56,2,2564788.0,594290.0,8348485.837273965
Frontend Developer,Pune,MTech,Tier 2,Product Based,Mid-size,Male,5.0,25.0,1.83,3,2416470.0,398546.0,2815016.0
Data Scientist,Chennai,MBA,Tier 3,Consulting,Mid-size,Female,9.4,29.0,3.57,6,2434174.0,565009.0,2999183.0
Backend Developer,Pune,BTech,Tier 1,EdTech,MNC,Male,3.6,27.0,3.54,8,2552590.0,202738.0,2755328.0
Financial Analyst,Jaipur,BTech,Tier 3,Consulting,MNC,Female,3.1,26.0,,4,1309663.0,122588.0,1432251.0
Marketing Manager,Bangalore,MTech,Tier 2,Product Based,Mid-size,Female,0.0,26.0,2.45,2,1769953.0,97678.0,1867631.0
AI Engineer,Ahmedabad,BTech,Tier 1,FinTech,MNC,Female,9.1,32.0,3.8,10,4260189.0,587010.0,4847199.0
Marketing Manager,Bangalore,BTech,Tier 2,E-Commerce,Mid-size,Female,3.4,26.0,2.09,3,1738039.0,222077.0,1960117.0
Software Engineer,Bangalore,MTech,Tier 3,Product Based,Startup,Female,4.8,29.0,4.77,3,2895221.0,481966.0,3377187.0
Backend Developer,Delhi NCR,BTech,Tier 1,E-Commerce,MNC,Female,7.2,32.0,3.7,3,3044598.0,508141.0,3552739.0
HR Manager,Ahmedabad,BTech,Tier 3,E-Commerce,Mid-size,Male,0.7,23.0,3.28,5,1222458.0,136949.0,1359407.0
Business Analyst,Delhi NCR,PhD,Tier 1,Consulting,Mid-size,Male,4.5,24.0,2.62,1,2659224.0,608904.0,3268128.0
Frontend Developer,Bangalore,,Tier 3,E-Commerce,Mid-size,Male,5.4,30.0,3.24,4,2227934.0,366816.0,2594750.0
Frontend Developer,Kolkata,MBA,Tier 3,Product Based,Mid-size,Male,3.6,28.0,3.73,4,2067112.0,404987.0,2472099.0
Frontend Developer,Hyderabad,MBA,Tier 2,E-Commerce,Mid-size,Male,1.9,28.0,3.8,6,2347374.0,290199.0,2637574.0
HR Manager,Pune,MBA,Tier 2,E-Commerce,Mid-size,Male,13.1,37.0,3.27,7,2739395.0,571017.0,3310412.0
Data Analyst,Mumbai,BTech,Tier 2,Manufacturing,MNC,Female,11.9,34.0,3.33,3,2255735.0,397740.0,2653475.0
Backend Developer,Delhi NCR,MTech,Tier 2,E-Commerce,MNC,Male,3.9,24.0,3.45,5,2838771.0,484053.0,3322823.0
AI Engineer,Kolkata,BTech,Tier 2,IT Services,Startup,Female,0.0,19.0,2.79,6,1613323.0,355322.0,1968645.0
Marketing Manager,Bangalore,MBA,Tier 3,E-Commerce,Mid-size,Male,0.9,23.0,3.54,3,1710935.0,231535.0,1942470.0
Data Analyst,Chennai,BTech,Tier 1,E-Commerce,MNC,Male,1.6,25.0,2.79,6,2107124.0,447504.0,2554628.0
DevOps Engineer,Bangalore,MBA,Tier 2,IT Services,Startup,Female,3.6,25.0,2.96,6,2651267.0,267401.0,2918667.0
Software Engineer,Jaipur,BTech,Tier 3,FinTech,MNC,Female,5.8,29.0,4.15,4,1929697.0,281299.0,2210996.0
Chartered Accountant,Remote,BTech,Tier 2,Manufacturing,Startup,Male,6.9,28.0,3.56,4,1555966.0,127796.0,4449672.724237922
Data Scientist,Hyderabad,BTech,Tier 1,EdTech,Mid-size,Male,16.8,39.0,3.59,9,2926640.0,306157.0,3232797.0
Data Analyst,Hyderabad,PhD,Tier 1,Manufacturing,MNC,Male,4.2,26.0,3.75,7,2755410.0,148560.0,2903970.0
Frontend Developer,Remote,BTech,Tier 1,FinTech,MNC,Female,4.1,27.0,3.76,6,2963059.0,616794.0,3579852.0
Product Manager,Kolkata,BTech,Tier 3,EdTech,Startup,Male,7.8,31.0,1.8,7,1935292.0,429904.0,2365197.0
Product Manager,Pune,BTech,Tier 3,FinTech,Mid-size,Female,5.6,29.0,1.59,6,2743199.0,485958.0,3229157.0
Chartered Accountant,Ahmedabad,BTech,Tier 3,Product Based,Mid-size,Female,1.9,25.0,3.23,7,1823706.0,298756.0,2122462.0
Product Manager,Pune,MBA,Tier 3,FinTech,MNC,Male,9.3,34.0,2.0,5,4232099.0,644124.0,4876223.0
Chartered Accountant,Pune,BTech,Tier 1,FinTech,MNC,Male,14.8,39.0,3.19,5,4068801.0,412022.0,4480822.0
DevOps Engineer,Kolkata,BTech,Tier 3,E-Commerce,Mid-size,Female,1.7,26.0,2.92,2,1294901.0,105019.0,1399919.0
AI Engineer,Kolkata,BTech,Tier 1,Manufacturing,MNC,Male,0.0,20.0,2.68,2,1876424.0,356480.0,2232904.0
Financial Analyst,Kolkata,MBA,Tier 1,Manufacturing,Startup,Male,3.4,26.0,3.54,5,1822793.0,205329.0,2028122.0
Business Analyst,Chennai,BTech,Tier 3,Manufacturing,Mid-size,Male,13.4,37.0,4.15,6,1617278.0,186482.0,1803760.0
Chartered Accountant,Kolkata,MTech,Tier 2,Manufacturing,MNC,Male,4.6,26.0,4.84,13,2206873.0,489341.0,2696215.0
Product Manager,Ahmedabad,BTech,Tier 2,Manufacturing,Startup,Male,6.9,30.0,1.97,4,1666385.0,288876.0,1955261.0
Data Scientist,Kolkata,BTech,Tier 1,E-Commerce,MNC,Female,5.0,26.0,3.67,7,3010356.0,698110.0,3708465.0
Data Scientist,Remote,BTech,Tier 2,E-Commerce,MNC,Male,1.8,24.0,3.89,6,2451577.0,442034.0,2893611.0
Frontend Developer,Delhi NCR,MBA,Tier 2,IT Services,MNC,Male,1.9,25.0,4.04,2,2484755.0,292069.0,2776824.0
Financial Analyst,Hyderabad,MBA,Tier 3,EdTech,MNC,Male,14.5,42.0,3.02,6,2808217.0,207877.0,3016095.0
Chartered Accountant,Remote,MBA,Tier 1,Manufacturing,Startup,Female,12.2,34.0,4.15,5,2525290.0,365436.0,2890727.0
HR Manager,Mumbai,MBA,Tier 3,IT Services,MNC,Male,6.9,29.0,1.08,4,2134285.0,392715.0,2527000.0
AI Engineer,Delhi NCR,BTech,Tier 2,Manufacturing,Startup,Female,0.9,23.0,3.43,4,1987811.0,431853.0,2419665.0
Software Engineer,Delhi NCR,MBA,Tier 3,E-Commerce,MNC,Male,8.3,34.0,3.1,8,3460563.0,775639.0,4236202.0
HR Manager,Remote,MTech,Tier 3,IT Services,MNC,Male,3.1,25.0,3.66,8,2012359.0,452825.0,2465184.0
Data Analyst,Delhi NCR,BTech,Tier 1,Consulting,Mid-size,Male,9.3,28.0,3.05,3,2252442.0,436119.0,2688562.0
DevOps Engineer,Chennai,MBA,Tier 3,Product Based,Startup,Male,7.0,31.0,2.86,3,2704663.0,306837.0,3011499.0
Business Analyst,Jaipur,BTech,Tier 3,Product Based,Mid-size,Male,8.1,31.0,3.02,3,1621629.0,159712.0,1781341.0
HR Manager,Pune,MBA,Tier 2,Consulting,Startup,Female,8.1,28.0,2.55,5,2054630.0,164723.0,2219353.0
Chartered Accountant,Mumbai,MBA,Tier 2,IT Services,MNC,Male,0.0,24.0,3.68,6,2215817.0,211621.0,2427438.0
DevOps Engineer,Chennai,MTech,Tier 1,EdTech,Mid-size,Female,8.6,32.0,3.35,2,2333058.0,164753.0,2497811.0
Software Engineer,Ahmedabad,BTech,Tier 3,FinTech,Mid-size,Female,7.1,33.0,2.87,5,1618174.0,397183.0,2015357.0
Frontend Developer,Hyderabad,MTech,Tier 3,IT Services,Mid-size,Male,1.8,25.0,3.35,1,1400539.0,301965.0,1702504.0
Frontend Developer,Pune,BTech,Tier 2,E-Commerce,Startup,Male,4.4,27.0,4.87,4,1797018.0,134934.0,1931953.0
Data Analyst,Ahmedabad,BTech,Tier 3,IT Services,Mid-size,Female,8.9,32.0,2.87,4,1307385.0,135850.0,1443235.0
Product Manager,Chennai,MTech,Tier 2,E-Commerce,MNC,Female,2.2,26.0,3.06,3,3558551.0,186000.0,3744551.0
DevOps Engineer,Chennai,BTech,Tier 3,Consulting,Startup,Female,3.9,27.0,2.33,9,1772632.0,296645.0,2069277.0
Product Manager,Ahmedabad,BTech,Tier 3,IT Services,MNC,Male,0.0,25.0,3.4,1,1496860.0,370461.0,1867321.0
Data Analyst,Hyderabad,MTech,Tier 3,IT Services,Mid-size,Female,16.4,37.0,4.16,4,1987516.0,353145.0,2340660.0
Data Analyst,Mumbai,BTech,Tier 1,Consulting,Mid-size,Male,8.0,31.0,2.59,4,2298250.0,132863.0,2431113.0
Software Engineer,Ahmedabad,BTech,Tier 3,Product Based,MNC,Male,7.0,33.0,4.02,7,2396388.0,299755.0,2696143.0
DevOps Engineer,Kolkata,BTech,Tier 3,Consulting,Mid-size,Female,6.8,31.0,4.01,5,2090766.0,308860.0,2399626.0
Chartered Accountant,Chennai,BTech,Tier 2,FinTech,Mid-size,Female,12.4,35.0,3.43,7,2727603.0,591579.0,3319181.0
Business Analyst,Ahmedabad,BTech,Tier 3,IT Services,Mid-size,Female,3.6,27.0,2.76,1,895482.0,201346.0,1096828.0
DevOps Engineer,Remote,BTech,Tier 3,E-Commerce,Mid-size,Female,2.6,23.0,,6,2045815.0,328448.0,2374263.0
Backend Developer,Hyderabad,BTech,Tier 1,Consulting,Mid-size,Male,2.0,23.0,1.8,6,2118631.0,118277.0,2236907.0
AI Engineer,Bangalore,BTech,Tier 1,Product Based,Mid-size,Male,4.7,27.0,2.68,4,4091177.0,226798.0,4317975.0
Business Analyst,Delhi NCR,BTech,Tier 2,FinTech,Mid-size,Male,14.6,42.0,4.09,2,2628963.0,607583.0,3236546.0
Chartered Accountant,Ahmedabad,MTech,Tier 2,Manufacturing,Mid-size,Male,0.0,23.0,4.4,5,1498679.0,305807.0,1804486.0
Business Analyst,Jaipur,PhD,Tier 3,E-Commerce,Mid-size,Male,11.2,32.0,3.36,5,2175702.0,244116.0,2419818.0
Backend Developer,Bangalore,,Tier 3,E-Commerce,Mid-size,Male,0.0,26.0,2.44,2,1442949.0,231716.0,1674664.0
AI Engineer,Jaipur,MTech,Tier 3,Product Based,Mid-size,Male,6.8,32.0,3.71,1,2310493.0,240893.0,2551386.0
AI Engineer,Delhi NCR,MTech,Tier 2,Product Based,Mid-size,Male,1.6,26.0,4.08,8,3691516.0,810344.0,4501860.0
DevOps Engineer,Ahmedabad,MBA,Tier 3,IT Services,Startup,Male,6.0,32.0,4.82,1,1688615.0,215791.0,1904406.0
Marketing Manager,Kolkata,BTech,Tier 3,Consulting,Mid-size,Male,8.4,34.0,,6,2044637.0,317184.0,2361821.0
Chartered Accountant,Mumbai,MBA,Tier 2,IT Services,MNC,Female,6.6,29.0,3.35,3,3009874.0,597604.0,3607478.0
Data Scientist,Pune,BTech,Tier 3,FinTech,Startup,Male,0.1,27.0,4.48,6,2014308.0,278925.0,2293233.0
DevOps Engineer,Remote,MTech,Tier 2,Consulting,Startup,Male,7.9,32.0,3.32,9,2474776.0,372677.0,2847453.0
Financial Analyst,Remote,BTech,Tier 2,Product Based,MNC,Male,1.8,25.0,2.62,3,1966658.0,182473.0,2149131.0
AI Engineer,Chennai,MTech,Tier 2,Product Based,Startup,Female,0.0,21.0,3.16,5,2513683.0,266692.0,2780375.0
Data Analyst,Jaipur,,Tier 2,Manufacturing,Startup,Male,8.0,30.0,3.73,5,1385198.0,71897.0,1457094.0
Software Engineer,Mumbai,BTech,Tier 1,Manufacturing,Startup,Male,12.3,33.0,2.56,6,2473775.0,362544.0,2836319.0
Financial Analyst,Pune,PhD,Tier 3,IT Services,MNC,Male,1.7,23.0,2.72,5,1813627.0,111179.0,1924806.0
AI Engineer,Remote,BTech,Tier 2,E-Commerce,Mid-size,Female,9.5,36.0,3.57,3,2400338.0,457177.0,2857515.0
Data Analyst,Mumbai,BTech,Tier 3,IT Services,Mid-size,Male,0.0,20.0,2.71,6,1213369.0,212678.0,1426047.0
Marketing Manager,Kolkata,BTech,Tier 1,Manufacturing,Startup,Male,6.8,29.0,2.58,5,1533861.0,214433.0,1748294.0
Business Analyst,Remote,BTech,Tier 2,Consulting,MNC,Male,3.2,28.0,3.5,2,2074777.0,286394.0,2361171.0
Frontend Developer,Delhi NCR,BTech,Tier 3,IT Services,Startup,Male,8.6,30.0,3.45,5,1822385.0,215755.0,2038140.0
Marketing Manager,Pune,BTech,Tier 3,EdTech,Mid-size,Male,2.0,22.0,2.33,4,1181941.0,288213.0,1470154.0
Marketing Manager,Ahmedabad,MTech,Tier 2,EdTech,Startup,Male,0.0,22.0,4.16,5,1038010.0,148854.0,1186863.0
AI Engineer,Ahmedabad,BTech,Tier 3,IT Services,MNC,Male,7.6,32.0,2.89,7,2318591.0,267928.0,2586518.0
DevOps Engineer,Remote,BTech,Tier 3,Consulting,MNC,Male,3.1,27.0,3.18,7,2315475.0,167909.0,2483383.0
Software Engineer,Kolkata,BTech,Tier 2,EdTech,MNC,Female,6.8,25.0,2.19,5,1966231.0,226898.0,2193129.0
Business Analyst,Ahmedabad,BTech,Tier 2,IT Services,MNC,Male,0.8,22.0,3.57,7,1398116.0,306354.0,1704471.0
Data Scientist,Hyderabad,MBA,Tier 2,Product Based,Mid-size,Male,10.8,33.0,3.68,2,3287893.0,284024.0,3571917.0
Financial Analyst,Jaipur,BTech,Tier 3,Product Based,MNC,Female,0.0,24.0,2.32,8,1617184.0,273795.0,1890979.0
Financial Analyst,Delhi NCR,BTech,Tier 2,IT Services,Mid-size,Male,0.0,24.0,2.76,4,1324370.0,187160.0,1511530.0
Product Manager,Remote,MTech,Tier 1,IT Services,Mid-size,Female,11.5,35.0,4.27,6,3244853.0,293164.0,3538016.0
Software Engineer,Chennai,BTech,Tier 1,IT Services,Startup,Male,0.0,22.0,3.35,4,1313231.0,116226.0,1429457.0
Backend Developer,Delhi NCR,BTech,Tier 3,EdTech,Startup,Male,4.2,28.0,3.66,6,1839054.0,451922.0,2290976.0
HR Manager,Kolkata,BTech,Tier 3,FinTech,Mid-size,Male,6.0,30.0,3.48,4,1925995.0,141012.0,2067007.0
Frontend Developer,Mumbai,,Tier 2,EdTech,MNC,Male,12.6,39.0,3.89,3,2568641.0,481157.0,3049797.0
Marketing Manager,Remote,MBA,Tier 3,Consulting,Mid-size,Male,0.0,19.0,3.73,2,1284054.0,263778.0,1547832.0
Software Engineer,Delhi NCR,MTech,Tier 2,EdTech,MNC,Male,8.1,29.0,4.96,3,2955734.0,184764.0,3140498.0
Financial Analyst,Chennai,,Tier 2,Manufacturing,Mid-size,Male,3.9,26.0,3.72,4,1411290.0,145827.0,1557117.0
Financial Analyst,Remote,MTech,Tier 2,Product Based,Startup,Male,0.0,26.0,3.13,6,1401780.0,311068.0,1712848.0
Business Analyst,Hyderabad,BTech,Tier 2,E-Commerce,Startup,Male,7.2,32.0,3.58,10,1953535.0,119559.0,2073095.0
Backend Developer,Bangalore,BTech,Tier 2,Manufacturing,Mid-size,Male,4.5,28.0,3.49,6,1848777.0,195600.0,2044377.0
Marketing Manager,Delhi NCR,BTech,Tier 3,FinTech,Mid-size,Male,14.3,37.0,3.59,1,2428282.0,345019.0,2773301.0
Business Analyst,Hyderabad,BTech,Tier 3,Product Based,MNC,Female,5.4,27.0,3.13,8,2474669.0,169895.0,2644564.0
DevOps Engineer,Remote,MBA,Tier 2,Manufacturing,Mid-size,Male,3.9,25.0,2.85,5,1843529.0,446960.0,2290489.0
Product Manager,Delhi NCR,BTech,Tier 3,Product Based,Mid-size,Male,15.5,38.0,3.43,7,3792267.0,807282.0,4599549.0
Backend Developer,Jaipur,BTech,Tier 2,FinTech,MNC,Female,6.1,28.0,,8,2327692.0,262681.0,2590373.0
AI Engineer,Hyderabad,MTech,Tier 2,IT Services,Startup,Male,4.3,26.0,2.92,9,2767706.0,666645.0,3434351.0
Business Analyst,Mumbai,BTech,Tier 1,Product Based,MNC,Male,3.9,25.0,4.3,4,3272781.0,674783.0,3947565.0
Chartered Accountant,Mumbai,MTech,Tier 3,EdTech,MNC,Male,6.4,30.0,4.11,5,2919770.0,486701.0,3406470.0
AI Engineer,Ahmedabad,BTech,Tier 2,E-Commerce,Startup,Male,8.9,32.0,1.96,2,2304827.0,573411.0,2878238.0
Backend Developer,Jaipur,MBA,Tier 2,E-Commerce,MNC,Male,11.2,34.0,3.93,5,2672796.0,553056.0,3225852.0
Software Engineer,Chennai,BTech,Tier 2,Product Based,Mid-size,Male,6.0,30.0,2.25,2,2106384.0,461182.0,2567566.0
Data Scientist,Pune,BTech,Tier 3,E-Commerce,MNC,Male,8.6,32.0,3.47,3,2918432.0,562868.0,3481299.0
AI Engineer,Ahmedabad,BTech,Tier 3,EdTech,Startup,Male,8.3,31.0,4.33,8,1905852.0,293390.0,2199243.0
Frontend Developer,Hyderabad,PhD,Tier 2,FinTech,Startup,Male,4.7,24.0,2.63,3,2752826.0,397965.0,3150791.0
Frontend Developer,Chennai,BTech,Tier 3,Manufacturing,MNC,Female,0.0,22.0,3.47,2,1093401.0,242054.0,1335455.0
Marketing Manager,Chennai,BTech,Tier 3,Product Based,Mid-size,Female,11.4,34.0,3.6,5,2169480.0,301306.0,2470786.0
Data Analyst,Bangalore,MTech,Tier 2,Manufacturing,MNC,Female,7.9,26.0,4.22,2,2276411.0,488845.0,2765256.0
Data Scientist,Chennai,BTech,Tier 2,Consulting,MNC,Male,3.0,28.0,5.0,6,2687648.0,484605.0,3172253.0
Software Engineer,Kolkata,BTech,Tier 2,FinTech,MNC,Male,0.0,24.0,4.27,5,1750020.0,320563.0,2070583.0
Marketing Manager,Ahmedabad,BTech,Tier 3,EdTech,MNC,Male,13.4,39.0,3.78,4,1825488.0,161965.0,1987453.0
AI Engineer,Mumbai,BTech,Tier 2,IT Services,Startup,Male,7.2,29.0,3.16,6,2541661.0,484398.0,3026058.0
Data Analyst,Mumbai,MTech,Tier 2,Product Based,Startup,Male,9.0,34.0,3.4,4,2763291.0,431154.0,3194445.0
Financial Analyst,Mumbai,BTech,Tier 1,FinTech,Startup,Male,3.1,28.0,3.38,2,1953827.0,133504.0,2087331.0
Backend Developer,Jaipur,BTech,Tier 3,Manufacturing,Startup,Male,0.9,24.0,4.68,12,1219631.0,66456.0,1286088.0
Business Analyst,Hyderabad,BTech,Tier 2,E-Commerce,Startup,Male,3.4,25.0,5.0,6,1990575.0,228691.0,2219266.0
Product Manager,Chennai,BTech,Tier 1,Product Based,Startup,Male,8.4,30.0,3.29,7,4080472.0,291417.0,4371889.0
DevOps Engineer,Remote,BTech,Tier 1,Manufacturing,Mid-size,Male,6.2,26.0,3.04,6,2203147.0,365108.0,2568255.0
Financial Analyst,Pune,MTech,Tier 2,EdTech,MNC,Female,2.2,26.0,3.81,3,1656517.0,175362.0,1831879.0
Backend Developer,Kolkata,,Tier 2,IT Services,Mid-size,Female,3.1,24.0,3.58,4,1443610.0,86270.0,1529880.0
Chartered Accountant,Remote,BTech,Tier 1,Consulting,Mid-size,Male,4.9,28.0,3.83,6,2430992.0,555590.0,2986581.0
Backend Developer,Chennai,,Tier 2,E-Commerce,Startup,Female,3.9,22.0,3.0,8,1833900.0,259644.0,2093544.0
Software Engineer,Mumbai,BTech,Tier 3,FinTech,Startup,Male,6.7,33.0,3.32,6,2538330.0,311999.0,2850329.0
Marketing Manager,Pune,BTech,Tier 2,FinTech,Mid-size,Male,9.8,33.0,3.48,4,2531867.0,607444.0,3139311.0
Business Analyst,Pune,MBA,Tier 2,Manufacturing,MNC,Female,2.8,24.0,3.14,5,1750202.0,237233.0,1987434.0
AI Engineer,Kolkata,MTech,Tier 3,E-Commerce,Startup,Male,4.0,30.0,3.0,8,2232773.0,446113.0,2678886.0
Chartered Accountant,Chennai,BTech,Tier 1,FinTech,MNC,Male,6.5,28.0,2.75,6,3364774.0,671727.0,4036501.0
Data Analyst,Mumbai,BTech,Tier 3,IT Services,Mid-size,Male,4.7,31.0,4.17,4,1555488.0,146836.0,1702324.0
Software Engineer,Chennai,,Tier 3,E-Commerce,Startup,Female,4.9,26.0,3.26,1,1753849.0,432409.0,2186258.0
Backend Developer,Jaipur,BTech,Tier 2,IT Services,Startup,Male,4.1,25.0,,3,1370501.0,310675.0,1681175.0
HR Manager,Hyderabad,MBA,Tier 2,FinTech,Mid-size,Male,5.5,26.0,3.7,1,2465910.0,580219.0,3046129.0
Marketing Manager,Chennai,,Tier 2,Consulting,Startup,Female,4.4,28.0,3.43,3,1795971.0,208445.0,2004416.0
DevOps Engineer,Jaipur,BTech,Tier 1,IT Services,MNC,Female,7.9,31.0,3.67,5,2530972.0,491121.0,3022094.0
Data Analyst,Mumbai,BTech,Tier 2,E-Commerce,Mid-size,Male,5.3,29.0,3.19,4,2225458.0,340564.0,2566021.0
Chartered Accountant,Pune,BTech,Tier 2,Product Based,Mid-size,Female,3.6,27.0,3.96,7,2433411.0,519517.0,2952928.0
AI Engineer,Kolkata,BTech,Tier 2,EdTech,MNC,Male,13.0,38.0,4.33,7,2480652.0,454464.0,2935116.0
Data Analyst,Remote,BTech,Tier 1,Consulting,MNC,Male,13.4,39.0,2.5,6,2679681.0,174688.0,2854369.0
Data Scientist,Bangalore,,Tier 1,Product Based,Mid-size,Male,2.9,26.0,3.47,6,3358665.0,509938.0,3868603.0
HR Manager,Pune,BTech,Tier 2,Consulting,MNC,Male,6.1,30.0,,5,2467088.0,200027.0,2667115.0
Data Scientist,Delhi NCR,MBA,Tier 2,Consulting,Startup,Female,2.0,25.0,4.46,5,2266155.0,408611.0,2674766.0
Business Analyst,Hyderabad,MTech,Tier 3,FinTech,MNC,Male,0.0,21.0,3.61,7,1883379.0,230431.0,2113810.0
Product Manager,Jaipur,MTech,Tier 3,Manufacturing,Mid-size,Male,0.0,22.0,2.79,7,1218959.0,255416.0,1474375.0
HR Manager,Remote,BTech,Tier 3,Consulting,MNC,Male,2.5,27.0,2.37,4,1536952.0,187448.0,1724400.0
Backend Developer,Hyderabad,MBA,Tier 2,Consulting,Startup,Male,2.8,26.0,3.38,9,2216932.0,351101.0,2568034.0
Software Engineer,Chennai,BTech,Tier 2,FinTech,Mid-size,Male,12.2,34.0,2.31,3,2599512.0,505631.0,3105143.0
Data Scientist,Kolkata,MBA,Tier 1,Product Based,Mid-size,Male,11.9,36.0,5.0,4,3649118.0,894508.0,4543625.0
Data Analyst,Bangalore,BTech,Tier 2,Manufacturing,Startup,Male,0.0,24.0,3.86,10,1248348.0,200770.0,1449118.0
Data Scientist,Jaipur,BTech,Tier 2,EdTech,Mid-size,Male,3.0,29.0,3.62,2,1593862.0,218346.0,1812208.0
Chartered Accountant,Pune,PhD,Tier 1,IT Services,Startup,Female,8.7,32.0,2.71,4,2598398.0,370881.0,2969279.0
Chartered Accountant,Delhi NCR,BTech,Tier 3,IT Services,Startup,Female,7.5,31.0,4.18,3,1762885.0,399866.0,2162751.0
Financial Analyst,Jaipur,MTech,Tier 2,Product Based,Startup,Male,3.3,24.0,3.56,5,1786849.0,398570.0,2185420.0
Marketing Manager,Hyderabad,BTech,Tier 3,Manufacturing,MNC,Female,0.5,26.0,2.77,8,1457386.0,134522.0,1591908.0
Product Manager,Mumbai,BTech,Tier 3,IT Services,MNC,Male,8.3,31.0,2.52,7,3358047.0,734145.0,4092192.0
Frontend Developer,Kolkata,BTech,Tier 1,Product Based,Mid-size,Male,0.0,23.0,3.74,5,1666746.0,257771.0,1924517.0
Chartered Accountant,Pune,PhD,Tier 3,EdTech,Startup,Male,7.8,30.0,4.24,6,2110415.0,466438.0,2576853.0
Backend Developer,Remote,BTech,Tier 2,FinTech,Mid-size,Male,7.5,31.0,2.78,6,2076526.0,206379.0,2282905.0
Backend Developer,Pune,MBA,Tier 2,Manufacturing,MNC,Male,6.9,27.0,,4,2489299.0,509811.0,2999110.0
Business Analyst,Pune,MBA,Tier 3,Consulting,Startup,Male,0.0,18.0,3.88,4,1449511.0,294468.0,1743979.0
Data Analyst,Ahmedabad,BTech,Tier 3,EdTech,Mid-size,Male,6.9,27.0,2.6,2,1387974.0,318643.0,1706617.0
Backend Developer,Jaipur,BTech,Tier 1,Manufacturing,MNC,Male,7.5,32.0,3.45,8,1714738.0,274675.0,1989413.0
Product Manager,Pune,MBA,Tier 2,Consulting,MNC,Male,13.0,37.0,3.06,2,4242693.0,639911.0,4882604.0
Software Engineer,Jaipur,BTech,Tier 1,FinTech,Mid-size,Male,2.9,25.0,4.35,5,1971946.0,291571.0,2263517.0
Financial Analyst,Pune,BTech,Tier 2,IT Services,MNC,Male,0.0,25.0,3.02,5,1380163.0,209450.0,1589613.0
Software Engineer,Chennai,BTech,Tier 2,E-Commerce,Startup,Male,3.4,26.0,2.95,6,1832100.0,162731.0,1994831.0
Chartered Accountant,Bangalore,BTech,Tier 3,EdTech,MNC,Female,4.8,32.0,,4,1870782.0,104172.0,1974953.0
Software Engineer,Delhi NCR,BTech,Tier 3,E-Commerce,Startup,Male,0.0,19.0,3.32,6,1523972.0,306716.0,1830688.0
Chartered Accountant,Kolkata,BTech,Tier 1,FinTech,Mid-size,Female,2.9,24.0,2.94,2,2170535.0,194724.0,2365259.0
Business Analyst,Bangalore,BTech,Tier 2,E-Commerce,Mid-size,Male,0.9,24.0,2.45,7,1642250.0,179616.0,1821866.0
DevOps Engineer,Mumbai,BTech,Tier 2,IT Services,Startup,Female,7.8,30.0,4.52,5,2015474.0,132211.0,2147685.0
Backend Developer,Ahmedabad,MBA,Tier 3,Product Based,Mid-size,Female,6.7,31.0,2.73,4,2082485.0,490645.0,2573130.0
Data Analyst,Hyderabad,BTech,Tier 1,EdTech,Startup,Male,0.0,23.0,4.79,7,1463591.0,156047.0,1619638.0
HR Manager,Bangalore,BTech,Tier 2,IT Services,Mid-size,Male,8.3,33.0,4.07,6,2207160.0,504596.0,2711755.0
Marketing Manager,Kolkata,MBA,Tier 2,FinTech,Startup,Female,4.3,30.0,4.29,6,2293580.0,243506.0,2537086.0
Data Scientist,Chennai,BTech,Tier 3,Product Based,Mid-size,Male,4.5,27.0,4.13,3,2550617.0,221440.0,2772057.0
Data Analyst,Delhi NCR,BTech,Tier 3,Product Based,MNC,Female,6.8,30.0,4.9,7,2816808.0,375816.0,3192624.0
HR Manager,Bangalore,MTech,Tier 2,Consulting,MNC,Male,7.2,28.0,3.1,3,2986944.0,232186.0,3219130.0
AI Engineer,Chennai,MBA,Tier 1,Manufacturing,Mid-size,Male,3.0,25.0,3.18,6,2871648.0,620529.0,3492177.0
Chartered Accountant,Delhi NCR,BTech,Tier 2,Consulting,MNC,Male,6.6,28.0,4.0,10,3202634.0,297683.0,3500317.0
HR Manager,Kolkata,BTech,Tier 2,IT Services,MNC,Male,8.5,30.0,3.78,5,2123348.0,425579.0,2548927.0
Business Analyst,Jaipur,BTech,Tier 3,IT Services,Startup,Male,0.0,23.0,4.24,5,815947.0,169513.0,985460.0
Data Analyst,Remote,BTech,Tier 3,Product Based,Mid-size,Male,2.1,27.0,1.86,5,1470365.0,315053.0,1785417.0
Data Analyst,Ahmedabad,BTech,Tier 2,Consulting,MNC,Male,9.8,31.0,3.76,8,2262031.0,415517.0,2677547.0
Product Manager,Remote,MTech,Tier 3,E-Commerce,Startup,Male,12.4,37.0,3.58,2,2969927.0,694262.0,3664189.0
Product Manager,Delhi NCR,BTech,Tier 2,EdTech,Mid-size,Male,7.3,32.0,4.49,6,2790035.0,315410.0,3105445.0
Backend Developer,Kolkata,MBA,Tier 3,Consulting,Mid-size,Male,4.5,30.0,2.59,4,1573242.0,84726.0,1657968.0
Data Scientist,Kolkata,MTech,Tier 2,Consulting,MNC,Male,6.4,31.0,3.23,4,2598651.0,530882.0,3129534.0
HR Manager,Remote,BTech,Tier 3,FinTech,Mid-size,Male,7.7,29.0,4.57,2,1965495.0,451923.0,2417418.0
DevOps Engineer,Chennai,PhD,Tier 3,E-Commerce,Startup,Female,8.7,29.0,2.21,7,2337704.0,201979.0,2539683.0
Chartered Accountant,Pune,,Tier 1,FinTech,Mid-size,Male,4.1,25.0,3.63,4,2673234.0,369794.0,3043028.0
Chartered Accountant,Bangalore,MBA,Tier 2,Manufacturing,Startup,Male,5.2,27.0,3.85,3,2501508.0,229595.0,2731103.0
Financial Analyst,Chennai,BTech,Tier 3,IT Services,MNC,Male,6.9,28.0,3.21,3,2024196.0,191763.0,2215959.0
Marketing Manager,Ahmedabad,BTech,Tier 2,EdTech,Mid-size,Male,5.8,29.0,3.54,2,1248661.0,141204.0,1389865.0
HR Manager,Pune,MBA,Tier 2,IT Services,Startup,Male,6.0,27.0,3.14,8,2066491.0,416639.0,2483131.0
Chartered Accountant,Chennai,BTech,Tier 3,EdTech,Mid-size,Male,1.2,23.0,2.66,6,1274244.0,125886.0,1400130.0
Chartered Accountant,Kolkata,BTech,Tier 1,Product Based,Startup,Male,6.0,32.0,4.98,11,2813679.0,149545.0,2963224.0
Product Manager,Remote,MTech,Tier 3,Product Based,MNC,Male,11.6,32.0,4.15,14,4530443.0,403787.0,4934230.0
Data Scientist,Bangalore,MBA,Tier 2,IT Services,Startup,Female,4.8,28.0,4.09,6,2573988.0,494555.0,3068542.0
Product Manager,Bangalore,BTech,Tier 3,Consulting,Mid-size,Female,9.0,32.0,2.97,5,2933054.0,618072.0,3551126.0
DevOps Engineer,Ahmedabad,BTech,Tier 1,IT Services,Mid-size,Female,4.6,26.0,3.88,4,1808450.0,275672.0,2084122.0
HR Manager,Jaipur,BTech,Tier 2,IT Services,Startup,Male,4.0,27.0,5.0,2,1094119.0,233363.0,1327482.0
Financial Analyst,Hyderabad,BTech,Tier 3,Product Based,Startup,Female,9.4,35.0,,6,2109244.0,391688.0,2500933.0
Financial Analyst,Bangalore,MTech,Tier 2,EdTech,Mid-size,Male,4.1,28.0,3.48,4,2048230.0,302619.0,2350850.0
Product Manager,Mumbai,MBA,Tier 3,Consulting,Mid-size,Male,4.0,27.0,3.55,3,3193592.0,251483.0,3445074.0
Backend Developer,Delhi NCR,,Tier 3,EdTech,Startup,Male,7.2,30.0,4.41,4,1809877.0,236280.0,2046157.0
Marketing Manager,Ahmedabad,BTech,Tier 2,FinTech,Mid-size,Male,0.0,20.0,,6,1496598.0,246391.0,1742989.0
DevOps Engineer,Kolkata,MTech,Tier 2,Manufacturing,MNC,Female,5.5,29.0,2.51,4,2226572.0,136126.0,2362697.0
HR Manager,Ahmedabad,BTech,Tier 1,FinTech,Mid-size,Female,0.0,25.0,3.93,6,1467658.0,321733.0,1789391.0
Product Manager,Delhi NCR,BTech,Tier 3,Manufacturing,Mid-size,Male,7.2,26.0,2.39,6,2269326.0,442471.0,2711797.0
Data Analyst,Jaipur,BTech,Tier 2,FinTech,Mid-size,Male,11.6,33.0,4.65,2,1959839.0,103655.0,2063494.0
Financial Analyst,Kolkata,MBA,Tier 2,IT Services,Mid-size,Female,3.9,28.0,3.61,5,1890459.0,104865.0,1995324.0
Financial Analyst,Kolkata,BTech,Tier 3,E-Commerce,MNC,Male,5.7,28.0,2.85,5,1974946.0,158190.0,2133137.0
Software Engineer,Remote,BTech,Tier 3,Manufacturing,Mid-size,Male,11.3,37.0,3.0,4,1618613.0,82884.0,1701497.0
HR Manager,Jaipur,BTech,Tier 3,E-Commerce,Startup,Male,1.2,24.0,2.4,9,1196498.0,267840.0,1464338.0
Frontend Developer,Jaipur,BTech,Tier 2,EdTech,Mid-size,Female,2.3,26.0,5.0,3,1087919.0,102588.0,1190507.0
Software Engineer,Mumbai,BTech,Tier 2,FinTech,MNC,Male,5.1,29.0,2.48,5,3167186.0,228433.0,3395619.0
AI Engineer,Chennai,,Tier 2,Product Based,MNC,Female,3.7,28.0,2.31,6,3081765.0,366207.0,3447972.0
Software Engineer,Kolkata,PhD,Tier 2,EdTech,MNC,Male,10.2,34.0,3.46,6,2761581.0,499552.0,3261133.0
Data Scientist,Pune,BTech,Tier 1,Manufacturing,MNC,Male,1.3,24.0,4.18,3,2178037.0,531572.0,2709609.0
Backend Developer,Pune,MTech,Tier 1,Consulting,MNC,Male,14.3,37.0,1.93,5,3698386.0,254462.0,3952848.0
Business Analyst,Pune,BTech,Tier 3,Product Based,MNC,Male,0.0,22.0,4.79,7,1817884.0,219741.0,2037625.0
AI Engineer,Chennai,BTech,Tier 3,FinTech,Startup,Male,11.5,36.0,3.13,7,2674978.0,305921.0,2980899.0
Software Engineer,Jaipur,BTech,Tier 1,E-Commerce,Startup,Male,7.3,30.0,3.02,3,1854082.0,449388.0,2303470.0
Financial Analyst,Jaipur,MTech,Tier 2,Consulting,Startup,Female,7.4,28.0,3.28,5,1445809.0,177965.0,1623774.0
Marketing Manager,Jaipur,MBA,Tier 2,EdTech,MNC,Male,8.2,29.0,4.2,4,1947144.0,224624.0,2171768.0
Data Analyst,Jaipur,,Tier 3,IT Services,MNC,Female,11.4,34.0,2.32,5,1368346.0,147149.0,1515495.0
Chartered Accountant,Hyderabad,MBA,Tier 1,Consulting,MNC,Male,5.2,26.0,2.47,5,3463423.0,466846.0,3930268.0
Financial Analyst,Mumbai,BTech,Tier 2,E-Commerce,Mid-size,Female,3.5,29.0,2.43,5,2125092.0,469458.0,2594550.0
Data Scientist,Chennai,BTech,Tier 1,FinTech,MNC,Male,6.0,29.0,4.25,6,3651085.0,776897.0,4427982.0
Data Scientist,Chennai,BTech,Tier 2,IT Services,Mid-size,Male,1.5,24.0,2.92,6,1920389.0,156100.0,2076489.0
Data Scientist,Ahmedabad,BTech,Tier 3,Manufacturing,Mid-size,Male,4.1,23.0,2.36,7,1414335.0,134810.0,4093918.1444389597
Backend Developer,Hyderabad,MTech,Tier 2,Consulting,MNC,Female,6.8,30.0,3.03,9,3149133.0,199856.0,3348989.0
HR Manager,Remote,BTech,Tier 1,Consulting,MNC,Male,3.2,26.0,2.96,3,2337612.0,378828.0,2716440.0
AI Engineer,Pune,MBA,Tier 1,Product Based,Startup,Male,2.5,28.0,3.17,1,3471675.0,847942.0,4319617.0
HR Manager,Kolkata,MBA,Tier 3,Consulting,MNC,Male,0.0,22.0,3.46,7,1513885.0,137924.0,1651809.0
Data Analyst,Chennai,MTech,Tier 3,EdTech,Mid-size,Male,4.0,28.0,3.03,4,1375583.0,180336.0,1555919.0
DevOps Engineer,Jaipur,MBA,Tier 2,EdTech,Mid-size,Female,5.7,29.0,3.52,8,1818104.0,103742.0,1921847.0
Backend Developer,Delhi NCR,BTech,Tier 1,IT Services,MNC,Male,13.3,39.0,3.78,6,3215044.0,786190.0,4001234.0
AI Engineer,Chennai,MBA,Tier 2,IT Services,Mid-size,Male,9.2,29.0,3.51,8,3075265.0,369611.0,3444876.0
Frontend Developer,Pune,MBA,Tier 3,E-Commerce,Mid-size,Male,4.3,30.0,3.91,8,2288159.0,387054.0,2675213.0
Frontend Developer,Mumbai,BTech,Tier 2,FinTech,MNC,Male,9.7,31.0,4.65,8,3451620.0,604373.0,4055992.0
AI Engineer,Jaipur,BTech,Tier 3,IT Services,Startup,Male,8.6,34.0,3.49,3,1520643.0,178080.0,1698723.0
AI Engineer,Kolkata,BTech,Tier 3,FinTech,Mid-size,Male,1.7,22.0,4.07,6,2354867.0,551567.0,2906433.0
Product Manager,Mumbai,,Tier 3,Product Based,Mid-size,Male,4.7,31.0,4.17,4,3541087.0,555333.0,4096420.0
AI Engineer,Bangalore,PhD,Tier 2,Consulting,MNC,Male,7.6,29.0,2.64,7,4645567.0,337596.0,4983163.0
Chartered Accountant,Delhi NCR,BTech,Tier 2,IT Services,MNC,Male,6.0,30.0,2.87,5,2773680.0,216634.0,2990313.0
DevOps Engineer,Mumbai,MBA,Tier 2,EdTech,MNC,Male,3.2,26.0,2.95,5,2507826.0,200953.0,2708779.0
Business Analyst,Ahmedabad,MTech,Tier 3,Consulting,MNC,Female,6.8,29.0,3.36,5,2047351.0,226653.0,2274004.0
HR Manager,Bangalore,BTech,Tier 3,Product Based,Startup,Female,8.3,33.0,1.62,3,1999042.0,359503.0,2358545.0
Data Analyst,Chennai,BTech,Tier 3,IT Services,Mid-size,Male,0.0,22.0,5.0,8,952032.0,121151.0,1073183.0
Data Analyst,Pune,MBA,Tier 1,EdTech,Mid-size,Female,0.0,22.0,1.76,1,974174.0,133526.0,1107699.0
AI Engineer,Pune,BTech,Tier 2,IT Services,Mid-size,Female,1.6,27.0,3.53,5,1891364.0,388250.0,2279614.0
Product Manager,Mumbai,,Tier 2,EdTech,MNC,Male,2.0,25.0,2.98,6,2897187.0,447402.0,3344589.0
Backend Developer,Ahmedabad,MTech,Tier 1,Consulting,MNC,Male,1.2,28.0,2.16,4,2195959.0,419975.0,2615934.0
Frontend Developer,Delhi NCR,MBA,Tier 1,Consulting,Mid-size,Female,6.1,29.0,2.72,4,2965575.0,242976.0,3208551.0
HR Manager,Chennai,BTech,Tier 1,E-Commerce,Mid-size,Male,8.5,31.0,3.25,9,2590669.0,231083.0,2821751.0
Product Manager,Jaipur,BTech,Tier 2,Product Based,MNC,Female,3.5,27.0,4.31,4,3084149.0,259233.0,3343382.0
Marketing Manager,Kolkata,BTech,Tier 3,EdTech,Mid-size,Male,7.3,26.0,3.86,5,1456863.0,335345.0,1792209.0
Software Engineer,Kolkata,,Tier 1,Consulting,Startup,Male,0.0,23.0,2.88,7,1676257.0,140028.0,1816285.0
Marketing Manager,Remote,,Tier 2,Consulting,Mid-size,Male,9.6,33.0,3.18,2,2159595.0,454261.0,2613856.0
Frontend Developer,Remote,MTech,Tier 3,Consulting,Mid-size,Male,4.4,27.0,4.03,7,1783262.0,94658.0,1877920.0
Data Scientist,Ahmedabad,BTech,Tier 2,Manufacturing,Mid-size,Male,4.0,24.0,3.78,5,1402740.0,206989.0,1609729.0
Chartered Accountant,Bangalore,BTech,Tier 3,Product Based,MNC,Male,5.2,29.0,2.67,1,3135916.0,559504.0,3695420.0
Data Analyst,Ahmedabad,BTech,Tier 2,Consulting,Startup,Male,0.0,27.0,3.67,6,1001426.0,209581.0,1211008.0
AI Engineer,Chennai,BTech,Tier 1,Consulting,MNC,Female,0.0,24.0,3.12,2,2381644.0,553811.0,2935456.0
HR Manager,Pune,MTech,Tier 2,FinTech,MNC,Male,7.7,37.0,3.3,8,3244051.0,213084.0,3457136.0
Marketing Manager,Mumbai,BTech,Tier 1,EdTech,Startup,Male,9.3,31.0,2.86,7,2421802.0,484478.0,2906281.0
Business Analyst,Mumbai,PhD,Tier 3,Consulting,Startup,Male,1.9,26.0,2.55,6,2278443.0,547465.0,2825909.0
AI Engineer,Hyderabad,BTech,Tier 2,FinTech,Mid-size,Female,6.0,28.0,3.51,5,3087673.0,735070.0,3822743.0
Backend Developer,Bangalore,MTech,Tier 2,E-Commerce,Mid-size,Male,3.9,27.0,4.48,4,2700754.0,449751.0,3150505.0
Business Analyst,Hyderabad,BTech,Tier 3,Manufacturing,Mid-size,Female,11.3,34.0,2.74,6,1886787.0,269799.0,2156586.0
Data Scientist,Ahmedabad,BTech,Tier 3,Consulting,Startup,Male,4.7,24.0,3.42,4,1521743.0,136752.0,1658495.0
Product Manager,Jaipur,BTech,Tier 2,FinTech,MNC,Female,6.2,30.0,2.66,8,3367710.0,556516.0,3924226.0
DevOps Engineer,Remote,BTech,Tier 2,FinTech,Mid-size,Male,4.4,30.0,3.37,6,2247933.0,178845.0,2426778.0
Chartered Accountant,Ahmedabad,BTech,Tier 3,IT Services,MNC,Female,6.3,32.0,3.51,8,1940608.0,220736.0,2161344.0
Software Engineer,Pune,BTech,Tier 2,Product Based,Mid-size,Male,5.7,30.0,4.18,4,2608557.0,450733.0,3059290.0
Frontend Developer,Chennai,BTech,Tier 3,E-Commerce,Startup,Male,4.9,33.0,4.22,2,1906702.0,417535.0,2324237.0
Business Analyst,Kolkata,MTech,Tier 1,E-Commerce,Mid-size,Female,6.1,28.0,4.61,12,2768676.0,376209.0,3144885.0
Software Engineer,Delhi NCR,BTech,Tier 1,E-Commerce,Startup,Male,9.3,30.0,3.07,5,2642225.0,454081.0,3096306.0
Financial Analyst,Remote,BTech,Tier 1,EdTech,Mid-size,Female,2.0,24.0,,3,1669964.0,298619.0,1968583.0
Frontend Developer,Mumbai,MTech,Tier 1,FinTech,Mid-size,Male,0.0,20.0,2.73,5,2313805.0,510089.0,2823894.0
Backend Developer,Remote,BTech,Tier 2,Manufacturing,MNC,Female,4.9,30.0,3.97,7,1846528.0,427532.0,2274060.0
Chartered Accountant,Hyderabad,PhD,Tier 3,Product Based,Mid-size,Female,0.0,24.0,2.74,5,2138097.0,112489.0,2250586.0
Business Analyst,Remote,PhD,Tier 2,E-Commerce,Mid-size,Female,3.7,26.0,2.44,3,1878268.0,300320.0,2178588.0
Frontend Developer,Bangalore,,Tier 3,IT Services,MNC,Male,1.9,26.0,3.57,4,2451555.0,441623.0,2893178.0
Financial Analyst,Hyderabad,BTech,Tier 2,Product Based,Startup,Male,0.4,28.0,3.84,6,1880605.0,224824.0,2105429.0
Business Analyst,Bangalore,BTech,Tier 2,Manufacturing,Startup,Female,8.1,31.0,4.66,4,1629507.0,384696.0,2014203.0
Software Engineer,Delhi NCR,MTech,Tier 2,Consulting,MNC,Male,6.9,28.0,3.5,5,3044900.0,547510.0,9493648.35505661
Chartered Accountant,Kolkata,MTech,Tier 1,Consulting,Mid-size,Male,0.9,19.0,3.18,8,2243917.0,185513.0,2429430.0
Data Analyst,Chennai,BTech,Tier 1,Consulting,Startup,Male,1.2,24.0,3.99,8,1475203.0,280054.0,1755257.0
HR Manager,Mumbai,MTech,Tier 2,FinTech,Mid-size,Male,12.2,35.0,3.54,8,3270945.0,267204.0,3538148.0
Frontend Developer,Kolkata,BTech,Tier 3,EdTech,Startup,Male,4.1,30.0,3.66,4,1131175.0,77482.0,1208657.0
Business Analyst,Chennai,MTech,Tier 3,Consulting,MNC,Male,5.9,29.0,3.43,8,2552102.0,542287.0,3094389.0
HR Manager,Hyderabad,PhD,Tier 3,IT Services,Startup,Female,10.0,34.0,3.55,7,2242441.0,119271.0,2361712.0
Business Analyst,Chennai,BTech,Tier 2,IT Services,Startup,Male,10.4,34.0,3.45,8,1789395.0,181983.0,1971378.0
HR Manager,Hyderabad,PhD,Tier 3,EdTech,Startup,Female,3.3,26.0,2.76,10,1872273.0,100660.0,1972934.0
Frontend Developer,Ahmedabad,PhD,Tier 3,EdTech,MNC,Male,0.2,26.0,2.69,5,1263676.0,123076.0,1386752.0
Chartered Accountant,Pune,BTech,Tier 3,Manufacturing,Startup,Male,6.5,34.0,4.15,4,1399782.0,207140.0,1606922.0
Data Scientist,Remote,PhD,Tier 1,FinTech,MNC,Male,7.6,31.0,3.12,4,4180258.0,881925.0,5062183.0
Frontend Developer,Jaipur,BTech,Tier 1,E-Commerce,Startup,Male,9.1,34.0,2.95,1,1842700.0,272318.0,2115018.0
AI Engineer,Pune,BTech,Tier 3,IT Services,MNC,Male,5.8,28.0,3.57,2,2399384.0,439489.0,2838872.0
Chartered Accountant,Mumbai,BTech,Tier 1,EdTech,MNC,Male,6.2,27.0,3.78,4,2771024.0,225345.0,2996369.0
Software Engineer,Remote,BTech,Tier 2,Consulting,Mid-size,Male,9.7,33.0,2.95,1,1832672.0,359031.0,2191703.0
Data Analyst,Kolkata,BTech,Tier 3,Product Based,Mid-size,Male,6.7,31.0,3.16,8,1803681.0,413812.0,2217493.0
Data Scientist,Kolkata,MBA,Tier 2,Consulting,Mid-size,Female,2.2,24.0,3.49,8,2203578.0,223622.0,2427200.0
AI Engineer,Chennai,MTech,Tier 2,E-Commerce,MNC,Male,0.0,25.0,1.79,3,2567429.0,189831.0,2757260.0
Software Engineer,Jaipur,PhD,Tier 3,IT Services,Startup,Male,4.0,29.0,3.55,6,1482388.0,362667.0,1845055.0
Software Engineer,Jaipur,BTech,Tier 2,IT Services,Startup,Male,7.2,30.0,3.66,8,1475356.0,149341.0,1624697.0
Chartered Accountant,Delhi NCR,,Tier 2,Consulting,Mid-size,Male,0.3,26.0,3.97,5,2154350.0,140140.0,2294491.0
Chartered Accountant,Bangalore,BTech,Tier 3,Consulting,Mid-size,Male,5.0,27.0,3.48,3,2152862.0,438280.0,2591142.0
Marketing Manager,Pune,MTech,Tier 3,Consulting,Mid-size,Male,7.8,28.0,2.69,5,2458134.0,267204.0,2725339.0
Data Analyst,Remote,BTech,Tier 2,E-Commerce,Mid-size,Male,5.3,27.0,4.23,3,1597932.0,366603.0,1964535.0
DevOps Engineer,Pune,,Tier 3,IT Services,MNC,Male,0.0,21.0,,5,2108301.0,353553.0,2461854.0
Product Manager,Bangalore,BTech,Tier 1,EdTech,Startup,Female,3.3,25.0,2.9,2,2682350.0,632304.0,3314654.0
Backend Developer,Remote,BTech,Tier 2,E-Commerce,Startup,Female,0.6,26.0,3.03,6,1111351.0,129207.0,1240558.0
Business Analyst,Mumbai,MTech,Tier 2,Consulting,MNC,Male,0.0,23.0,4.49,7,2288769.0,464028.0,2752797.0
Chartered Accountant,Jaipur,BTech,Tier 3,Manufacturing,Mid-size,Male,0.0,26.0,3.29,7,1033758.0,251202.0,1284960.0
HR Manager,Mumbai,MTech,Tier 2,FinTech,Mid-size,Female,0.0,25.0,3.0,5,1674300.0,314477.0,1988777.0
Data Scientist,Kolkata,BTech,Tier 2,Manufacturing,Mid-size,Male,2.8,24.0,3.22,4,1332807.0,180714.0,1513520.0
Software Engineer,Remote,BTech,Tier 2,Product Based,Startup,Male,3.8,28.0,4.38,7,2086153.0,117095.0,2203249.0
DevOps Engineer,Pune,BTech,Tier 1,IT Services,Mid-size,Male,3.1,25.0,2.82,2,2228511.0,471231.0,2699743.0
Financial Analyst,Chennai,MBA,Tier 3,E-Commerce,Mid-size,Female,0.0,27.0,3.75,2,1185361.0,260837.0,1446199.0
Business Analyst,Bangalore,BTech,Tier 1,IT Services,Mid-size,Male,0.5,23.0,2.13,4,1309994.0,227309.0,1537303.0
Data Analyst,Pune,MTech,Tier 1,Consulting,Startup,Female,1.1,24.0,4.02,3,1809259.0,332740.0,2142000.0
Data Analyst,Pune,MTech,Tier 3,E-Commerce,Startup,Male,4.5,29.0,,7,2005070.0,103053.0,2108123.0
Product Manager,Bangalore,BTech,Tier 1,FinTech,Startup,Male,12.7,36.0,3.62,3,4255143.0,266810.0,4521953.0
Data Analyst,Chennai,BTech,Tier 2,FinTech,Startup,Male,2.8,25.0,3.07,5,1796448.0,247185.0,2043633.0
HR Manager,Bangalore,BTech,Tier 1,Manufacturing,Mid-size,Male,13.8,36.0,4.65,4,2657516.0,417156.0,3074672.0
Data Scientist,Kolkata,MBA,Tier 1,EdTech,Startup,Male,7.9,32.0,4.52,7,2393267.0,332327.0,2725594.0
Chartered Accountant,Bangalore,MTech,Tier 1,Manufacturing,MNC,Female,0.0,24.0,2.67,3,2262642.0,414547.0,7074999.240349763
Data Analyst,Ahmedabad,BTech,Tier 2,IT Services,Mid-size,Female,0.9,26.0,,8,1160901.0,217229.0,1378129.0
Frontend Developer,Delhi NCR,,Tier 2,FinTech,MNC,Female,0.6,23.0,2.46,2,1759830.0,259982.0,2019812.0
Product Manager,Delhi NCR,MTech,Tier 2,Consulting,MNC,Male,4.4,29.0,2.95,3,4024559.0,298635.0,4323194.0
Data Analyst,Pune,BTech,Tier 2,FinTech,Startup,Male,12.8,35.0,4.23,6,2386803.0,365581.0,2752384.0
Data Scientist,Mumbai,BTech,Tier 2,IT Services,MNC,Male,7.3,31.0,4.46,8,3023361.0,417458.0,3440819.0
Financial Analyst,Ahmedabad,BTech,Tier 2,Product Based,Startup,Male,11.6,35.0,3.96,2,2309014.0,441686.0,2750700.0
Chartered Accountant,Kolkata,MBA,Tier 3,Product Based,Mid-size,Male,0.0,22.0,1.67,3,1772053.0,140882.0,1912935.0
Data Analyst,Mumbai,MTech,Tier 2,EdTech,MNC,Male,5.2,28.0,2.9,4,2149362.0,230810.0,2380172.0
Data Analyst,Mumbai,BTech,Tier 1,Manufacturing,Startup,Male,5.3,28.0,3.29,1,1854197.0,332323.0,2186520.0
DevOps Engineer,Jaipur,MTech,Tier 3,EdTech,MNC,Female,3.4,27.0,2.65,8,1707382.0,172445.0,1879827.0
Data Scientist,Mumbai,MBA,Tier 3,FinTech,Startup,Male,0.0,23.0,3.69,4,2238502.0,170350.0,2408851.0
Software Engineer,Bangalore,MTech,Tier 2,IT Services,Startup,Male,8.2,32.0,1.93,7,2445221.0,236494.0,2681715.0
Chartered Accountant,Bangalore,BTech,Tier 1,Manufacturing,MNC,Male,9.6,32.0,3.83,6,3384249.0,789234.0,4173483.0
Software Engineer,Pune,MTech,Tier 3,Product Based,Mid-size,Male,2.8,22.0,4.14,3,2214861.0,138790.0,2353651.0
DevOps Engineer,Bangalore,BTech,Tier 3,Manufacturing,Mid-size,Female,10.3,35.0,3.98,3,2343772.0,207497.0,2551270.0
Marketing Manager,Remote,BTech,Tier 3,Product Based,MNC,Female,5.4,26.0,4.38,5,2318194.0,529626.0,2847820.0
Financial Analyst,Ahmedabad,MTech,Tier 2,EdTech,Startup,Male,7.9,31.0,3.94,6,1623486.0,361758.0,1985244.0
Data Analyst,Delhi NCR,BTech,Tier 3,Consulting,MNC,Male,3.9,25.0,2.66,6,2131693.0,249390.0,2381083.0
Marketing Manager,Pune,BTech,Tier 2,FinTech,Startup,Male,12.0,40.0,4.5,2,2514263.0,318754.0,2833017.0
Chartered Accountant,Kolkata,BTech,Tier 3,Product Based,Mid-size,Female,2.4,27.0,3.76,7,2130485.0,492530.0,2623015.0
Software Engineer,Delhi NCR,MBA,Tier 3,EdTech,Mid-size,Female,2.2,26.0,3.01,4,2052207.0,167158.0,2219365.0
Data Scientist,Kolkata,PhD,Tier 3,E-Commerce,Mid-size,Male,8.1,26.0,1.93,7,2383643.0,347154.0,2730797.0
Data Scientist,Hyderabad,BTech,Tier 1,E-Commerce,Startup,Female,7.8,28.0,2.45,2,2749168.0,536803.0,3285971.0
AI Engineer,Kolkata,MTech,Tier 2,Product Based,Mid-size,Male,8.4,35.0,3.77,1,2728172.0,354432.0,3082604.0
Software Engineer,Mumbai,BTech,Tier 1,EdTech,Startup,Male,3.8,24.0,3.45,3,2121621.0,168619.0,2290240.0
Software Engineer,Chennai,BTech,Tier 3,E-Commerce,Mid-size,Female,1.9,22.0,3.02,7,1578697.0,148379.0,1727076.0
DevOps Engineer,Kolkata,BTech,Tier 3,Product Based,Startup,Male,0.0,26.0,2.87,7,1547799.0,309707.0,1857507.0
Business Analyst,Bangalore,,Tier 3,EdTech,Mid-size,Male,3.3,28.0,3.45,5,1917934.0,159257.0,2077192.0
Backend Developer,Chennai,BTech,Tier 3,E-Commerce,MNC,Male,2.1,24.0,3.78,5,2014390.0,147731.0,2162121.0
Product Manager,Bangalore,BTech,Tier 3,FinTech,Mid-size,Male,7.4,28.0,,6,3673103.0,805353.0,4478457.0
Business Analyst,Kolkata,MBA,Tier 2,Consulting,Mid-size,Male,8.5,36.0,4.74,8,2395423.0,493627.0,2889051.0
Data Analyst,Chennai,BTech,Tier 2,Manufacturing,Mid-size,Female,8.2,30.0,2.86,5,1230512.0,112570.0,1343082.0
Data Analyst,Pune,MTech,Tier 2,IT Services,MNC,Female,2.0,27.0,4.03,7,1979970.0,380495.0,2360465.0
Business Analyst,Bangalore,BTech,Tier 1,EdTech,MNC,Female,5.6,32.0,,6,2818240.0,232030.0,3050270.0
HR Manager,Pune,MTech,Tier 2,EdTech,Startup,Male,9.8,31.0,4.34,6,1893900.0,113910.0,2007810.0
Data Scientist,Ahmedabad,MTech,Tier 1,Manufacturing,Startup,Male,0.5,21.0,2.9,3,1166648.0,209618.0,1376265.0
Data Analyst,Bangalore,MTech,Tier 1,E-Commerce,MNC,Female,0.0,24.0,4.41,3,2327119.0,195758.0,2522877.0
Financial Analyst,Delhi NCR,,Tier 2,FinTech,Mid-size,Female,9.6,35.0,3.11,10,2877122.0,674005.0,3551127.0
Data Scientist,Kolkata,BTech,Tier 2,Manufacturing,Mid-size,Male,2.0,21.0,4.71,5,1472150.0,348578.0,1820728.0
Chartered Accountant,Hyderabad,BTech,Tier 1,Product Based,Mid-size,Female,0.7,24.0,,7,2836058.0,388790.0,3224848.0
Frontend Developer,Mumbai,BTech,Tier 1,Manufacturing,MNC,Male,2.1,25.0,3.03,3,2249897.0,401374.0,2651271.0
Software Engineer,Delhi NCR,BTech,Tier 2,E-Commerce,Mid-size,Female,0.0,20.0,4.99,4,1774302.0,131899.0,1906200.0
Marketing Manager,Ahmedabad,BTech,Tier 1,Product Based,MNC,Male,9.6,31.0,3.47,6,3073413.0,664780.0,3738192.0
Data Analyst,Remote,BTech,Tier 3,IT Services,Startup,Male,0.0,23.0,3.37,5,682628.0,131437.0,814065.0
DevOps Engineer,Kolkata,BTech,Tier 3,Manufacturing,Mid-size,Female,0.0,23.0,,11,1195887.0,78052.0,1273939.0
Marketing Manager,Mumbai,,Tier 3,Manufacturing,Mid-size,Female,3.3,26.0,3.24,9,1550572.0,110768.0,4390418.172927901
Chartered Accountant,Delhi NCR,MBA,Tier 3,Product Based,Mid-size,Male,1.5,24.0,3.48,5,2773300.0,301091.0,3074391.0
Software Engineer,Mumbai,MTech,Tier 3,Product Based,MNC,Male,1.8,25.0,4.05,5,2919332.0,258824.0,3178156.0
Software Engineer,Bangalore,MBA,Tier 3,E-Commerce,MNC,Male,2.8,25.0,3.26,2,2833387.0,693140.0,3526527.0
Software Engineer,Hyderabad,MBA,Tier 2,Manufacturing,Mid-size,Male,3.5,25.0,2.58,4,1858128.0,200914.0,5441424.040606867
Business Analyst,Chennai,MBA,Tier 3,FinTech,Startup,Male,3.0,28.0,3.18,2,1813780.0,190621.0,2004401.0
Financial Analyst,Chennai,MBA,Tier 1,EdTech,Startup,Male,1.4,22.0,2.39,4,1472330.0,355038.0,1827368.0
Backend Developer,Hyderabad,MTech,Tier 1,Consulting,Startup,Male,14.9,36.0,3.63,5,3176017.0,325530.0,3501547.0
Frontend Developer,Mumbai,MTech,Tier 3,FinTech,Startup,Male,11.1,34.0,3.6,4,2747352.0,405411.0,3152762.0
Data Scientist,Remote,BTech,Tier 3,IT Services,Mid-size,Male,13.4,41.0,4.81,5,2268780.0,478084.0,2746864.0
Chartered Accountant,Ahmedabad,MBA,Tier 1,FinTech,Startup,Male,5.6,23.0,2.66,6,2772114.0,394473.0,3166587.0
Backend Developer,Kolkata,MBA,Tier 1,FinTech,Startup,Female,2.8,27.0,3.91,3,2448142.0,581166.0,3029308.0
Frontend Developer,Mumbai,BTech,Tier 3,Consulting,Startup,Female,6.3,28.0,4.19,7,1922565.0,260569.0,2183133.0
Backend Developer,Bangalore,MTech,Tier 3,Manufacturing,Mid-size,Male,8.9,30.0,4.81,4,2413847.0,410014.0,2823861.0
Marketing Manager,Bangalore,MBA,Tier 1,IT Services,Mid-size,Female,4.5,24.0,2.58,1,2671818.0,155277.0,2827094.0
Product Manager,Bangalore,MBA,Tier 1,Product Based,MNC,Female,0.0,24.0,4.73,8,5393151.0,563820.0,5956971.0
Product Manager,Bangalore,BTech,Tier 2,IT Services,MNC,Female,6.5,32.0,3.53,7,3590144.0,220273.0,3810417.0
DevOps Engineer,Pune,MBA,Tier 3,Consulting,Startup,Male,5.7,27.0,4.69,1,2589180.0,354240.0,2943420.0
Marketing Manager,Hyderabad,BTech,Tier 2,Consulting,MNC,Male,8.4,30.0,4.92,2,2558078.0,488406.0,3046484.0
HR Manager,Kolkata,MTech,Tier 1,EdTech,Mid-size,Female,4.8,26.0,,7,2073629.0,394510.0,2468139.0
Financial Analyst,Delhi NCR,BTech,Tier 2,E-Commerce,MNC,Male,8.1,30.0,1.73,6,2930515.0,427570.0,3358085.0
Frontend Developer,Hyderabad,BTech,Tier 2,E-Commerce,Mid-size,Female,7.2,30.0,2.51,3,1963268.0,332011.0,2295279.0
Product Manager,Mumbai,MBA,Tier 1,EdTech,Mid-size,Male,7.3,29.0,4.57,5,4017650.0,975816.0,4993465.0
AI Engineer,Chennai,BTech,Tier 2,Consulting,MNC,Male,6.6,30.0,,8,3186470.0,696372.0,3882842.0
HR Manager,Mumbai,BTech,Tier 1,Product Based,Startup,Male,0.0,24.0,4.05,5,2093470.0,377382.0,2470852.0
Marketing Manager,Pune,BTech,Tier 1,E-Commerce,Mid-size,Female,0.0,23.0,1.83,9,1834118.0,380999.0,2215116.0
Software Engineer,Kolkata,BTech,Tier 3,IT Services,Startup,Male,1.9,27.0,3.72,8,1377209.0,208991.0,1586200.0
Data Scientist,Hyderabad,BTech,Tier 2,IT Services,Mid-size,Male,10.3,36.0,2.94,6,2432702.0,128207.0,2560909.0
Marketing Manager,Pune,BTech,Tier 1,E-Commerce,Mid-size,Female,6.9,30.0,3.36,5,2365223.0,382053.0,2747276.0
AI Engineer,Pune,BTech,Tier 1,FinTech,Startup,Female,3.3,25.0,4.81,4,3340115.0,233978.0,3574093.0
Chartered Accountant,Jaipur,BTech,Tier 2,IT Services,Startup,Male,3.1,29.0,3.85,7,1415476.0,281141.0,1696617.0
Data Analyst,Chennai,BTech,Tier 1,EdTech,Startup,Male,0.0,21.0,3.1,6,1300615.0,247890.0,1548505.0
Financial Analyst,Jaipur,BTech,Tier 3,Manufacturing,Startup,Female,8.5,34.0,4.92,4,1212399.0,280920.0,1493319.0
Financial Analyst,Chennai,MTech,Tier 2,E-Commerce,Startup,Male,3.7,28.0,4.44,4,2089600.0,243017.0,2332617.0
AI Engineer,Bangalore,BTech,Tier 2,Consulting,MNC,Male,6.3,29.0,3.5,6,3378006.0,294647.0,3672653.0
Chartered Accountant,Pune,BTech,Tier 1,EdTech,MNC,Female,0.0,24.0,4.53,6,2102216.0,232918.0,2335134.0
Financial Analyst,Remote,,Tier 2,E-Commerce,MNC,Male,2.1,21.0,2.97,5,1998500.0,348317.0,2346817.0
Business Analyst,Chennai,MBA,Tier 2,E-Commerce,Startup,Male,8.7,33.0,3.48,6,2296296.0,535270.0,2831566.0
AI Engineer,Kolkata,MBA,Tier 2,E-Commerce,Startup,Male,4.7,30.0,3.93,6,2545165.0,537442.0,3082608.0
AI Engineer,Bangalore,MBA,Tier 2,IT Services,Startup,Male,5.2,30.0,3.95,9,3410960.0,340211.0,3751171.0
Marketing Manager,Chennai,MBA,Tier 3,IT Services,MNC,Female,0.0,25.0,4.29,10,1901705.0,265766.0,2167471.0
Frontend Developer,Jaipur,BTech,Tier 3,IT Services,MNC,Male,6.4,30.0,3.59,2,1700173.0,122076.0,1822249.0
Data Analyst,Pune,BTech,Tier 3,EdTech,MNC,Female,0.0,25.0,4.42,4,1201665.0,209096.0,1410761.0
HR Manager,Ahmedabad,BTech,Tier 3,Consulting,Startup,Male,4.2,28.0,2.34,7,1288614.0,170983.0,1459597.0
Product Manager,Remote,BTech,Tier 3,FinTech,Mid-size,Male,6.7,28.0,2.3,2,2749579.0,400705.0,3150284.0
Data Analyst,Mumbai,BTech,Tier 3,Product Based,Startup,Male,7.8,29.0,3.17,2,2030812.0,187976.0,2218788.0
Data Analyst,Ahmedabad,BTech,Tier 1,Product Based,Mid-size,Male,6.0,28.0,4.51,6,2220654.0,300451.0,2521104.0
Product Manager,Ahmedabad,BTech,Tier 3,FinTech,MNC,Male,5.6,29.0,,7,3108920.0,641379.0,3750299.0
Business Analyst,Remote,BTech,Tier 3,Consulting,Mid-size,Male,8.9,32.0,2.93,3,1900026.0,313593.0,2213618.0
Financial Analyst,Remote,MTech,Tier 2,IT Services,Mid-size,Female,9.1,32.0,3.99,4,1984191.0,135518.0,2119709.0
Financial Analyst,Ahmedabad,,Tier 2,Product Based,Mid-size,Female,8.7,32.0,3.53,6,2048875.0,213646.0,2262521.0
Data Analyst,Hyderabad,MBA,Tier 1,EdTech,Mid-size,Male,1.6,23.0,1.84,7,2030515.0,317903.0,2348419.0
Software Engineer,Delhi NCR,BTech,Tier 2,IT Services,Startup,Male,0.0,24.0,3.31,2,1353862.0,267258.0,1621119.0
Product Manager,Remote,BTech,Tier 3,Product Based,Startup,Male,0.0,22.0,2.72,3,2251947.0,557512.0,2809459.0
AI Engineer,Delhi NCR,MTech,Tier 3,Consulting,Startup,Female,12.4,34.0,3.71,6,2975928.0,320508.0,3296437.0
Data Analyst,Delhi NCR,MBA,Tier 2,IT Services,Startup,Male,11.4,38.0,3.72,2,2330017.0,176757.0,2506774.0
Backend Developer,Jaipur,MBA,Tier 1,Product Based,Mid-size,Male,1.2,27.0,3.78,2,2140559.0,433217.0,2573776.0
Chartered Accountant,Kolkata,BTech,Tier 2,Consulting,Startup,Female,5.3,26.0,2.83,2,1580161.0,121939.0,1702100.0
Financial Analyst,Hyderabad,MBA,Tier 2,E-Commerce,MNC,Male,7.3,34.0,3.16,7,3034259.0,643075.0,3677333.0
Backend Developer,Chennai,BTech,Tier 2,Consulting,Startup,Male,0.0,23.0,4.52,7,1419219.0,207188.0,1626408.0
Chartered Accountant,Mumbai,PhD,Tier 3,Consulting,MNC,Male,18.6,44.0,3.65,4,4104201.0,277749.0,4381950.0
Business Analyst,Hyderabad,BTech,Tier 1,Product Based,Mid-size,Male,1.2,24.0,,5,2255339.0,380389.0,2635728.0
Business Analyst,Pune,BTech,Tier 3,Manufacturing,MNC,Male,5.3,25.0,,5,1555347.0,99250.0,1654597.0
Financial Analyst,Hyderabad,MBA,Tier 2,E-Commerce,Startup,Female,5.6,28.0,3.29,7,2280665.0,130862.0,2411527.0
Frontend Developer,Remote,BTech,Tier 1,IT Services,Startup,Male,5.5,26.0,4.96,5,2114320.0,131321.0,2245641.0
Marketing Manager,Delhi NCR,BTech,Tier 1,FinTech,Startup,Male,0.0,22.0,,4,1973283.0,485552.0,2458835.0
Data Analyst,Ahmedabad,BTech,Tier 2,FinTech,Mid-size,Female,5.1,31.0,2.01,4,1681364.0,149525.0,1830889.0
Software Engineer,Remote,BTech,Tier 2,Manufacturing,Mid-size,Male,3.7,25.0,2.73,4,1612176.0,178823.0,1790999.0
Frontend Developer,Hyderabad,,Tier 3,Manufacturing,Startup,Female,6.1,27.0,3.94,8,2015424.0,282859.0,2298284.0
AI Engineer,Remote,MTech,Tier 2,Consulting,MNC,Male,4.2,25.0,3.88,6,3379216.0,188787.0,3568003.0
Data Scientist,Ahmedabad,BTech,Tier 3,IT Services,MNC,Male,7.3,30.0,2.49,7,2028152.0,315332.0,2343485.0
Data Analyst,Delhi NCR,BTech,Tier 1,FinTech,Startup,Male,9.7,33.0,3.24,6,2804670.0,611506.0,3416176.0
Data Scientist,Ahmedabad,BTech,Tier 1,Consulting,Mid-size,Female,2.3,25.0,2.99,6,1711714.0,262007.0,1973721.0
Product Manager,Remote,MBA,Tier 3,E-Commerce,MNC,Male,3.2,30.0,5.0,9,3725101.0,340586.0,4065687.0
Data Scientist,Pune,MTech,Tier 3,FinTech,MNC,Male,6.7,32.0,4.97,5,3534988.0,850513.0,4385501.0
AI Engineer,Hyderabad,BTech,Tier 1,IT Services,Startup,Female,0.0,25.0,4.34,5,1760833.0,188657.0,1949491.0
Data Scientist,Bangalore,BTech,Tier 2,E-Commerce,Mid-size,Male,0.6,22.0,3.8,3,2219427.0,501523.0,2720950.0
Marketing Manager,Remote,MBA,Tier 1,E-Commerce,MNC,Male,7.0,31.0,3.1,5,3503550.0,823896.0,4327445.0
Frontend Developer,Pune,MTech,Tier 3,EdTech,Mid-size,Male,5.5,29.0,3.84,6,2063994.0,291490.0,2355485.0
Software Engineer,Jaipur,PhD,Tier 3,FinTech,Startup,Male,2.8,27.0,3.7,2,1661226.0,278308.0,1939534.0
HR Manager,Jaipur,BTech,Tier 1,Manufacturing,MNC,Male,4.6,27.0,3.71,3,1796029.0,102083.0,1898112.0
DevOps Engineer,Mumbai,BTech,Tier 1,IT Services,MNC,Male,4.5,30.0,3.02,6,3509836.0,673880.0,4183716.0
Data Scientist,Pune,MTech,Tier 3,Product Based,MNC,Male,9.4,33.0,2.3,11,3386265.0,212807.0,3599072.0
Backend Developer,Delhi NCR,,Tier 2,FinTech,MNC,Male,1.6,25.0,2.41,6,3325498.0,293510.0,3619008.0
AI Engineer,Pune,BTech,Tier 2,EdTech,Mid-size,Male,2.8,26.0,2.47,5,1952933.0,469618.0,2422551.0
Financial Analyst,Ahmedabad,MTech,Tier 1,Product Based,Mid-size,Female,2.8,24.0,2.54,8,2450607.0,278178.0,2728784.0
Marketing Manager,Ahmedabad,BTech,Tier 3,IT Services,MNC,Male,9.2,31.0,,1,1754961.0,388678.0,2143638.0
AI Engineer,Mumbai,BTech,Tier 3,EdTech,Mid-size,Male,10.8,35.0,1.6,3,2328734.0,130490.0,2459224.0
Data Scientist,Kolkata,BTech,Tier 2,Manufacturing,MNC,Male,8.2,27.0,2.32,5,2032582.0,261194.0,2293776.0
Marketing Manager,Chennai,MBA,Tier 2,Manufacturing,MNC,Female,0.0,22.0,1.96,11,1389831.0,69572.0,1459403.0
HR Manager,Mumbai,BTech,Tier 1,Manufacturing,Startup,Male,2.8,28.0,2.01,8,1816903.0,337197.0,2154100.0
Chartered Accountant,Jaipur,MBA,Tier 2,Product Based,MNC,Male,0.7,21.0,3.95,5,2384529.0,148158.0,2532687.0
Product Manager,Pune,BTech,Tier 2,Consulting,Startup,Male,7.5,30.0,2.21,2,2483614.0,447429.0,2931043.0
Data Analyst,Delhi NCR,MTech,Tier 2,EdTech,MNC,Male,1.8,26.0,3.94,6,1927240.0,343396.0,2270637.0
Marketing Manager,Remote,BTech,Tier 2,Consulting,Startup,Male,2.4,25.0,3.67,5,1385485.0,106591.0,1492077.0
Financial Analyst,Remote,MTech,Tier 3,IT Services,Startup,Male,9.5,33.0,3.3,5,1972721.0,155739.0,2128460.0
Product Manager,Remote,BTech,Tier 3,FinTech,Mid-size,Female,11.6,32.0,3.48,5,2881781.0,361292.0,3243073.0
Chartered Accountant,Kolkata,BTech,Tier 3,FinTech,Startup,Male,2.9,28.0,3.18,5,1841092.0,276605.0,2117697.0
Marketing Manager,Bangalore,,Tier 3,E-Commerce,Startup,Male,5.7,29.0,3.34,8,2174384.0,509851.0,2684234.0
Data Analyst,Hyderabad,BTech,Tier 3,Manufacturing,Startup,Male,0.0,21.0,4.08,10,976787.0,147577.0,1124364.0
Product Manager,Pune,MTech,Tier 3,Consulting,Startup,Male,6.4,28.0,2.73,1,2738660.0,254830.0,2993490.0
Financial Analyst,Remote,BTech,Tier 3,EdTech,Startup,Male,8.9,32.0,3.66,7,1442687.0,294915.0,1737602.0
DevOps Engineer,Remote,PhD,Tier 3,Manufacturing,MNC,Male,0.0,22.0,,5,2120253.0,357432.0,2477684.0
Backend Developer,Remote,BTech,Tier 2,E-Commerce,Startup,Female,6.3,28.0,3.89,7,1907603.0,275481.0,2183084.0
Data Analyst,Chennai,MTech,Tier 3,Manufacturing,Startup,Female,7.0,29.0,3.35,7,1437586.0,134754.0,1572339.0
Data Analyst,Jaipur,PhD,Tier 2,IT Services,Startup,Female,11.2,34.0,3.13,5,1366558.0,93522.0,1460080.0
Backend Developer,Ahmedabad,MBA,Tier 2,Consulting,Startup,Female,6.8,33.0,2.07,7,1887374.0,119845.0,2007219.0
Marketing Manager,Chennai,MTech,Tier 1,E-Commerce,MNC,Male,0.0,22.0,3.42,6,2168937.0,539848.0,2708785.0
Product Manager,Remote,BTech,Tier 2,Consulting,Startup,Male,1.1,24.0,2.29,5,2469436.0,138726.0,2608161.0
Chartered Accountant,Ahmedabad,BTech,Tier 2,Manufacturing,Mid-size,Male,0.0,25.0,3.0,5,923268.0,50121.0,973389.0
Backend Developer,Hyderabad,MTech,Tier 2,IT Services,Startup,Female,12.3,33.0,3.25,7,2278916.0,217362.0,2496278.0
Product Manager,Hyderabad,MTech,Tier 2,IT Services,Mid-size,Male,0.4,21.0,3.0,7,2572275.0,546665.0,8242413.266562984
Backend Developer,Mumbai,BTech,Tier 1,Product Based,MNC,Male,7.1,29.0,2.19,3,3642913.0,640186.0,4283100.0
Software Engineer,Chennai,BTech,Tier 3,EdTech,Mid-size,Female,1.9,24.0,2.12,5,1533343.0,358219.0,1891562.0
HR Manager,Chennai,BTech,Tier 3,FinTech,MNC,Male,0.8,24.0,,1,1709676.0,241552.0,1951228.0
Chartered Accountant,Delhi NCR,BTech,Tier 3,Consulting,Mid-size,Male,0.0,24.0,3.31,3,1425089.0,126916.0,1552005.0
Business Analyst,Delhi NCR,BTech,Tier 3,Consulting,MNC,Male,7.6,33.0,3.49,4,2222476.0,126169.0,2348646.0
Data Scientist,Chennai,MBA,Tier 1,Product Based,Mid-size,Male,9.6,32.0,2.93,6,3919378.0,929694.0,4849071.0
Chartered Accountant,Chennai,BTech,Tier 3,E-Commerce,Mid-size,Male,0.0,26.0,1.96,7,1254973.0,108050.0,1363023.0
Product Manager,Ahmedabad,BTech,Tier 1,Manufacturing,Startup,Male,6.2,31.0,3.07,6,2230781.0,432898.0,2663679.0
Backend Developer,Remote,MTech,Tier 2,E-Commerce,Mid-size,Male,0.0,20.0,3.12,6,1437077.0,78437.0,1515514.0
Data Analyst,Pune,MBA,Tier 2,Consulting,Startup,Male,3.3,26.0,3.52,8,1998709.0,473750.0,2472459.0
Data Scientist,Bangalore,BTech,Tier 2,Manufacturing,Startup,Male,1.3,23.0,2.64,8,1664982.0,397031.0,2062013.0
Software Engineer,Bangalore,BTech,Tier 3,Consulting,MNC,Male,5.2,29.0,3.52,4,2528677.0,577422.0,3106099.0
Product Manager,Mumbai,MTech,Tier 2,E-Commerce,MNC,Male,6.8,30.0,3.6,7,4641875.0,487521.0,5129397.0
Financial Analyst,Chennai,BTech,Tier 3,IT Services,Startup,Male,7.2,30.0,3.32,3,1608398.0,355035.0,1963433.0
Frontend Developer,Kolkata,MBA,Tier 3,FinTech,MNC,Female,3.6,28.0,3.36,3,2235125.0,149900.0,2385024.0
Chartered Accountant,Chennai,MTech,Tier 1,Manufacturing,Mid-size,Male,0.0,24.0,3.91,5,1987013.0,139148.0,2126161.0
Software Engineer,Remote,MBA,Tier 1,Consulting,Mid-size,Male,6.8,31.0,4.18,6,2699066.0,199986.0,2899052.0
Business Analyst,Kolkata,BTech,Tier 2,Manufacturing,Mid-size,Male,6.4,29.0,2.42,4,1123642.0,67594.0,1191236.0
DevOps Engineer,Jaipur,,Tier 3,FinTech,Startup,Male,9.6,30.0,4.67,8,2396934.0,277187.0,2674122.0
DevOps Engineer,Pune,MBA,Tier 2,E-Commerce,Startup,Male,6.3,29.0,2.04,3,2641157.0,209816.0,2850972.0
Financial Analyst,Remote,MBA,Tier 2,EdTech,Startup,Female,6.8,31.0,3.38,4,1775333.0,143841.0,1919174.0
Financial Analyst,Hyderabad,MTech,Tier 2,E-Commerce,Startup,Male,2.0,26.0,2.07,5,1894270.0,222244.0,2116514.0
Backend Developer,Delhi NCR,BTech,Tier 1,EdTech,MNC,Male,7.0,33.0,,5,2940445.0,501715.0,3442160.0
Business Analyst,Ahmedabad,MTech,Tier 3,Consulting,Startup,Male,1.8,19.0,4.28,4,1419178.0,162025.0,1581203.0
Chartered Accountant,Ahmedabad,MBA,Tier 2,Manufacturing,Startup,Male,5.1,29.0,3.74,6,2036598.0,507260.0,2543858.0
Data Analyst,Hyderabad,MTech,Tier 3,E-Commerce,Mid-size,Male,1.5,25.0,,2,1647584.0,201001.0,1848586.0
Data Analyst,Pune,BTech,Tier 2,E-Commerce,MNC,Male,4.6,27.0,2.77,8,2216968.0,238738.0,2455706.0
Business Analyst,Remote,MTech,Tier 3,EdTech,Startup,Male,0.0,24.0,3.71,4,1144906.0,217709.0,1362615.0
Chartered Accountant,Jaipur,MBA,Tier 3,Manufacturing,MNC,Female,10.9,31.0,4.24,7,2079114.0,280759.0,2359873.0
Product Manager,Kolkata,BTech,Tier 3,Product Based,MNC,Female,5.3,26.0,3.25,6,2922582.0,380397.0,3302979.0
Software Engineer,Bangalore,BTech,Tier 3,FinTech,MNC,Male,9.2,32.0,3.73,7,3176689.0,546117.0,3722805.0
Financial Analyst,Hyderabad,BTech,Tier 1,IT Services,Mid-size,Male,6.9,34.0,3.03,2,2124769.0,119429.0,2244198.0
Product Manager,Pune,BTech,Tier 3,IT Services,Mid-size,Female,7.9,29.0,1.22,8,2290176.0,364334.0,2654510.0
AI Engineer,Remote,BTech,Tier 3,Product Based,Mid-size,Female,1.8,27.0,3.09,4,2388804.0,187504.0,2576309.0
Data Scientist,Pune,MBA,Tier 2,Product Based,Mid-size,Male,9.2,32.0,2.28,4,3378620.0,480671.0,3859291.0
Marketing Manager,Remote,,Tier 2,Consulting,Mid-size,Male,8.8,31.0,4.32,4,1827209.0,414738.0,2241948.0
Backend Developer,Hyderabad,BTech,Tier 2,FinTech,Startup,Male,1.8,23.0,3.16,5,1835475.0,416660.0,2252135.0
HR Manager,Delhi NCR,BTech,Tier 2,IT Services,Startup,Male,6.1,29.0,3.94,4,1788689.0,440459.0,2229147.0
DevOps Engineer,Remote,MTech,Tier 2,E-Commerce,MNC,Male,9.9,32.0,3.03,4,2759955.0,686721.0,3446676.0
Chartered Accountant,Bangalore,,Tier 1,IT Services,MNC,Male,5.7,27.0,,9,3561970.0,779319.0,4341289.0
AI Engineer,Remote,,Tier 3,Product Based,Mid-size,Male,4.6,26.0,2.92,7,2699043.0,601570.0,3300612.0
AI Engineer,Bangalore,,Tier 2,E-Commerce,Mid-size,Female,6.0,30.0,3.99,5,3337953.0,326513.0,3664466.0
DevOps Engineer,Hyderabad,MBA,Tier 3,EdTech,Startup,Male,7.2,29.0,5.0,6,2128404.0,476859.0,2605263.0
AI Engineer,Hyderabad,BTech,Tier 2,Product Based,MNC,Female,2.9,26.0,2.46,5,3377627.0,649887.0,4027514.0
Data Analyst,Delhi NCR,BTech,Tier 3,EdTech,MNC,Male,0.0,21.0,2.81,4,1188082.0,237877.0,1425959.0
Business Analyst,Bangalore,MTech,Tier 1,EdTech,MNC,Female,3.0,25.0,2.4,5,2673112.0,613713.0,8686082.446238428
Marketing Manager,Chennai,MBA,Tier 2,FinTech,Startup,Female,3.5,25.0,4.28,4,2278791.0,201494.0,2480285.0
Marketing Manager,Bangalore,BTech,Tier 2,IT Services,Mid-size,Female,3.8,24.0,2.59,1,1605513.0,253769.0,1859282.0
Financial Analyst,Mumbai,BTech,Tier 2,Consulting,Mid-size,Female,6.4,31.0,3.94,4,2182971.0,238001.0,2420972.0
DevOps Engineer,Kolkata,MBA,Tier 3,Manufacturing,Startup,Male,5.1,26.0,3.95,5,1716315.0,104207.0,1820522.0
Marketing Manager,Bangalore,BTech,Tier 3,Consulting,MNC,Female,9.0,30.0,1.93,5,2653997.0,168028.0,2822025.0
Product Manager,Remote,MTech,Tier 2,EdTech,Startup,Male,4.0,26.0,3.92,1,2169461.0,491336.0,2660797.0
Business Analyst,Delhi NCR,BTech,Tier 2,FinTech,MNC,Male,1.8,22.0,1.87,6,2402861.0,407112.0,2809973.0
Product Manager,Chennai,BTech,Tier 2,Product Based,Mid-size,Male,6.9,26.0,3.16,3,3330713.0,299267.0,3629980.0
Data Analyst,Pune,MTech,Tier 2,Product Based,Startup,Male,1.3,24.0,4.0,5,1905090.0,439008.0,2344099.0
Marketing Manager,Kolkata,,Tier 1,E-Commerce,Mid-size,Female,0.2,21.0,3.51,3,1847443.0,264565.0,2112008.0
Data Scientist,Ahmedabad,BTech,Tier 3,Consulting,Mid-size,Male,0.5,24.0,3.43,6,1433036.0,329240.0,1762277.0
Backend Developer,Kolkata,PhD,Tier 3,EdTech,Startup,Male,5.7,29.0,3.67,2,1700108.0,164353.0,1864461.0
Product Manager,Jaipur,MBA,Tier 2,Consulting,Startup,Female,6.0,31.0,,2,2101342.0,373487.0,2474828.0
DevOps Engineer,Hyderabad,MTech,Tier 3,Consulting,Startup,Male,5.5,29.0,3.6,4,2174628.0,341201.0,2515829.0
Product Manager,Remote,PhD,Tier 2,FinTech,Startup,Female,2.7,25.0,,5,3017078.0,351293.0,3368370.0
Marketing Manager,Pune,MTech,Tier 2,FinTech,MNC,Female,6.4,32.0,2.88,5,2959817.0,182569.0,3142386.0
Financial Analyst,Remote,MTech,Tier 2,Manufacturing,Startup,Male,1.2,26.0,2.27,2,1246066.0,206972.0,1453038.0
Business Analyst,Delhi NCR,MTech,Tier 3,Manufacturing,Mid-size,Male,4.3,27.0,2.9,3,1499300.0,317139.0,1816439.0
AI Engineer,Delhi NCR,BTech,Tier 3,E-Commerce,Mid-size,Female,0.0,23.0,2.17,6,1845806.0,256000.0,2101806.0
Chartered Accountant,Bangalore,,Tier 2,EdTech,MNC,Male,0.0,24.0,4.52,4,1979931.0,213883.0,2193813.0
AI Engineer,Bangalore,BTech,Tier 1,Product Based,Startup,Female,4.3,26.0,3.53,4,3921781.0,401553.0,4323334.0
Frontend Developer,Mumbai,BTech,Tier 3,Manufacturing,Mid-size,Male,9.1,31.0,2.87,4,1735898.0,277572.0,2013470.0
Data Scientist,Bangalore,MTech,Tier 2,Product Based,Mid-size,Male,9.1,32.0,4.66,1,3562194.0,601219.0,4163412.0
DevOps Engineer,Hyderabad,MBA,Tier 1,IT Services,MNC,Male,2.4,31.0,3.0,8,3482342.0,866490.0,4348832.0
Marketing Manager,Hyderabad,MTech,Tier 3,IT Services,Startup,Male,5.4,25.0,3.05,3,1895083.0,191625.0,2086707.0
Marketing Manager,Pune,BTech,Tier 3,E-Commerce,Mid-size,Male,3.7,23.0,4.98,1,1532619.0,189551.0,1722170.0
Software Engineer,Mumbai,,Tier 2,Consulting,Mid-size,Male,9.9,32.0,3.3,7,2483887.0,376411.0,2860298.0
Data Analyst,Pune,BTech,Tier 2,Consulting,Mid-size,Male,6.5,29.0,2.73,6,1976186.0,226728.0,2202914.0
Backend Developer,Ahmedabad,BTech,Tier 2,Manufacturing,MNC,Male,0.0,23.0,5.0,4,1183962.0,173226.0,1357189.0
AI Engineer,Hyderabad,MTech,Tier 3,Product Based,Startup,Male,6.2,30.0,3.31,7,3112463.0,690841.0,3803304.0
Chartered Accountant,Pune,BTech,Tier 3,IT Services,Mid-size,Male,5.1,26.0,4.6,4,2042018.0,447038.0,2489056.0
Marketing Manager,Chennai,MTech,Tier 2,Manufacturing,Startup,Male,6.5,31.0,2.98,7,1640603.0,126289.0,1766892.0
Frontend Developer,Hyderabad,BTech,Tier 3,Manufacturing,MNC,Female,4.8,26.0,4.34,4,1909069.0,294644.0,2203713.0
Data Analyst,Kolkata,BTech,Tier 2,IT Services,Mid-size,Male,4.5,29.0,3.2,5,1408025.0,131758.0,1539783.0
Marketing Manager,Remote,BTech,Tier 3,E-Commerce,Mid-size,Female,8.6,33.0,3.11,7,1738113.0,359259.0,2097372.0
Product Manager,Remote,PhD,Tier 2,FinTech,Mid-size,Male,2.3,24.0,3.36,4,3515547.0,390787.0,3906335.0
Product Manager,Hyderabad,BTech,Tier 3,Manufacturing,Startup,Male,6.6,31.0,2.63,9,1932771.0,234694.0,2167466.0
DevOps Engineer,Remote,MBA,Tier 2,Manufacturing,MNC,Male,4.0,28.0,3.97,4,2427865.0,300514.0,2728379.0
DevOps Engineer,Jaipur,BTech,Tier 3,E-Commerce,Mid-size,Male,0.0,24.0,5.0,1,1344391.0,133066.0,1477458.0
Data Scientist,Jaipur,BTech,Tier 2,FinTech,Startup,Male,14.6,41.0,2.84,4,2077808.0,465512.0,2543320.0
AI Engineer,Ahmedabad,MBA,Tier 3,FinTech,MNC,Male,5.2,32.0,3.08,3,2883608.0,630569.0,3514177.0
Frontend Developer,Pune,BTech,Tier 3,Product Based,Startup,Male,2.3,22.0,3.86,6,1971923.0,107552.0,2079475.0
Business Analyst,Jaipur,BTech,Tier 2,Manufacturing,MNC,Female,2.3,25.0,3.31,10,1714424.0,416233.0,2130657.0
Backend Developer,Bangalore,BTech,Tier 3,Consulting,Startup,Female,5.4,29.0,3.41,5,2227790.0,269608.0,2497398.0
AI Engineer,Jaipur,BTech,Tier 2,EdTech,Mid-size,Male,7.8,31.0,3.37,4,1785700.0,253259.0,2038959.0
Product Manager,Chennai,MTech,Tier 3,EdTech,Startup,Male,0.0,20.0,2.51,1,1797312.0,332926.0,2130237.0
Marketing Manager,Mumbai,BTech,Tier 3,Consulting,MNC,Male,8.0,29.0,4.39,5,2662364.0,393444.0,3055809.0
Software Engineer,Jaipur,MTech,Tier 3,IT Services,MNC,Male,0.0,26.0,4.81,3,1349841.0,273266.0,1623108.0
Software Engineer,Delhi NCR,BTech,Tier 1,E-Commerce,MNC,Female,9.0,28.0,3.92,3,3312551.0,479955.0,3792506.0
Data Analyst,Pune,BTech,Tier 1,E-Commerce,Startup,Female,5.6,27.0,2.7,3,1932000.0,335587.0,2267587.0
Chartered Accountant,Remote,BTech,Tier 2,E-Commerce,Startup,Female,1.8,22.0,2.25,4,1911915.0,381723.0,2293638.0
DevOps Engineer,Pune,PhD,Tier 1,Product Based,Startup,Male,1.6,21.0,3.25,6,3595479.0,247308.0,3842788.0
DevOps Engineer,Pune,MBA,Tier 2,EdTech,MNC,Male,6.7,31.0,3.21,7,3047270.0,693619.0,3740889.0
AI Engineer,Remote,MTech,Tier 3,IT Services,Startup,Male,9.8,34.0,4.16,4,2586042.0,619968.0,3206010.0
Chartered Accountant,Hyderabad,BTech,Tier 1,EdTech,Mid-size,Male,3.6,26.0,2.44,9,2227508.0,150312.0,2377820.0
HR Manager,Delhi NCR,BTech,Tier 3,FinTech,MNC,Female,8.6,33.0,3.67,6,2691540.0,410554.0,3102094.0
DevOps Engineer,Hyderabad,BTech,Tier 1,E-Commerce,MNC,Female,3.9,19.0,2.79,4,3353020.0,645667.0,3998687.0
AI Engineer,Ahmedabad,,Tier 1,FinTech,MNC,Female,3.3,28.0,3.29,2,3258472.0,675211.0,3933683.0
Data Scientist,Kolkata,BTech,Tier 2,IT Services,Mid-size,Male,4.6,26.0,,5,1803350.0,340506.0,2143856.0
Backend Developer,Mumbai,PhD,Tier 3,Product Based,Mid-size,Male,3.8,25.0,,7,3145304.0,691881.0,3837185.0
DevOps Engineer,Pune,BTech,Tier 1,Consulting,Startup,Male,10.9,34.0,3.07,2,2545890.0,437971.0,2983861.0
Financial Analyst,Delhi NCR,BTech,Tier 2,Manufacturing,Startup,Male,9.6,35.0,4.54,2,1685104.0,154690.0,1839794.0
Product Manager,Remote,MBA,Tier 3,EdTech,Mid-size,Female,7.5,29.0,2.87,4,2620869.0,492409.0,3113279.0
Marketing Manager,Pune,BTech,Tier 2,FinTech,Mid-size,Male,7.0,30.0,3.33,6,2211253.0,404098.0,2615351.0
DevOps Engineer,Chennai,BTech,Tier 3,Consulting,MNC,Male,1.1,24.0,3.55,6,2067383.0,141468.0,5837326.472671543
AI Engineer,Bangalore,MBA,Tier 2,E-Commerce,Startup,Male,8.8,32.0,4.46,3,3545326.0,527854.0,4073180.0
Backend Developer,Delhi NCR,MBA,Tier 2,Manufacturing,Mid-size,Male,7.6,32.0,2.15,8,2259286.0,426105.0,2685391.0
Financial Analyst,Hyderabad,BTech,Tier 3,Consulting,MNC,Female,6.9,32.0,2.68,7,2110862.0,355411.0,2466273.0
Software Engineer,Mumbai,MTech,Tier 3,EdTech,MNC,Male,8.5,34.0,2.67,5,2562065.0,588659.0,3150724.0
Financial Analyst,Chennai,BTech,Tier 3,FinTech,MNC,Male,0.0,21.0,3.21,6,1663513.0,345759.0,2009273.0
DevOps Engineer,Bangalore,BTech,Tier 2,EdTech,Mid-size,Male,8.9,28.0,2.78,4,2457579.0,297712.0,2755291.0
HR Manager,Remote,MTech,Tier 2,Manufacturing,MNC,Male,4.2,28.0,2.43,2,2046108.0,112006.0,2158114.0
Backend Developer,Jaipur,,Tier 2,IT Services,Mid-size,Male,3.6,28.0,3.16,7,1360270.0,313115.0,1673385.0
Business Analyst,Jaipur,BTech,Tier 1,Consulting,Startup,Male,5.5,30.0,,11,2058883.0,277839.0,2336721.0
Data Analyst,Pune,MBA,Tier 2,Manufacturing,MNC,Female,8.8,31.0,3.19,4,2286419.0,419791.0,2706210.0
DevOps Engineer,Bangalore,MTech,Tier 2,Consulting,MNC,Male,4.0,27.0,4.13,5,3606753.0,304014.0,3910767.0
Marketing Manager,Jaipur,MBA,Tier 2,FinTech,MNC,Male,6.2,30.0,3.2,5,2823220.0,289731.0,3112951.0
Chartered Accountant,Hyderabad,BTech,Tier 3,E-Commerce,MNC,Female,0.0,25.0,3.79,6,2146029.0,201202.0,2347231.0
DevOps Engineer,Chennai,,Tier 2,Product Based,MNC,Female,13.0,35.0,2.66,6,3655109.0,232517.0,3887627.0
Software Engineer,Delhi NCR,PhD,Tier 2,Manufacturing,Mid-size,Male,7.9,29.0,2.44,8,2726977.0,599999.0,3326976.0
Data Analyst,Chennai,MTech,Tier 2,EdTech,Startup,Male,9.6,31.0,2.17,6,1522879.0,241388.0,1764267.0
Product Manager,Kolkata,BTech,Tier 2,Consulting,MNC,Male,5.7,30.0,2.91,2,2960838.0,654611.0,3615449.0
Product Manager,Hyderabad,BTech,Tier 2,EdTech,Mid-size,Male,3.0,29.0,3.61,7,2756462.0,344101.0,3100563.0
Financial Analyst,Remote,MBA,Tier 2,Product Based,MNC,Female,5.0,28.0,3.98,4,2904474.0,654960.0,3559434.0
HR Manager,Bangalore,MBA,Tier 1,E-Commerce,Mid-size,Female,13.4,35.0,3.27,4,3951319.0,761064.0,4712384.0
AI Engineer,Kolkata,MBA,Tier 3,EdTech,Mid-size,Male,0.0,25.0,3.13,5,1952368.0,182558.0,2134925.0
DevOps Engineer,Remote,MTech,Tier 3,IT Services,Startup,Male,4.4,26.0,3.32,5,1970349.0,318538.0,2288886.0
Financial Analyst,Jaipur,PhD,Tier 1,IT Services,Startup,Male,13.7,35.0,3.07,8,2206410.0,423612.0,2630022.0
Product Manager,Hyderabad,MBA,Tier 2,Manufacturing,Mid-size,Male,3.9,28.0,4.08,5,2709070.0,367278.0,3076348.0
Financial Analyst,Pune,MTech,Tier 3,Consulting,Startup,Female,10.5,37.0,2.14,4,2112986.0,446051.0,2559036.0
AI Engineer,Chennai,MTech,Tier 3,FinTech,Startup,Male,2.9,27.0,,6,2779347.0,519331.0,3298677.0
Marketing Manager,Jaipur,,Tier 1,Consulting,MNC,Male,6.2,26.0,3.12,3,2608714.0,573981.0,3182695.0
AI Engineer,Delhi NCR,BTech,Tier 1,Consulting,Mid-size,Female,7.3,31.0,3.88,5,3639651.0,768132.0,4407783.0
Frontend Developer,Bangalore,BTech,Tier 3,FinTech,Startup,Male,16.3,39.0,2.61,2,2385035.0,567480.0,2952515.0
Backend Developer,Delhi NCR,BTech,Tier 3,Consulting,MNC,Male,6.6,30.0,5.0,5,2794192.0,154503.0,2948695.0
Marketing Manager,Jaipur,BTech,Tier 3,Manufacturing,Mid-size,Male,4.7,29.0,4.16,5,1160102.0,186144.0,1346246.0
Data Scientist,Hyderabad,MTech,Tier 2,Manufacturing,Mid-size,Female,0.0,22.0,3.53,5,1295907.0,74637.0,1370544.0
Marketing Manager,Delhi NCR,PhD,Tier 2,FinTech,MNC,Male,13.0,36.0,2.55,4,4161358.0,296600.0,4457959.0
Data Scientist,Chennai,MTech,Tier 3,Product Based,Mid-size,Male,3.4,26.0,,4,2282149.0,539183.0,2821332.0
Business Analyst,Bangalore,BTech,Tier 2,Consulting,Startup,Female,0.0,24.0,3.54,6,1293979.0,268240.0,1562220.0
Business Analyst,Mumbai,BTech,Tier 3,Product Based,Mid-size,Male,6.6,31.0,4.05,2,2163257.0,481298.0,2644556.0
Business Analyst,Hyderabad,,Tier 2,E-Commerce,Mid-size,Female,3.0,28.0,3.69,6,2202957.0,456772.0,2659729.0
Data Scientist,Kolkata,BTech,Tier 3,EdTech,Mid-size,Male,7.8,32.0,3.13,2,1721476.0,149993.0,1871469.0
Marketing Manager,Hyderabad,MTech,Tier 3,Manufacturing,MNC,Female,14.9,37.0,3.71,11,2505762.0,243090.0,2748851.0
Data Scientist,Remote,MTech,Tier 3,IT Services,Startup,Male,3.9,30.0,3.4,5,1694109.0,230270.0,1924380.0
HR Manager,Pune,MTech,Tier 2,Product Based,Mid-size,Male,7.1,27.0,3.36,8,2760028.0,567286.0,3327314.0
Data Analyst,Jaipur,MBA,Tier 3,Manufacturing,Mid-size,Male,3.2,24.0,4.01,5,1132355.0,225230.0,1357585.0
HR Manager,Bangalore,,Tier 2,E-Commerce,Mid-size,Female,7.4,33.0,2.23,2,2184955.0,460915.0,2645870.0
HR Manager,Hyderabad,BTech,Tier 2,Product Based,Mid-size,Male,6.1,29.0,2.98,9,2442371.0,354252.0,2796623.0
HR Manager,Mumbai,BTech,Tier 2,Manufacturing,Mid-size,Female,9.3,35.0,4.54,6,2106278.0,133901.0,5920116.883136279
Data Analyst,Remote,BTech,Tier 2,Manufacturing,Mid-size,Male,3.4,26.0,2.35,3,1129624.0,249586.0,1379210.0
AI Engineer,Ahmedabad,BTech,Tier 2,E-Commerce,Startup,Female,6.5,32.0,2.47,5,2281178.0,431071.0,2712248.0
HR Manager,Remote,MBA,Tier 3,Product Based,MNC,Female,6.8,29.0,3.44,4,2714931.0,388315.0,3103245.0
Chartered Accountant,Kolkata,BTech,Tier 2,Manufacturing,MNC,Male,0.0,25.0,3.85,4,1284469.0,246912.0,1531381.0
Backend Developer,Pune,MBA,Tier 3,Consulting,Startup,Male,0.0,23.0,3.88,6,1577279.0,155727.0,1733006.0
DevOps Engineer,Hyderabad,BTech,Tier 1,Product Based,MNC,Male,5.9,28.0,4.17,9,4230280.0,254610.0,4484890.0
DevOps Engineer,Jaipur,PhD,Tier 1,EdTech,Mid-size,Female,6.9,32.0,4.42,9,2744075.0,161961.0,2906036.0
Financial Analyst,Jaipur,BTech,Tier 1,Manufacturing,Startup,Female,13.6,34.0,4.34,5,1440811.0,113450.0,1554261.0
Frontend Developer,Chennai,BTech,Tier 2,FinTech,MNC,Male,2.5,24.0,,5,2397687.0,332647.0,2730335.0
HR Manager,Jaipur,,Tier 3,IT Services,MNC,Male,11.4,34.0,3.45,3,1987608.0,371617.0,2359224.0
Software Engineer,Ahmedabad,BTech,Tier 2,Product Based,Startup,Female,5.1,30.0,3.2,8,2127672.0,229627.0,2357299.0
HR Manager,Chennai,MTech,Tier 2,IT Services,MNC,Male,2.0,28.0,3.31,4,1829312.0,455724.0,2285036.0
Frontend Developer,Hyderabad,BTech,Tier 3,FinTech,MNC,Male,6.3,31.0,2.82,8,2436045.0,568077.0,3004122.0
Frontend Developer,Delhi NCR,PhD,Tier 2,Consulting,Startup,Male,21.1,43.0,3.43,7,3565521.0,775187.0,4340708.0
Data Analyst,Ahmedabad,BTech,Tier 2,EdTech,MNC,Female,9.1,31.0,2.27,6,1562839.0,205814.0,1768653.0
AI Engineer,Kolkata,BTech,Tier 3,E-Commerce,MNC,Male,9.4,30.0,4.09,5,2252273.0,555242.0,2807515.0
Business Analyst,Chennai,MTech,Tier 2,E-Commerce,MNC,Male,5.3,27.0,3.81,7,2538150.0,314787.0,2852936.0
Software Engineer,Kolkata,PhD,Tier 3,Manufacturing,Startup,Female,0.5,24.0,1.4,6,1371942.0,285522.0,1657464.0
DevOps Engineer,Remote,,Tier 1,Manufacturing,Startup,Male,0.7,26.0,3.56,2,1562518.0,321620.0,1884138.0
Backend Developer,Bangalore,BTech,Tier 1,IT Services,Mid-size,Male,3.2,29.0,3.04,1,2265708.0,356286.0,2621994.0
Marketing Manager,Jaipur,BTech,Tier 3,Product Based,Mid-size,Male,8.0,31.0,3.1,6,1738663.0,252371.0,1991034.0
Marketing Manager,Delhi NCR,,Tier 3,Consulting,Startup,Female,9.9,34.0,3.42,2,2231306.0,205172.0,2436478.0
Business Analyst,Pune,BTech,Tier 3,E-Commerce,Mid-size,Male,12.6,32.0,3.77,1,2014896.0,399548.0,2414444.0
Frontend Developer,Hyderabad,PhD,Tier 2,E-Commerce,Mid-size,Male,7.7,29.0,4.34,6,3140329.0,350437.0,3490766.0
Data Scientist,Delhi NCR,MBA,Tier 3,Manufacturing,Startup,Male,13.7,38.0,3.79,7,2537182.0,571240.0,3108422.0
Financial Analyst,Bangalore,BTech,Tier 2,IT Services,MNC,Female,4.8,26.0,1.97,1,2280531.0,165125.0,2445656.0
Data Analyst,Bangalore,BTech,Tier 2,IT Services,Mid-size,Female,11.2,34.0,3.63,9,2087173.0,288967.0,2376140.0
Data Scientist,Kolkata,MBA,Tier 1,IT Services,MNC,Male,9.1,30.0,3.93,1,3063709.0,275279.0,3338988.0
Backend Developer,Delhi NCR,BTech,Tier 3,FinTech,MNC,Male,1.7,26.0,3.86,4,2444682.0,349296.0,2793978.0
Chartered Accountant,Remote,MTech,Tier 2,Consulting,MNC,Male,4.5,23.0,4.15,5,2729747.0,581265.0,3311012.0
Software Engineer,Ahmedabad,BTech,Tier 3,EdTech,Startup,Female,1.9,25.0,2.55,3,1005419.0,248156.0,1253574.0
Chartered Accountant,Chennai,MBA,Tier 3,Product Based,Mid-size,Male,3.3,25.0,3.66,4,2584375.0,236371.0,2820745.0
AI Engineer,Ahmedabad,BTech,Tier 2,Consulting,MNC,Male,7.1,31.0,1.5,9,2839429.0,325662.0,3165090.0
Product Manager,Remote,PhD,Tier 1,Manufacturing,Startup,Male,1.7,24.0,2.54,5,3069803.0,206157.0,3275960.0
Marketing Manager,Bangalore,MBA,Tier 3,FinTech,Mid-size,Female,2.4,26.0,4.71,3,2714979.0,351310.0,3066289.0
Software Engineer,Mumbai,BTech,Tier 3,FinTech,MNC,Male,13.1,33.0,2.35,4,3364638.0,777757.0,4142394.0
Business Analyst,Mumbai,PhD,Tier 1,FinTech,Startup,Male,6.0,33.0,4.01,6,3637527.0,236133.0,3873660.0
Data Scientist,Mumbai,MBA,Tier 1,EdTech,Startup,Female,0.0,23.0,3.31,4,1916824.0,140094.0,5435810.952256921
Data Analyst,Ahmedabad,BTech,Tier 2,E-Commerce,MNC,Male,6.3,30.0,2.35,3,1931356.0,146018.0,2077374.0
Backend Developer,Chennai,MTech,Tier 1,Manufacturing,MNC,Male,5.9,28.0,3.58,5,2650143.0,282777.0,2932920.0
Frontend Developer,Chennai,BTech,Tier 1,Consulting,Mid-size,Male,1.7,27.0,2.71,8,1905978.0,442678.0,2348656.0
Financial Analyst,Delhi NCR,BTech,Tier 1,FinTech,MNC,Male,4.9,25.0,2.81,5,3266691.0,466070.0,3732761.0
Frontend Developer,Mumbai,,Tier 2,FinTech,Mid-size,Male,7.2,32.0,3.09,7,2640295.0,239212.0,2879507.0
Frontend Developer,Ahmedabad,MTech,Tier 3,FinTech,Startup,Male,3.8,29.0,3.78,4,1894854.0,182313.0,2077167.0
Frontend Developer,Jaipur,MTech,Tier 2,E-Commerce,Mid-size,Female,5.1,27.0,3.23,6,1865427.0,233030.0,2098457.0
Software Engineer,Hyderabad,BTech,Tier 1,E-Commerce,Startup,Female,5.7,28.0,3.31,3,2291934.0,129273.0,2421206.0
Data Analyst,Remote,BTech,Tier 2,Product Based,MNC,Female,6.8,27.0,2.33,8,2583154.0,601228.0,3184382.0
Software Engineer,Mumbai,BTech,Tier 2,Product Based,Mid-size,Male,7.9,31.0,3.56,7,3039506.0,499871.0,3539377.0
Frontend Developer,Bangalore,BTech,Tier 2,FinTech,Mid-size,Male,9.1,32.0,3.0,7,2960421.0,243175.0,3203596.0
Data Scientist,Kolkata,BTech,Tier 2,Manufacturing,Startup,Male,10.0,29.0,4.34,8,1784068.0,383610.0,2167679.0
Chartered Accountant,Remote,,Tier 3,Manufacturing,MNC,Male,4.5,30.0,,6,1947105.0,158974.0,2106079.0
Frontend Developer,Chennai,,Tier 3,Manufacturing,Mid-size,Male,9.2,31.0,3.63,7,1873567.0,102642.0,1976209.0
Marketing Manager,Bangalore,MTech,Tier 2,EdTech,Startup,Female,0.0,23.0,4.84,6,1558199.0,198920.0,1757119.0
Frontend Developer,Mumbai,BTech,Tier 3,Consulting,MNC,Male,1.1,23.0,3.97,5,2029712.0,309358.0,2339069.0
Data Analyst,Pune,BTech,Tier 1,Product Based,MNC,Male,4.9,28.0,3.88,2,2743176.0,415468.0,3158644.0
AI Engineer,Ahmedabad,BTech,Tier 2,Manufacturing,MNC,Male,13.1,37.0,3.59,6,2404184.0,449401.0,2853585.0
Frontend Developer,Remote,PhD,Tier 2,EdTech,Startup,Female,5.6,29.0,3.67,4,2041578.0,136961.0,2178539.0
Software Engineer,Hyderabad,MTech,Tier 1,E-Commerce,Mid-size,Female,9.2,33.0,2.59,3,3176603.0,215487.0,3392091.0
Product Manager,Kolkata,MBA,Tier 2,Manufacturing,MNC,Male,6.0,29.0,4.51,8,3063470.0,456489.0,3519959.0
Data Scientist,Kolkata,PhD,Tier 2,Product Based,Startup,Male,12.1,36.0,4.15,5,3305108.0,741498.0,4046606.0
DevOps Engineer,Hyderabad,BTech,Tier 2,EdTech,Startup,Female,6.6,31.0,2.58,1,1528018.0,166082.0,1694101.0
Data Analyst,Mumbai,BTech,Tier 2,Product Based,Startup,Male,5.7,31.0,3.47,6,2456848.0,479069.0,2935917.0
Marketing Manager,Remote,BTech,Tier 2,FinTech,Mid-size,Male,10.6,35.0,3.64,3,2282756.0,412324.0,2695080.0
AI Engineer,Bangalore,MBA,Tier 3,FinTech,MNC,Female,4.6,28.0,2.93,4,3982063.0,265853.0,4247916.0
Financial Analyst,Jaipur,MTech,Tier 2,EdTech,Mid-size,Male,3.4,27.0,3.0,3,1216288.0,191649.0,1407937.0
Financial Analyst,Mumbai,MTech,Tier 2,IT Services,Startup,Male,2.1,25.0,3.61,6,2118055.0,324727.0,2442782.0
Software Engineer,Pune,PhD,Tier 1,E-Commerce,Startup,Male,4.6,28.0,2.67,3,3041994.0,648139.0,3690133.0
Business Analyst,Remote,BTech,Tier 1,Manufacturing,MNC,Female,5.9,30.0,3.63,3,2219929.0,266831.0,2486760.0
Marketing Manager,Delhi NCR,MBA,Tier 3,Consulting,MNC,Male,9.9,34.0,3.73,7,3115777.0,673176.0,3788953.0
Financial Analyst,Chennai,BTech,Tier 2,IT Services,Startup,Male,7.7,31.0,3.27,3,1707305.0,202909.0,1910214.0
Chartered Accountant,Pune,MTech,Tier 2,Manufacturing,Startup,Male,10.0,35.0,3.38,3,2035195.0,172487.0,2207682.0
Business Analyst,Jaipur,BTech,Tier 1,EdTech,Startup,Male,4.7,25.0,2.89,5,1339323.0,215016.0,1554339.0
Product Manager,Remote,BTech,Tier 3,EdTech,MNC,Male,15.7,41.0,4.93,4,2671674.0,412090.0,3083764.0
Product Manager,Hyderabad,MBA,Tier 3,E-Commerce,MNC,Female,4.4,25.0,3.74,4,3952997.0,590304.0,4543300.0
Data Scientist,Chennai,MTech,Tier 3,Consulting,Mid-size,Female,6.2,30.0,3.67,5,2310751.0,570465.0,2881216.0
Data Scientist,Kolkata,BTech,Tier 3,Product Based,Mid-size,Male,3.0,21.0,4.23,1,2312837.0,301370.0,2614207.0
Financial Analyst,Pune,PhD,Tier 1,FinTech,Mid-size,Male,5.3,27.0,3.11,3,3221496.0,331046.0,3552542.0
Backend Developer,Hyderabad,BTech,Tier 1,IT Services,Startup,Male,3.1,27.0,3.96,4,1971732.0,335899.0,2307632.0
AI Engineer,Hyderabad,BTech,Tier 3,Consulting,Mid-size,Male,6.0,28.0,2.46,5,2559479.0,217031.0,2776510.0
Software Engineer,Jaipur,MBA,Tier 1,Manufacturing,Mid-size,Male,10.3,29.0,3.94,2,1920901.0,369267.0,2290167.0
Financial Analyst,Mumbai,BTech,Tier 3,FinTech,MNC,Female,14.2,34.0,3.49,1,2847505.0,299983.0,3147488.0
Chartered Accountant,Jaipur,BTech,Tier 2,E-Commerce,Startup,Female,0.0,22.0,3.69,5,1273071.0,315129.0,1588199.0
AI Engineer,Ahmedabad,BTech,Tier 3,Consulting,Startup,Male,11.1,33.0,,6,2323403.0,422232.0,2745635.0
Data Analyst,Chennai,MTech,Tier 2,Manufacturing,Mid-size,Male,5.5,32.0,1.66,7,1623517.0,310791.0,1934308.0
Financial Analyst,Pune,MTech,Tier 3,E-Commerce,Mid-size,Male,7.4,30.0,4.37,1,1982805.0,466447.0,2449253.0
Business Analyst,Bangalore,BTech,Tier 2,FinTech,Mid-size,Female,5.9,26.0,3.53,3,2018588.0,416816.0,2435404.0
Frontend Developer,Ahmedabad,BTech,Tier 3,Manufacturing,MNC,Male,4.3,28.0,,2,1616302.0,357517.0,1973818.0
Backend Developer,Kolkata,BTech,Tier 2,IT Services,Mid-size,Male,4.5,29.0,3.5,6,1590296.0,165958.0,1756254.0
Product Manager,Ahmedabad,MBA,Tier 2,IT Services,MNC,Male,8.7,31.0,4.07,3,3175887.0,294992.0,3470879.0
Backend Developer,Remote,BTech,Tier 2,Consulting,MNC,Female,4.2,31.0,4.18,9,2108040.0,223578.0,2331618.0
Software Engineer,Pune,,Tier 2,E-Commerce,MNC,Male,4.3,28.0,3.74,5,2557081.0,338610.0,2895690.0
Product Manager,Chennai,BTech,Tier 3,IT Services,Mid-size,Female,6.1,31.0,3.39,7,2335671.0,172787.0,2508458.0
Data Scientist,Jaipur,MTech,Tier 3,Consulting,Startup,Female,7.7,32.0,2.67,8,1802850.0,220066.0,2022917.0
DevOps Engineer,Mumbai,MBA,Tier 2,E-Commerce,MNC,Male,7.3,33.0,4.02,5,3767236.0,405480.0,4172716.0
Chartered Accountant,Pune,MBA,Tier 3,FinTech,Startup,Male,15.4,37.0,3.01,3,2489177.0,199577.0,2688755.0
Financial Analyst,Bangalore,MTech,Tier 1,EdTech,Startup,Male,0.0,22.0,3.86,6,1945243.0,382048.0,2327291.0
Financial Analyst,Jaipur,BTech,Tier 2,IT Services,Mid-size,Male,0.8,23.0,,4,1057245.0,155071.0,1212316.0
Business Analyst,Kolkata,PhD,Tier 3,Consulting,Mid-size,Female,4.1,27.0,3.29,14,2168298.0,303809.0,2472107.0
Data Analyst,Pune,MBA,Tier 2,Product Based,Mid-size,Female,4.1,27.0,3.11,2,2250613.0,396974.0,2647587.0
Frontend Developer,Pune,PhD,Tier 2,E-Commerce,Startup,Female,13.3,36.0,2.71,6,2733761.0,330206.0,3063967.0
Frontend Developer,Pune,BTech,Tier 3,E-Commerce,Mid-size,Male,10.3,33.0,3.31,6,2285021.0,297502.0,2582523.0
Marketing Manager,Bangalore,MTech,Tier 2,Consulting,Startup,Male,4.9,29.0,,4,2125514.0,423406.0,2548920.0
Marketing Manager,Hyderabad,BTech,Tier 1,FinTech,Startup,Male,7.7,30.0,3.55,3,2671181.0,335279.0,3006460.0
Chartered Accountant,Chennai,MTech,Tier 3,FinTech,MNC,Male,0.0,23.0,3.08,10,2408500.0,173163.0,2581663.0
Backend Developer,Ahmedabad,MTech,Tier 3,FinTech,Startup,Male,11.6,32.0,3.07,5,2035037.0,294316.0,2329353.0
Financial Analyst,Remote,MBA,Tier 1,E-Commerce,MNC,Female,3.0,28.0,1.83,6,2840088.0,546251.0,3386338.0
Data Analyst,Ahmedabad,BTech,Tier 2,FinTech,Mid-size,Female,2.5,25.0,2.46,6,1614474.0,400834.0,2015308.0
Product Manager,Pune,BTech,Tier 3,E-Commerce,Mid-size,Male,9.9,33.0,4.07,4,2867998.0,320309.0,3188307.0
Data Scientist,Mumbai,MTech,Tier 2,EdTech,Mid-size,Female,0.9,25.0,3.28,5,1884685.0,240004.0,2124689.0
Marketing Manager,Hyderabad,BTech,Tier 2,Product Based,Mid-size,Male,11.5,38.0,1.56,5,2312539.0,185068.0,2497607.0
HR Manager,Pune,BTech,Tier 1,IT Services,MNC,Female,2.7,29.0,,6,2143963.0,298892.0,2442855.0
Product Manager,Chennai,MBA,Tier 2,Consulting,Startup,Male,6.9,30.0,3.19,4,3481586.0,660891.0,4142477.0
DevOps Engineer,Delhi NCR,MBA,Tier 2,E-Commerce,Mid-size,Male,6.0,29.0,,3,2975780.0,734264.0,3710045.0
Business Analyst,Mumbai,MBA,Tier 2,Product Based,Startup,Male,6.7,32.0,3.34,3,2942651.0,229039.0,3171690.0
Marketing Manager,Remote,,Tier 1,Manufacturing,Mid-size,Female,4.0,28.0,4.64,1,2058887.0,208696.0,2267583.0
Backend Developer,Bangalore,BTech,Tier 3,IT Services,Mid-size,Female,1.8,25.0,3.52,5,1877262.0,106414.0,1983676.0
Data Analyst,Bangalore,MBA,Tier 3,FinTech,Startup,Male,5.8,27.0,3.77,9,2760968.0,571641.0,3332610.0
HR Manager,Mumbai,MTech,Tier 2,EdTech,Startup,Male,6.5,26.0,3.3,1,1606125.0,289681.0,1895806.0
Financial Analyst,Remote,PhD,Tier 3,Product Based,MNC,Male,4.7,27.0,2.43,5,2687863.0,191226.0,2879089.0
Financial Analyst,Delhi NCR,MTech,Tier 3,Manufacturing,MNC,Male,8.4,33.0,2.61,4,2035888.0,214400.0,2250288.0
Product Manager,Mumbai,MBA,Tier 2,Consulting,Startup,Female,0.5,25.0,1.99,1,2640372.0,619026.0,3259398.0
Software Engineer,Bangalore,BTech,Tier 3,Consulting,MNC,Female,5.4,26.0,3.51,9,2766734.0,524651.0,3291385.0
Software Engineer,Hyderabad,BTech,Tier 1,Consulting,Mid-size,Male,6.7,28.0,2.07,6,2722992.0,433590.0,3156582.0
Backend Developer,Jaipur,BTech,Tier 2,Consulting,MNC,Male,2.1,26.0,2.98,9,1978633.0,478289.0,2456922.0
Frontend Developer,Chennai,MBA,Tier 2,FinTech,Mid-size,Male,4.7,28.0,3.88,6,2437202.0,480320.0,2917523.0
HR Manager,Mumbai,BTech,Tier 3,Consulting,Mid-size,Male,1.7,25.0,4.08,4,1977145.0,417932.0,2395078.0
Financial Analyst,Jaipur,BTech,Tier 2,IT Services,Startup,Male,3.9,28.0,4.11,4,1097296.0,211542.0,1308838.0
Marketing Manager,Delhi NCR,BTech,Tier 1,Manufacturing,Startup,Female,3.5,25.0,,6,2191293.0,491215.0,2682508.0
Backend Developer,Jaipur,,Tier 3,Consulting,MNC,Male,16.2,37.0,3.02,5,2078998.0,426404.0,2505402.0
Product Manager,Chennai,BTech,Tier 3,Consulting,MNC,Male,9.5,35.0,4.53,3,3097199.0,476954.0,3574153.0
Business Analyst,Delhi NCR,MTech,Tier 3,E-Commerce,MNC,Female,0.0,22.0,3.86,3,1722695.0,172520.0,1895215.0
AI Engineer,Kolkata,BTech,Tier 3,IT Services,Startup,Male,0.6,22.0,5.0,3,1589844.0,296073.0,1885918.0
Software Engineer,Pune,BTech,Tier 1,EdTech,Mid-size,Male,2.2,27.0,4.14,7,2082805.0,132027.0,2214832.0
DevOps Engineer,Mumbai,BTech,Tier 3,IT Services,Startup,Male,2.3,26.0,3.18,5,1902916.0,418266.0,2321182.0
Business Analyst,Pune,BTech,Tier 3,IT Services,Startup,Male,0.0,25.0,3.01,5,962522.0,177704.0,1140226.0
Marketing Manager,Hyderabad,BTech,Tier 2,Manufacturing,Mid-size,Female,8.1,32.0,2.22,4,1624849.0,152782.0,1777632.0
Frontend Developer,Bangalore,BTech,Tier 2,EdTech,Mid-size,Female,7.6,32.0,1.81,4,2042385.0,136228.0,2178614.0
Frontend Developer,Chennai,MBA,Tier 3,Manufacturing,Startup,Female,10.2,31.0,3.16,8,1775380.0,397613.0,2172993.0
HR Manager,Bangalore,BTech,Tier 3,EdTech,Mid-size,Male,2.1,27.0,4.49,1,1662618.0,153067.0,1815684.0
HR Manager,Jaipur,BTech,Tier 2,E-Commerce,MNC,Female,9.8,32.0,2.47,4,2180685.0,219579.0,2400264.0
Business Analyst,Kolkata,MBA,Tier 3,FinTech,Startup,Female,8.0,30.0,3.96,4,1822943.0,308665.0,2131608.0
Software Engineer,Hyderabad,BTech,Tier 1,E-Commerce,Mid-size,Female,5.0,27.0,4.17,5,2714725.0,223829.0,2938555.0
Data Scientist,Pune,BTech,Tier 2,Product Based,Mid-size,Female,4.2,30.0,,5,2684610.0,395894.0,3080504.0
Data Analyst,Ahmedabad,BTech,Tier 1,FinTech,Startup,Male,7.9,29.0,4.62,9,2461478.0,308611.0,2770089.0
Product Manager,Jaipur,BTech,Tier 2,IT Services,Startup,Male,14.3,37.0,4.32,4,2168314.0,201687.0,2370001.0
Frontend Developer,Delhi NCR,BTech,Tier 3,EdTech,MNC,Male,1.0,20.0,2.47,4,1627288.0,352496.0,1979784.0
AI Engineer,Remote,MBA,Tier 2,Consulting,Mid-size,Male,1.5,30.0,4.29,3,2483573.0,470243.0,2953816.0
Data Scientist,Remote,BTech,Tier 2,EdTech,Startup,Female,7.8,32.0,,8,2026562.0,355528.0,2382091.0
Software Engineer,Hyderabad,BTech,Tier 1,FinTech,MNC,Female,4.6,24.0,1.11,6,3217891.0,455620.0,3673510.0
DevOps Engineer,Ahmedabad,BTech,Tier 3,IT Services,Mid-size,Male,4.9,27.0,3.14,6,1664810.0,261681.0,1926491.0
Financial Analyst,Mumbai,BTech,Tier 3,EdTech,Mid-size,Male,7.9,32.0,3.37,4,1636462.0,242757.0,1879219.0
DevOps Engineer,Bangalore,MTech,Tier 3,Consulting,Mid-size,Male,10.5,34.0,3.92,5,3163407.0,616390.0,3779797.0
Frontend Developer,Pune,BTech,Tier 3,EdTech,MNC,Male,0.0,25.0,3.3,5,1189078.0,278700.0,1467778.0
Chartered Accountant,Hyderabad,MTech,Tier 3,IT Services,Startup,Male,3.1,25.0,2.91,3,1886205.0,177588.0,2063793.0
Backend Developer,Delhi NCR,BTech,Tier 2,FinTech,Startup,Male,3.0,24.0,,8,2683850.0,513949.0,3197799.0
Financial Analyst,Ahmedabad,,Tier 1,Manufacturing,Mid-size,Female,8.4,30.0,2.81,8,2077870.0,371814.0,2449684.0
DevOps Engineer,Kolkata,BTech,Tier 2,FinTech,Startup,Male,2.3,29.0,4.53,4,1964089.0,233578.0,2197667.0
HR Manager,Pune,BTech,Tier 2,Consulting,MNC,Female,1.6,26.0,3.95,4,1852478.0,442221.0,2294699.0
Business Analyst,Ahmedabad,MBA,Tier 2,EdTech,MNC,Female,5.7,29.0,4.35,2,1749000.0,397045.0,2146045.0
Backend Developer,Jaipur,BTech,Tier 3,E-Commerce,MNC,Male,11.5,37.0,2.91,5,1970472.0,454964.0,2425435.0
Software Engineer,Hyderabad,BTech,Tier 2,EdTech,Startup,Male,5.6,26.0,3.48,4,1701183.0,134367.0,1835550.0
Data Scientist,Hyderabad,MTech,Tier 1,Manufacturing,MNC,Male,4.9,29.0,2.77,4,2935718.0,544048.0,3479767.0
DevOps Engineer,Delhi NCR,PhD,Tier 3,IT Services,Startup,Female,7.4,30.0,3.69,2,2314979.0,166577.0,2481556.0
Financial Analyst,Mumbai,MBA,Tier 2,E-Commerce,Startup,Male,0.2,18.0,3.75,8,2079095.0,286621.0,2365716.0
HR Manager,Pune,BTech,Tier 1,Manufacturing,MNC,Male,0.0,21.0,3.3,6,1658610.0,155100.0,1813711.0
AI Engineer,Bangalore,BTech,Tier 1,Product Based,MNC,Male,5.1,31.0,3.97,11,5336111.0,362531.0,5698642.0
Chartered Accountant,Jaipur,MTech,Tier 2,E-Commerce,Mid-size,Female,5.9,27.0,3.74,4,1834340.0,330881.0,2165221.0
Software Engineer,Mumbai,BTech,Tier 3,E-Commerce,MNC,Male,5.5,30.0,3.34,2,2645930.0,266771.0,2912701.0
Chartered Accountant,Pune,PhD,Tier 3,Product Based,Startup,Male,14.6,40.0,3.0,4,2996506.0,660792.0,3657298.0
AI Engineer,Kolkata,BTech,Tier 2,FinTech,Startup,Male,6.9,28.0,2.97,8,2460334.0,421643.0,7616191.866060069
Frontend Developer,Mumbai,MTech,Tier 3,EdTech,Mid-size,Male,6.3,33.0,3.15,4,1767669.0,172029.0,1939697.0
Software Engineer,Remote,MBA,Tier 1,Manufacturing,Mid-size,Female,1.7,24.0,3.09,1,1735795.0,343836.0,2079631.0
HR Manager,Pune,BTech,Tier 1,Product Based,Startup,Female,1.9,24.0,4.49,4,2295883.0,202472.0,2498355.0
HR Manager,Chennai,PhD,Tier 3,EdTech,Mid-size,Female,0.0,27.0,3.5,6,1110319.0,154660.0,1264979.0
Software Engineer,Chennai,BTech,Tier 2,E-Commerce,MNC,Male,3.5,26.0,,5,2388184.0,421008.0,2809192.0
HR Manager,Ahmedabad,BTech,Tier 2,FinTech,Startup,Male,10.4,34.0,4.52,6,1994350.0,268927.0,2263277.0
Marketing Manager,Ahmedabad,MTech,Tier 3,FinTech,Startup,Female,0.0,21.0,3.81,5,1251265.0,269884.0,1521150.0
Software Engineer,Ahmedabad,MBA,Tier 2,FinTech,Mid-size,Male,6.8,29.0,3.72,9,2733541.0,534491.0,3268032.0
Data Analyst,Bangalore,MTech,Tier 1,EdTech,Mid-size,Male,0.1,22.0,4.37,4,1702254.0,189636.0,1891890.0
Data Analyst,Pune,BTech,Tier 1,E-Commerce,Startup,Male,6.1,29.0,,4,2293480.0,160851.0,2454330.0
Software Engineer,Hyderabad,MTech,Tier 2,FinTech,MNC,Male,0.0,30.0,2.48,1,2132000.0,228605.0,2360604.0
Chartered Accountant,Hyderabad,,Tier 1,Product Based,Mid-size,Male,0.9,24.0,2.93,2,2858361.0,312600.0,3170961.0
Data Scientist,Mumbai,BTech,Tier 3,IT Services,MNC,Male,0.0,25.0,2.4,8,2037065.0,315395.0,2352460.0
Chartered Accountant,Bangalore,BTech,Tier 3,FinTech,Mid-size,Female,4.0,29.0,4.76,6,2506819.0,527988.0,3034807.0
Business Analyst,Bangalore,BTech,Tier 1,Manufacturing,Startup,Male,3.0,29.0,3.17,4,1849837.0,248921.0,2098758.0
Backend Developer,Jaipur,MTech,Tier 3,EdTech,Startup,Male,2.6,26.0,3.06,6,1088414.0,97368.0,1185782.0
Backend Developer,Delhi NCR,BTech,Tier 3,EdTech,Mid-size,Male,7.8,36.0,,6,1984182.0,484640.0,2468823.0
Chartered Accountant,Pune,BTech,Tier 2,FinTech,MNC,Female,5.8,28.0,2.86,4,2783089.0,676436.0,3459525.0
Financial Analyst,Delhi NCR,,Tier 2,Manufacturing,MNC,Female,0.0,24.0,4.45,4,1371055.0,251674.0,1622729.0
Chartered Accountant,Ahmedabad,,Tier 1,IT Services,Mid-size,Male,0.0,22.0,2.58,4,1452289.0,341973.0,1794262.0
Marketing Manager,Mumbai,BTech,Tier 3,IT Services,Startup,Male,5.3,31.0,3.83,4,1625151.0,184890.0,1810041.0
Software Engineer,Remote,MTech,Tier 3,IT Services,MNC,Male,14.4,38.0,3.16,6,2596246.0,263398.0,2859644.0
AI Engineer,Ahmedabad,MBA,Tier 1,Product Based,Mid-size,Female,6.9,31.0,3.43,1,3546858.0,508137.0,4054995.0
Data Scientist,Ahmedabad,BTech,Tier 2,Product Based,MNC,Male,7.8,29.0,3.95,7,2918408.0,484755.0,3403162.0
Financial Analyst,Pune,PhD,Tier 2,E-Commerce,MNC,Female,12.0,38.0,4.16,6,3385977.0,289528.0,3675505.0
Business Analyst,Delhi NCR,BTech,Tier 1,Consulting,Mid-size,Male,3.9,25.0,4.3,4,2127777.0,223198.0,2350975.0
Backend Developer,Kolkata,BTech,Tier 3,FinTech,MNC,Female,3.3,31.0,3.86,3,2110752.0,396352.0,2507104.0
Chartered Accountant,Chennai,BTech,Tier 3,EdTech,Startup,Female,0.0,21.0,3.61,7,1255799.0,81479.0,1337278.0
Data Analyst,Mumbai,BTech,Tier 3,Manufacturing,Mid-size,Female,2.6,29.0,3.79,5,1453961.0,124842.0,1578803.0
Frontend Developer,Jaipur,MTech,Tier 1,FinTech,Mid-size,Male,7.5,31.0,4.9,4,2528479.0,130306.0,2658784.0
HR Manager,Mumbai,BTech,Tier 3,IT Services,MNC,Male,10.0,36.0,2.69,6,2229644.0,525800.0,2755444.0
Backend Developer,Remote,MBA,Tier 2,FinTech,Mid-size,Female,0.5,25.0,3.94,7,2287318.0,268182.0,2555500.0
HR Manager,Ahmedabad,BTech,Tier 3,EdTech,Startup,Male,0.0,22.0,3.62,6,983272.0,134059.0,1117331.0
Data Scientist,Chennai,BTech,Tier 2,FinTech,Startup,Female,6.1,29.0,3.23,7,2492680.0,295782.0,2788462.0
Data Scientist,Delhi NCR,BTech,Tier 1,EdTech,MNC,Male,0.5,23.0,4.29,6,2594691.0,451641.0,3046332.0
Software Engineer,Chennai,,Tier 1,EdTech,MNC,Male,6.6,27.0,2.16,2,2457039.0,469769.0,2926809.0
Data Analyst,Ahmedabad,MBA,Tier 2,Consulting,MNC,Female,0.0,25.0,2.77,5,1359361.0,163549.0,1522910.0
DevOps Engineer,Kolkata,MBA,Tier 2,FinTech,Mid-size,Male,2.1,23.0,3.1,3,2350644.0,369540.0,2720184.0
Business Analyst,Remote,BTech,Tier 2,E-Commerce,MNC,Male,7.1,31.0,3.37,3,2030275.0,248425.0,2278701.0
HR Manager,Hyderabad,BTech,Tier 2,FinTech,Startup,Male,3.6,26.0,3.25,5,1952505.0,284359.0,2236864.0
HR Manager,Jaipur,MTech,Tier 1,E-Commerce,Startup,Female,3.8,27.0,4.71,3,1886230.0,467014.0,2353244.0
AI Engineer,Chennai,MBA,Tier 2,IT Services,MNC,Male,0.0,25.0,2.37,7,2816948.0,177699.0,2994646.0
HR Manager,Bangalore,BTech,Tier 2,Consulting,MNC,Female,4.8,26.0,3.22,1,2429289.0,442737.0,2872026.0
Frontend Developer,Pune,MBA,Tier 3,IT Services,Startup,Male,5.9,31.0,2.8,7,1786920.0,260645.0,2047565.0
Business Analyst,Kolkata,MBA,Tier 3,Consulting,Startup,Male,11.5,34.0,3.85,5,1702731.0,140743.0,1843475.0
Software Engineer,Hyderabad,,Tier 3,E-Commerce,Mid-size,Male,8.4,32.0,3.05,2,2227060.0,142479.0,2369539.0
HR Manager,Kolkata,MBA,Tier 3,E-Commerce,MNC,Male,3.8,29.0,2.95,5,2190621.0,480722.0,2671343.0
Marketing Manager,Chennai,BTech,Tier 2,Consulting,MNC,Male,0.0,24.0,1.92,2,1398918.0,335504.0,1734422.0
Software Engineer,Mumbai,,Tier 3,Product Based,Startup,Male,6.8,32.0,4.82,5,2227354.0,385227.0,2612581.0
Software Engineer,Remote,MBA,Tier 2,Manufacturing,MNC,Male,2.9,26.0,3.94,6,2093517.0,391408.0,2484925.0
Chartered Accountant,Delhi NCR,BTech,Tier 1,Consulting,Startup,Male,9.4,33.0,3.84,8,3262768.0,428616.0,3691385.0
HR Manager,Remote,MTech,Tier 1,FinTech,Mid-size,Male,8.7,28.0,2.58,5,2512227.0,354738.0,2866965.0
Software Engineer,Mumbai,BTech,Tier 1,E-Commerce,MNC,Male,0.6,22.0,3.73,4,2764086.0,240236.0,3004322.0
DevOps Engineer,Bangalore,MTech,Tier 2,IT Services,Mid-size,Male,2.2,24.0,3.53,9,2530880.0,607185.0,3138065.0
Data Scientist,Mumbai,PhD,Tier 2,Product Based,MNC,Male,1.3,25.0,2.89,7,4164053.0,687233.0,4851286.0
Software Engineer,Chennai,MBA,Tier 3,IT Services,Startup,Male,6.3,28.0,5.0,5,2031664.0,410426.0,2442090.0
Business Analyst,Delhi NCR,BTech,Tier 3,Manufacturing,Mid-size,Male,6.7,27.0,3.99,3,1665363.0,230346.0,1895709.0
Financial Analyst,Delhi NCR,BTech,Tier 3,Consulting,Startup,Male,5.3,26.0,5.0,3,1924901.0,109275.0,2034175.0
Data Analyst,Pune,BTech,Tier 2,E-Commerce,Mid-size,Female,1.0,25.0,3.92,7,1640239.0,199879.0,1840118.0
Financial Analyst,Ahmedabad,BTech,Tier 2,Consulting,Startup,Male,0.0,25.0,3.46,3,941236.0,162470.0,1103707.0
Frontend Developer,Bangalore,BTech,Tier 3,E-Commerce,Mid-size,Male,6.4,30.0,,4,2391667.0,381355.0,2773022.0
Chartered Accountant,Hyderabad,BTech,Tier 3,FinTech,Mid-size,Male,3.7,29.0,3.49,3,2179794.0,259695.0,2439489.0
Data Scientist,Chennai,BTech,Tier 2,FinTech,Startup,Female,15.9,42.0,2.53,8,2624758.0,541482.0,3166240.0
Backend Developer,Delhi NCR,BTech,Tier 3,Product Based,Mid-size,Male,4.3,28.0,4.26,6,2607647.0,441636.0,3049283.0
Backend Developer,Kolkata,BTech,Tier 3,IT Services,Startup,Male,0.0,22.0,3.29,6,1163013.0,73208.0,1236222.0
AI Engineer,Mumbai,BTech,Tier 3,Consulting,Mid-size,Female,5.7,31.0,3.87,4,2567854.0,321429.0,2889283.0
Product Manager,Pune,MBA,Tier 3,IT Services,Startup,Male,4.9,31.0,,4,2345496.0,200123.0,2545618.0
Software Engineer,Remote,MTech,Tier 3,Manufacturing,Mid-size,Female,6.8,31.0,4.63,3,1427686.0,335322.0,1763008.0
Financial Analyst,Remote,BTech,Tier 2,E-Commerce,Mid-size,Male,8.6,31.0,,6,2638187.0,482295.0,3120482.0
Chartered Accountant,Chennai,BTech,Tier 3,Manufacturing,MNC,Female,1.4,22.0,3.31,3,1661680.0,205308.0,1866988.0
Product Manager,Bangalore,BTech,Tier 3,Product Based,Mid-size,Male,6.5,32.0,4.27,6,3892196.0,695237.0,4587432.0
Business Analyst,Hyderabad,BTech,Tier 3,Consulting,Startup,Male,8.9,31.0,,4,1675839.0,124991.0,1800831.0
Backend Developer,Remote,PhD,Tier 3,FinTech,Mid-size,Male,4.3,26.0,1.93,8,2598261.0,587486.0,3185748.0
Data Scientist,Remote,MBA,Tier 3,IT Services,Startup,Male,8.9,32.0,3.72,7,2250650.0,540727.0,2791377.0
Backend Developer,Hyderabad,BTech,Tier 3,Manufacturing,Mid-size,Male,7.9,31.0,4.73,2,1510741.0,117967.0,1628707.0
DevOps Engineer,Kolkata,BTech,Tier 3,IT Services,Mid-size,Male,9.6,35.0,4.58,4,2052264.0,496788.0,2549052.0
Backend Developer,Jaipur,MBA,Tier 2,E-Commerce,Startup,Male,0.0,24.0,3.52,6,1241871.0,181743.0,1423614.0
Product Manager,Ahmedabad,BTech,Tier 3,FinTech,Mid-size,Male,12.0,36.0,4.36,11,2765033.0,374839.0,3139872.0
Backend Developer,Chennai,PhD,Tier 2,IT Services,Startup,Female,1.2,22.0,3.68,9,1770198.0,138055.0,1908252.0
Business Analyst,Ahmedabad,BTech,Tier 1,Consulting,Startup,Male,0.0,25.0,2.97,3,1077780.0,194233.0,1272013.0
Backend Developer,Chennai,BTech,Tier 3,FinTech,MNC,Female,4.2,30.0,4.66,1,2587253.0,170210.0,2757463.0
Data Scientist,Mumbai,MTech,Tier 3,Consulting,Mid-size,Male,0.0,21.0,2.53,7,1830766.0,445798.0,2276564.0
Financial Analyst,Remote,MBA,Tier 1,FinTech,MNC,Male,11.5,34.0,3.76,6,3767909.0,903223.0,4671132.0
AI Engineer,Mumbai,MTech,Tier 3,EdTech,Mid-size,Male,4.9,27.0,4.45,6,2418489.0,203975.0,2622464.0
Data Scientist,Mumbai,MBA,Tier 3,Consulting,Mid-size,Male,7.5,31.0,4.05,5,3112963.0,702570.0,3815533.0
DevOps Engineer,Kolkata,,Tier 2,FinTech,Startup,Female,7.7,32.0,4.22,3,1905508.0,288131.0,2193639.0
HR Manager,Kolkata,BTech,Tier 2,Manufacturing,MNC,Male,3.9,26.0,3.73,6,1598923.0,241432.0,1840355.0
Software Engineer,Ahmedabad,,Tier 1,IT Services,Startup,Male,3.7,26.0,3.04,5,1560055.0,128539.0,1688593.0
Data Analyst,Ahmedabad,BTech,Tier 3,Manufacturing,MNC,Male,4.6,30.0,2.61,4,1058701.0,237368.0,1296069.0
Financial Analyst,Bangalore,BTech,Tier 1,EdTech,Startup,Male,7.2,28.0,3.1,5,2190102.0,203805.0,2393907.0
DevOps Engineer,Pune,MBA,Tier 2,Manufacturing,Mid-size,Male,0.9,24.0,3.82,7,1881009.0,432193.0,2313202.0
Business Analyst,Jaipur,MTech,Tier 3,E-Commerce,MNC,Male,8.2,31.0,1.38,1,1844569.0,265235.0,2109804.0
Financial Analyst,Kolkata,MBA,Tier 1,Product Based,Mid-size,Female,0.0,24.0,3.87,5,2071492.0,233308.0,2304800.0
Data Scientist,Hyderabad,MBA,Tier 2,FinTech,MNC,Male,2.3,28.0,4.31,4,3564142.0,515609.0,4079751.0
Software Engineer,Bangalore,BTech,Tier 3,Product Based,MNC,Female,10.6,34.0,3.52,5,3460103.0,211978.0,3672081.0
Chartered Accountant,Pune,PhD,Tier 2,IT Services,Mid-size,Male,11.5,34.0,3.89,5,2859013.0,311814.0,3170828.0
Financial Analyst,Remote,BTech,Tier 3,Consulting,MNC,Male,10.3,36.0,4.26,7,2489133.0,366562.0,2855695.0
Chartered Accountant,Kolkata,MBA,Tier 1,IT Services,Startup,Male,0.8,22.0,3.41,11,1947878.0,454868.0,2402746.0
HR Manager,Hyderabad,MTech,Tier 1,E-Commerce,Startup,Male,11.7,36.0,4.53,4,2843391.0,272391.0,3115782.0
Backend Developer,Mumbai,MTech,Tier 2,E-Commerce,MNC,Female,8.5,34.0,,4,3461219.0,832494.0,4293714.0
DevOps Engineer,Mumbai,BTech,Tier 3,Manufacturing,Mid-size,Male,4.0,25.0,3.38,1,1755592.0,359267.0,2114860.0
Software Engineer,Pune,BTech,Tier 3,Product Based,Mid-size,Male,6.0,32.0,1.72,3,2098411.0,152479.0,2250890.0
DevOps Engineer,Chennai,BTech,Tier 2,E-Commerce,Startup,Male,5.8,26.0,3.95,7,2306341.0,334947.0,2641287.0
HR Manager,Hyderabad,BTech,Tier 3,FinTech,Mid-size,Female,5.2,29.0,2.06,6,2015816.0,426114.0,2441931.0
Chartered Accountant,Mumbai,BTech,Tier 3,Product Based,MNC,Male,7.9,34.0,3.16,4,3383500.0,632230.0,4015730.0
Software Engineer,Jaipur,MTech,Tier 1,Product Based,MNC,Female,4.9,30.0,2.1,5,2941917.0,700000.0,3641918.0
Marketing Manager,Chennai,MTech,Tier 3,IT Services,MNC,Female,11.3,33.0,3.42,6,2514635.0,565073.0,3079708.0
Marketing Manager,Kolkata,BTech,Tier 3,E-Commerce,MNC,Male,3.9,30.0,4.2,7,2022662.0,339788.0,2362450.0
Financial Analyst,Jaipur,,Tier 3,Product Based,Startup,Male,3.2,29.0,3.72,5,1650117.0,289217.0,1939334.0
HR Manager,Pune,BTech,Tier 2,Consulting,Mid-size,Male,3.8,25.0,,1,1498561.0,215840.0,1714401.0
Backend Developer,Mumbai,MTech,Tier 1,FinTech,MNC,Female,7.6,35.0,3.27,8,4573334.0,324430.0,4897764.0
AI Engineer,Hyderabad,BTech,Tier 2,IT Services,Startup,Male,2.8,24.0,3.26,8,2309522.0,391662.0,2701185.0
AI Engineer,Bangalore,BTech,Tier 2,FinTech,Mid-size,Female,8.8,28.0,2.67,4,3545007.0,346975.0,3891982.0
AI Engineer,Pune,MBA,Tier 2,IT Services,Startup,Male,10.0,33.0,2.78,5,2829677.0,488181.0,3317857.0
AI Engineer,Mumbai,BTech,Tier 3,Consulting,Startup,Female,6.2,32.0,3.42,6,2501823.0,384499.0,2886322.0
Marketing Manager,Remote,BTech,Tier 2,Product Based,Startup,Female,0.0,23.0,4.05,3,1144971.0,102966.0,1247937.0
Frontend Developer,Chennai,PhD,Tier 2,E-Commerce,MNC,Male,22.2,43.0,3.72,5,3857774.0,323294.0,11049295.706747154
Chartered Accountant,Delhi NCR,BTech,Tier 1,EdTech,Mid-size,Male,6.6,29.0,3.4,5,2810698.0,423254.0,3233952.0
Data Scientist,Kolkata,BTech,Tier 2,IT Services,Startup,Male,8.7,30.0,3.8,7,1983198.0,330639.0,2313837.0
Marketing Manager,Chennai,PhD,Tier 1,FinTech,Startup,Male,8.2,30.0,4.55,4,3512444.0,490544.0,4002987.0
Frontend Developer,Kolkata,MTech,Tier 3,Consulting,Mid-size,Male,3.0,25.0,3.44,7,1668278.0,389744.0,2058023.0
Business Analyst,Bangalore,BTech,Tier 1,EdTech,Startup,Male,1.3,24.0,2.66,3,1648189.0,290102.0,1938291.0
Data Analyst,Mumbai,BTech,Tier 1,FinTech,MNC,Female,0.0,23.0,4.01,3,2352636.0,201975.0,2554610.0
DevOps Engineer,Bangalore,BTech,Tier 1,FinTech,Startup,Male,6.4,32.0,3.68,8,3907781.0,566727.0,4474509.0
Data Analyst,Pune,PhD,Tier 1,FinTech,Mid-size,Male,4.7,26.0,4.64,4,3275905.0,249380.0,3525286.0
Financial Analyst,Remote,BTech,Tier 2,Product Based,MNC,Male,1.9,25.0,4.41,9,2649433.0,483928.0,3133361.0
Backend Developer,Jaipur,BTech,Tier 2,Product Based,Mid-size,Female,6.9,28.0,3.57,5,2007451.0,205875.0,2213327.0
Data Analyst,Kolkata,BTech,Tier 2,Product Based,Startup,Male,6.4,27.0,2.78,5,1579253.0,139190.0,1718442.0
Chartered Accountant,Hyderabad,BTech,Tier 3,FinTech,Mid-size,Male,7.9,28.0,2.48,7,2545918.0,599842.0,3145760.0
DevOps Engineer,Pune,BTech,Tier 2,Consulting,MNC,Female,4.8,27.0,4.92,8,2802744.0,144619.0,2947363.0
Marketing Manager,Kolkata,,Tier 2,Product Based,Startup,Male,6.7,27.0,4.59,2,2574064.0,563732.0,3137796.0
Data Scientist,Mumbai,BTech,Tier 3,Manufacturing,Mid-size,Male,0.0,21.0,1.15,7,1468845.0,265014.0,1733858.0
Backend Developer,Ahmedabad,MTech,Tier 1,Product Based,MNC,Male,4.2,28.0,1.92,2,2993577.0,643491.0,3637067.0
Data Analyst,Mumbai,BTech,Tier 2,FinTech,Startup,Female,1.3,24.0,3.16,6,1689252.0,315780.0,2005031.0
Backend Developer,Mumbai,BTech,Tier 3,E-Commerce,Mid-size,Male,1.0,22.0,2.81,4,1776841.0,298583.0,2075424.0
Marketing Manager,Hyderabad,,Tier 3,E-Commerce,Mid-size,Female,7.1,28.0,4.64,6,2176696.0,535522.0,2712218.0
HR Manager,Hyderabad,BTech,Tier 1,IT Services,Mid-size,Male,2.7,26.0,4.42,6,2126716.0,467254.0,2593970.0
Frontend Developer,Ahmedabad,BTech,Tier 1,Consulting,Mid-size,Male,3.8,29.0,4.41,5,1955393.0,337539.0,2292931.0
Chartered Accountant,Mumbai,BTech,Tier 3,Consulting,Startup,Male,4.1,25.0,3.35,6,1999787.0,124220.0,2124006.0
Backend Developer,Kolkata,BTech,Tier 1,E-Commerce,Startup,Female,3.5,27.0,3.43,4,1992877.0,194570.0,2187448.0
Chartered Accountant,Bangalore,,Tier 2,Manufacturing,Mid-size,Male,4.0,27.0,3.39,4,2372016.0,284363.0,2656379.0
AI Engineer,Kolkata,BTech,Tier 3,Consulting,MNC,Male,11.2,33.0,1.38,4,2853772.0,592240.0,3446011.0
Software Engineer,Mumbai,BTech,Tier 3,FinTech,Mid-size,Male,5.7,26.0,3.1,9,2499534.0,460601.0,2960134.0
DevOps Engineer,Hyderabad,BTech,Tier 1,FinTech,MNC,Male,0.0,23.0,3.92,4,2756939.0,624301.0,3381240.0
Data Scientist,Hyderabad,BTech,Tier 1,EdTech,MNC,Male,7.4,31.0,4.88,5,3367205.0,637975.0,4005179.0
HR Manager,Mumbai,BTech,Tier 3,FinTech,MNC,Male,1.3,23.0,4.19,5,2029370.0,464733.0,2494103.0
Frontend Developer,Kolkata,MTech,Tier 1,FinTech,MNC,Male,0.4,25.0,3.73,7,2190782.0,451487.0,2642269.0
AI Engineer,Ahmedabad,BTech,Tier 1,EdTech,MNC,Male,2.4,25.0,3.47,6,2416956.0,586699.0,3003655.0
Data Analyst,Jaipur,BTech,Tier 2,IT Services,MNC,Female,3.8,28.0,3.25,8,1462790.0,170485.0,1633275.0
Data Scientist,Chennai,BTech,Tier 1,FinTech,MNC,Male,2.3,27.0,5.0,6,3545001.0,796460.0,4341462.0
AI Engineer,Kolkata,BTech,Tier 3,Product Based,MNC,Male,8.8,25.0,1.56,4,3087823.0,179816.0,3267639.0
Data Scientist,Delhi NCR,BTech,Tier 3,IT Services,Startup,Female,3.9,26.0,3.95,7,1925752.0,258566.0,2184318.0
Marketing Manager,Hyderabad,MBA,Tier 2,Consulting,Mid-size,Male,6.1,30.0,4.6,6,2737216.0,540767.0,3277983.0
Backend Developer,Pune,MBA,Tier 1,IT Services,MNC,Male,5.2,31.0,3.78,3,2847026.0,497880.0,3344906.0
Financial Analyst,Delhi NCR,BTech,Tier 2,Product Based,Startup,Male,4.3,25.0,3.29,9,2605584.0,411713.0,3017297.0
Chartered Accountant,Pune,MTech,Tier 2,Consulting,MNC,Male,3.3,26.0,3.19,4,2617295.0,589572.0,3206868.0
Chartered Accountant,Remote,MBA,Tier 1,Product Based,MNC,Male,4.0,28.0,2.48,5,3776521.0,844020.0,4620541.0
Marketing Manager,Ahmedabad,BTech,Tier 2,FinTech,Mid-size,Female,9.2,34.0,3.77,3,1827502.0,430919.0,2258421.0
DevOps Engineer,Mumbai,BTech,Tier 1,IT Services,Startup,Male,2.0,25.0,,5,2128126.0,501302.0,2629428.0
HR Manager,Jaipur,BTech,Tier 3,E-Commerce,MNC,Male,2.4,26.0,2.56,3,1232579.0,120054.0,1352633.0
HR Manager,Kolkata,MTech,Tier 2,Consulting,Mid-size,Female,7.7,34.0,2.55,11,2233505.0,239851.0,2473356.0
Frontend Developer,Jaipur,BTech,Tier 2,Consulting,MNC,Male,2.9,25.0,2.65,2,1610411.0,94661.0,1705072.0
Data Analyst,Mumbai,BTech,Tier 1,Product Based,Mid-size,Female,0.3,24.0,3.35,2,1738151.0,398483.0,2136634.0
Software Engineer,Kolkata,BTech,Tier 3,FinTech,Startup,Male,4.0,27.0,3.7,6,1980457.0,455287.0,2435745.0
Financial Analyst,Kolkata,MTech,Tier 2,IT Services,MNC,Female,6.8,30.0,3.37,3,1859310.0,251559.0,2110870.0
Chartered Accountant,Mumbai,BTech,Tier 3,Product Based,Mid-size,Male,4.0,28.0,2.62,4,2598294.0,517380.0,3115674.0
DevOps Engineer,Jaipur,MTech,Tier 1,Manufacturing,MNC,Male,3.1,29.0,4.1,7,2560073.0,310563.0,2870636.0
Software Engineer,Pune,BTech,Tier 1,Manufacturing,Startup,Male,2.7,23.0,2.08,3,1488090.0,223829.0,1711919.0
Data Scientist,Hyderabad,PhD,Tier 2,Consulting,Mid-size,Male,1.4,28.0,2.86,4,2283140.0,122385.0,2405526.0
HR Manager,Delhi NCR,BTech,Tier 3,Consulting,MNC,Male,7.3,31.0,3.55,6,2404951.0,568164.0,2973115.0
Data Scientist,Jaipur,MTech,Tier 3,Manufacturing,Mid-size,Female,9.3,32.0,3.79,4,1500929.0,288977.0,1789906.0
Frontend Developer,Remote,BTech,Tier 1,EdTech,MNC,Female,13.4,36.0,4.7,5,2454079.0,240904.0,2694984.0
Frontend Developer,Hyderabad,MBA,Tier 3,EdTech,MNC,Male,2.2,26.0,4.08,3,2030433.0,183498.0,2213932.0
Backend Developer,Delhi NCR,MBA,Tier 3,FinTech,Startup,Male,11.5,36.0,3.15,4,2798029.0,662015.0,3460043.0
Frontend Developer,Bangalore,BTech,Tier 1,EdTech,MNC,Male,4.9,30.0,2.29,3,2558466.0,539858.0,3098324.0
Marketing Manager,Pune,BTech,Tier 3,Product Based,Startup,Male,4.1,30.0,3.59,5,1771184.0,372103.0,2143286.0
Backend Developer,Mumbai,PhD,Tier 1,Consulting,Mid-size,Male,1.9,27.0,3.44,3,2727378.0,208950.0,2936328.0
Business Analyst,Ahmedabad,BTech,Tier 3,IT Services,Mid-size,Male,8.0,32.0,3.45,1,1327603.0,114189.0,1441791.0
Backend Developer,Bangalore,BTech,Tier 3,E-Commerce,Startup,Female,7.0,29.0,3.45,7,2080640.0,133912.0,2214552.0
Marketing Manager,Remote,MTech,Tier 3,IT Services,Mid-size,Male,9.6,31.0,4.37,2,1890205.0,466497.0,2356703.0
Data Analyst,Delhi NCR,MTech,Tier 3,Consulting,Mid-size,Male,11.5,33.0,3.35,6,2250159.0,239170.0,2489329.0
Chartered Accountant,Bangalore,MBA,Tier 2,IT Services,Startup,Female,1.7,23.0,,3,2324810.0,407578.0,2732389.0
Data Analyst,Jaipur,MTech,Tier 1,FinTech,MNC,Male,9.0,32.0,4.22,5,2873335.0,680396.0,3553731.0
Marketing Manager,Mumbai,BTech,Tier 1,EdTech,Startup,Male,7.4,27.0,,9,2442520.0,200667.0,2643187.0
AI Engineer,Kolkata,MTech,Tier 2,Manufacturing,Startup,Female,6.4,25.0,3.33,4,2133325.0,472356.0,2605681.0
Software Engineer,Chennai,MTech,Tier 3,Consulting,Mid-size,Male,8.3,34.0,3.75,4,2250333.0,426341.0,2676674.0
Product Manager,Hyderabad,BTech,Tier 3,IT Services,Startup,Female,0.0,22.0,3.33,7,1943778.0,346721.0,2290499.0
Chartered Accountant,Hyderabad,BTech,Tier 1,Manufacturing,MNC,Male,13.4,37.0,2.97,3,3015552.0,201851.0,3217403.0
DevOps Engineer,Kolkata,MBA,Tier 3,IT Services,Startup,Female,4.1,29.0,4.28,3,1488187.0,365036.0,1853223.0
Business Analyst,Pune,BTech,Tier 2,Consulting,MNC,Male,1.2,23.0,3.8,2,1369958.0,103292.0,1473250.0
Software Engineer,Delhi NCR,BTech,Tier 3,Product Based,MNC,Male,11.1,34.0,2.59,4,3236727.0,351529.0,3588256.0
Data Analyst,Ahmedabad,BTech,Tier 1,IT Services,Mid-size,Female,2.9,23.0,4.69,1,1258715.0,219181.0,1477896.0
Data Scientist,Delhi NCR,BTech,Tier 2,Consulting,Startup,Male,9.7,31.0,3.74,6,2574423.0,330149.0,2904572.0
Product Manager,Chennai,BTech,Tier 1,EdTech,Mid-size,Male,5.6,30.0,3.93,2,2699717.0,156059.0,2855776.0
HR Manager,Ahmedabad,MTech,Tier 1,Manufacturing,Mid-size,Male,0.0,22.0,,1,1005765.0,228660.0,1234425.0
Backend Developer,Mumbai,BTech,Tier 3,Manufacturing,Startup,Male,9.6,31.0,1.66,11,1705760.0,417313.0,2123073.0
Data Scientist,Kolkata,BTech,Tier 3,Consulting,MNC,Male,0.0,25.0,4.22,5,1787351.0,203835.0,1991187.0
Chartered Accountant,Hyderabad,,Tier 1,IT Services,Mid-size,Male,11.3,34.0,4.03,3,2887409.0,198497.0,3085906.0
Business Analyst,Pune,BTech,Tier 2,FinTech,Startup,Male,10.3,31.0,,3,2185720.0,420524.0,2606245.0
AI Engineer,Ahmedabad,BTech,Tier 2,FinTech,MNC,Female,5.2,28.0,4.06,5,2811408.0,518198.0,3329606.0
HR Manager,Mumbai,MBA,Tier 2,E-Commerce,Mid-size,Male,3.3,28.0,4.34,5,2712629.0,244190.0,2956819.0
Data Scientist,Bangalore,BTech,Tier 1,Manufacturing,Mid-size,Male,4.5,29.0,3.02,4,2295687.0,484138.0,2779825.0
Business Analyst,Ahmedabad,BTech,Tier 2,EdTech,MNC,Male,4.4,28.0,4.41,3,1462367.0,129665.0,1592032.0
Software Engineer,Jaipur,BTech,Tier 2,EdTech,MNC,Male,4.2,32.0,3.86,2,1682965.0,323653.0,2006618.0
AI Engineer,Remote,BTech,Tier 3,EdTech,MNC,Female,7.8,30.0,3.52,4,2111158.0,405537.0,2516695.0
AI Engineer,Pune,MTech,Tier 1,Product Based,Startup,Male,0.5,27.0,2.89,7,3041740.0,682220.0,3723960.0
Business Analyst,Delhi NCR,BTech,Tier 2,E-Commerce,Mid-size,Male,2.3,28.0,,5,1996310.0,483223.0,2479533.0
Frontend Developer,Kolkata,BTech,Tier 1,E-Commerce,Mid-size,Female,0.0,24.0,3.77,7,1588378.0,265659.0,1854037.0
Frontend Developer,Hyderabad,BTech,Tier 2,E-Commerce,Startup,Female,6.8,31.0,2.13,5,2145855.0,505004.0,2650859.0
Chartered Accountant,Chennai,,Tier 1,Product Based,MNC,Male,2.1,29.0,3.69,3,3114578.0,647588.0,3762166.0
Frontend Developer,Remote,BTech,Tier 2,Product Based,Mid-size,Male,4.3,27.0,3.12,3,2202493.0,348318.0,2550810.0
DevOps Engineer,Kolkata,BTech,Tier 2,Consulting,Startup,Male,10.7,33.0,4.11,6,2236886.0,195066.0,2431952.0
Frontend Developer,Kolkata,MBA,Tier 2,Consulting,Mid-size,Male,3.0,26.0,3.29,11,2198202.0,422700.0,2620902.0
Data Analyst,Bangalore,BTech,Tier 2,IT Services,Mid-size,Male,5.9,30.0,3.1,6,1793839.0,272703.0,2066542.0
Business Analyst,Remote,MTech,Tier 2,IT Services,MNC,Male,2.7,25.0,4.12,1,1575631.0,286701.0,1862332.0
Marketing Manager,Bangalore,MTech,Tier 2,E-Commerce,Mid-size,Male,3.1,25.0,,3,2522726.0,615219.0,3137945.0
AI Engineer,Bangalore,BTech,Tier 3,Manufacturing,MNC,Male,1.4,27.0,2.43,8,2267997.0,452485.0,2720482.0
Backend Developer,Remote,BTech,Tier 1,EdTech,Mid-size,Male,5.0,31.0,2.91,6,2157569.0,283696.0,2441265.0
Data Analyst,Ahmedabad,BTech,Tier 1,E-Commerce,Mid-size,Female,0.7,22.0,3.83,3,1278278.0,276206.0,1554484.0
Marketing Manager,Bangalore,BTech,Tier 3,IT Services,Mid-size,Male,0.3,21.0,2.99,3,1082526.0,202510.0,1285036.0
HR Manager,Pune,BTech,Tier 1,Manufacturing,MNC,Male,0.7,21.0,3.83,7,1912268.0,345800.0,2258068.0
HR Manager,Hyderabad,BTech,Tier 3,Consulting,Mid-size,Male,0.6,22.0,1.75,2,1019777.0,111679.0,1131456.0
Marketing Manager,Bangalore,MTech,Tier 2,E-Commerce,MNC,Male,1.7,25.0,3.45,3,2790546.0,561785.0,3352330.0
Software Engineer,Remote,BTech,Tier 3,Product Based,MNC,Female,7.8,28.0,2.44,5,2499166.0,136951.0,2636118.0
Chartered Accountant,Jaipur,BTech,Tier 1,FinTech,Mid-size,Male,4.4,24.0,2.64,9,2299228.0,125111.0,2424339.0
Product Manager,Remote,BTech,Tier 3,E-Commerce,MNC,Male,7.1,30.0,5.0,2,2966932.0,698662.0,3665594.0
Data Scientist,Hyderabad,BTech,Tier 3,FinTech,Mid-size,Male,0.0,25.0,3.62,2,1623970.0,174478.0,1798448.0
AI Engineer,Kolkata,MBA,Tier 2,IT Services,Mid-size,Male,2.2,24.0,3.17,5,2304778.0,181547.0,2486325.0
HR Manager,Pune,BTech,Tier 2,Manufacturing,MNC,Male,3.6,28.0,3.25,8,1911753.0,211878.0,2123632.0
Financial Analyst,Ahmedabad,BTech,Tier 1,E-Commerce,Mid-size,Male,9.5,30.0,2.35,4,2006742.0,367969.0,2374711.0
Business Analyst,Chennai,BTech,Tier 1,E-Commerce,Mid-size,Male,7.4,32.0,3.33,6,2442725.0,281384.0,7198994.581865514
Frontend Developer,Pune,MTech,Tier 2,Consulting,MNC,Male,0.0,25.0,5.0,8,2261753.0,386847.0,2648600.0
DevOps Engineer,Chennai,MBA,Tier 2,IT Services,Mid-size,Female,1.2,24.0,3.69,6,1994200.0,325986.0,2320186.0
AI Engineer,Hyderabad,MBA,Tier 1,Manufacturing,Mid-size,Male,8.1,28.0,3.12,5,3202196.0,744181.0,3946377.0
Data Scientist,Hyderabad,BTech,Tier 3,EdTech,Mid-size,Male,8.5,30.0,2.82,4,1911430.0,155967.0,2067397.0
HR Manager,Hyderabad,BTech,Tier 2,IT Services,Startup,Female,2.3,24.0,2.5,3,1328605.0,303612.0,1632217.0
HR Manager,Jaipur,MBA,Tier 3,IT Services,Startup,Male,6.6,31.0,3.09,4,1442793.0,215133.0,1657926.0
Chartered Accountant,Remote,MTech,Tier 1,EdTech,MNC,Male,0.2,22.0,2.02,8,1886294.0,460067.0,2346361.0
Financial Analyst,Ahmedabad,BTech,Tier 3,FinTech,MNC,Male,0.0,22.0,2.93,8,1611815.0,344713.0,1956528.0
Marketing Manager,Remote,PhD,Tier 2,Product Based,Startup,Male,3.1,25.0,3.32,1,2398622.0,129360.0,2527982.0
AI Engineer,Kolkata,MTech,Tier 2,E-Commerce,Startup,Male,2.4,27.0,3.86,4,2263577.0,226644.0,2490221.0
Financial Analyst,Mumbai,MTech,Tier 2,Product Based,Mid-size,Male,0.0,21.0,3.49,8,2070392.0,349975.0,2420368.0
AI Engineer,Hyderabad,BTech,Tier 2,EdTech,Startup,Female,3.2,25.0,4.42,7,1868307.0,110107.0,1978413.0
AI Engineer,Hyderabad,MTech,Tier 2,E-Commerce,MNC,Male,3.2,29.0,3.25,8,3998488.0,993788.0,4992276.0
Frontend Developer,Chennai,BTech,Tier 2,Product Based,Startup,Male,12.2,37.0,2.29,4,2564399.0,405460.0,2969858.0
Software Engineer,Ahmedabad,BTech,Tier 3,FinTech,Mid-size,Female,1.5,27.0,3.68,9,1640944.0,160987.0,1801931.0
DevOps Engineer,Remote,BTech,Tier 3,E-Commerce,Startup,Male,4.1,27.0,3.2,9,1873483.0,307707.0,2181190.0
Financial Analyst,Mumbai,MTech,Tier 3,FinTech,Startup,Female,5.2,27.0,2.49,3,1912686.0,399958.0,2312644.0
Frontend Developer,Jaipur,BTech,Tier 2,IT Services,Mid-size,Male,0.0,25.0,2.64,4,1033448.0,245823.0,1279271.0
Financial Analyst,Bangalore,BTech,Tier 2,FinTech,Mid-size,Male,9.7,35.0,4.0,7,2565518.0,185986.0,2751504.0
Financial Analyst,Pune,PhD,Tier 2,Manufacturing,MNC,Male,5.7,29.0,5.0,4,2542202.0,606106.0,3148308.0
Product Manager,Mumbai,BTech,Tier 3,Consulting,Startup,Male,0.0,21.0,2.8,7,2146385.0,525881.0,2672266.0
HR Manager,Kolkata,BTech,Tier 2,FinTech,MNC,Female,9.1,32.0,,6,2700337.0,268880.0,2969217.0
HR Manager,Pune,BTech,Tier 2,Manufacturing,Mid-size,Female,11.1,37.0,3.16,7,1623966.0,343762.0,1967728.0
Financial Analyst,Chennai,MBA,Tier 1,E-Commerce,MNC,Female,9.6,30.0,3.28,5,3532911.0,476748.0,4009659.0
Marketing Manager,Ahmedabad,BTech,Tier 1,IT Services,Startup,Male,2.5,25.0,2.89,4,1364619.0,80766.0,1445385.0
Product Manager,Remote,MBA,Tier 3,E-Commerce,MNC,Male,4.1,30.0,1.61,4,3044451.0,760783.0,3805234.0
Frontend Developer,Hyderabad,PhD,Tier 3,Consulting,Mid-size,Female,2.5,26.0,2.54,5,1981247.0,151256.0,2132502.0
Frontend Developer,Chennai,BTech,Tier 2,Consulting,Startup,Male,7.6,32.0,3.48,6,1881061.0,153178.0,2034239.0
Backend Developer,Kolkata,MTech,Tier 2,Consulting,Mid-size,Male,10.7,35.0,4.47,6,2221998.0,253588.0,2475586.0
Financial Analyst,Remote,BTech,Tier 2,IT Services,Startup,Female,0.0,22.0,3.24,5,950197.0,210275.0,1160471.0
Data Analyst,Ahmedabad,BTech,Tier 2,Manufacturing,Mid-size,Male,1.3,25.0,3.86,5,879746.0,103325.0,983071.0
HR Manager,Chennai,BTech,Tier 1,IT Services,Startup,Male,8.3,31.0,3.57,8,2146906.0,432912.0,2579818.0
Business Analyst,Pune,BTech,Tier 1,FinTech,MNC,Male,12.9,31.0,4.34,3,3015672.0,685985.0,3701657.0
Business Analyst,Chennai,MTech,Tier 2,Manufacturing,Mid-size,Male,4.1,29.0,2.02,8,1621876.0,282736.0,1904612.0
Chartered Accountant,Mumbai,BTech,Tier 2,Product Based,Mid-size,Male,4.7,29.0,2.93,2,2730616.0,414452.0,3145068.0
HR Manager,Pune,BTech,Tier 2,Consulting,Startup,Male,14.7,38.0,3.26,4,2039534.0,266360.0,2305894.0
Financial Analyst,Remote,MTech,Tier 2,EdTech,Startup,Female,4.9,31.0,3.5,2,1571916.0,332929.0,1904845.0
Backend Developer,Bangalore,BTech,Tier 2,FinTech,Startup,Male,4.6,24.0,3.58,5,2371980.0,516400.0,2888380.0
Software Engineer,Bangalore,BTech,Tier 2,Product Based,Startup,Male,9.2,34.0,4.48,3,2917815.0,712284.0,3630099.0
Business Analyst,Mumbai,BTech,Tier 3,E-Commerce,Startup,Male,0.0,20.0,4.67,5,1437678.0,255243.0,1692922.0
Software Engineer,Remote,PhD,Tier 2,Manufacturing,MNC,Male,6.2,28.0,4.46,6,2705154.0,277808.0,2982962.0
Financial Analyst,Remote,BTech,Tier 3,E-Commerce,Startup,Male,4.8,25.0,2.66,9,1638053.0,304588.0,1942641.0
Product Manager,Kolkata,BTech,Tier 2,E-Commerce,Mid-size,Male,2.4,23.0,3.4,5,2406351.0,421639.0,2827990.0
Product Manager,Jaipur,BTech,Tier 1,EdTech,Startup,Female,2.2,24.0,,7,1648507.0,141074.0,1789581.0
Data Scientist,Hyderabad,BTech,Tier 2,Product Based,Startup,Male,6.8,31.0,,9,2983324.0,491345.0,3474668.0
HR Manager,Delhi NCR,MBA,Tier 2,Product Based,Mid-size,Female,7.3,25.0,3.51,10,3335463.0,354037.0,3689500.0
Marketing Manager,Jaipur,BTech,Tier 1,E-Commerce,Mid-size,Male,4.7,24.0,4.47,6,1967623.0,222209.0,2189832.0
HR Manager,Kolkata,BTech,Tier 1,FinTech,Startup,Female,2.9,29.0,3.11,9,2134494.0,491510.0,2626004.0
Financial Analyst,Delhi NCR,MTech,Tier 2,Manufacturing,MNC,Female,0.0,20.0,2.74,3,1455574.0,332330.0,1787905.0
DevOps Engineer,Ahmedabad,BTech,Tier 3,Product Based,Mid-size,Male,2.6,27.0,3.97,8,2205782.0,444314.0,2650096.0
AI Engineer,Bangalore,BTech,Tier 3,Consulting,MNC,Female,9.1,33.0,3.74,4,3174953.0,433796.0,3608749.0
Business Analyst,Bangalore,BTech,Tier 2,Manufacturing,MNC,Female,0.6,25.0,2.56,5,1289908.0,141615.0,1431523.0
Data Analyst,Mumbai,BTech,Tier 1,FinTech,Mid-size,Male,7.3,28.0,4.45,7,2943396.0,576975.0,3520371.0
Product Manager,Kolkata,,Tier 2,EdTech,MNC,Male,2.7,24.0,3.82,5,2432086.0,484918.0,2917003.0
Data Analyst,Pune,BTech,Tier 1,E-Commerce,Mid-size,Male,6.4,31.0,2.77,7,2300528.0,151338.0,2451865.0
Product Manager,Hyderabad,BTech,Tier 3,E-Commerce,Startup,Female,6.7,27.0,4.08,9,2782707.0,477403.0,3260110.0
DevOps Engineer,Bangalore,MBA,Tier 3,E-Commerce,Startup,Female,2.9,25.0,3.05,4,2650608.0,222536.0,2873144.0
DevOps Engineer,Bangalore,,Tier 1,Product Based,Startup,Female,4.8,28.0,3.83,3,3790476.0,883697.0,4674173.0
Data Analyst,Hyderabad,MBA,Tier 1,Consulting,Startup,Male,4.5,29.0,3.84,4,2333546.0,562923.0,2896469.0
Data Scientist,Pune,,Tier 2,FinTech,MNC,Male,5.5,31.0,3.03,1,2593128.0,431242.0,3024370.0
Chartered Accountant,Delhi NCR,BTech,Tier 1,Consulting,Startup,Male,12.6,34.0,2.0,4,2849211.0,349604.0,3198815.0
Data Scientist,Ahmedabad,MTech,Tier 3,EdTech,Mid-size,Male,10.7,33.0,5.0,4,1751152.0,120233.0,1871384.0
Product Manager,Bangalore,MTech,Tier 1,Manufacturing,MNC,Male,11.0,35.0,3.04,4,4481813.0,658582.0,5140395.0
Financial Analyst,Jaipur,BTech,Tier 2,FinTech,Startup,Male,2.7,26.0,,6,1746416.0,247223.0,1993638.0
Business Analyst,Pune,BTech,Tier 1,EdTech,Mid-size,Male,4.9,26.0,3.37,2,1825454.0,321803.0,2147257.0
Financial Analyst,Jaipur,BTech,Tier 3,E-Commerce,Mid-size,Female,10.8,32.0,3.16,5,1562901.0,319964.0,1882865.0
Business Analyst,Remote,BTech,Tier 1,IT Services,MNC,Female,6.6,27.0,3.83,4,2139625.0,526733.0,2666358.0
HR Manager,Jaipur,BTech,Tier 3,EdTech,MNC,Male,5.2,28.0,,4,1326762.0,295816.0,1622578.0
HR Manager,Ahmedabad,MTech,Tier 1,EdTech,Mid-size,Male,2.1,25.0,4.54,7,1846280.0,385463.0,2231744.0
Financial Analyst,Kolkata,PhD,Tier 3,IT Services,Startup,Male,0.0,22.0,3.46,4,921407.0,192712.0,1114118.0
Backend Developer,Chennai,BTech,Tier 2,Product Based,Mid-size,Male,8.1,34.0,2.8,8,2455432.0,403399.0,2858831.0
Frontend Developer,Jaipur,BTech,Tier 2,Consulting,Mid-size,Male,10.9,36.0,2.06,8,1747501.0,246694.0,1994195.0
Software Engineer,Pune,BTech,Tier 3,FinTech,MNC,Male,2.9,27.0,3.95,5,2487855.0,470157.0,2958012.0
AI Engineer,Chennai,BTech,Tier 3,Product Based,Startup,Female,2.1,24.0,3.69,4,2232372.0,238779.0,2471151.0
Financial Analyst,Remote,,Tier 3,IT Services,MNC,Male,1.1,19.0,3.81,4,1522647.0,180436.0,1703084.0
Business Analyst,Remote,BTech,Tier 3,EdTech,Startup,Male,9.2,35.0,3.25,8,1444179.0,286762.0,1730942.0
Financial Analyst,Chennai,,Tier 2,Product Based,Mid-size,Male,7.8,32.0,3.19,4,2194085.0,296331.0,2490416.0
Data Analyst,Pune,BTech,Tier 3,FinTech,MNC,Male,0.6,23.0,2.9,4,1645510.0,195701.0,1841210.0
Marketing Manager,Ahmedabad,BTech,Tier 2,EdTech,Startup,Male,2.4,23.0,3.06,9,1530189.0,311805.0,1841994.0
AI Engineer,Kolkata,BTech,Tier 3,Product Based,MNC,Female,8.1,32.0,2.91,6,3013608.0,668898.0,3682505.0
AI Engineer,Pune,BTech,Tier 3,Product Based,MNC,Male,1.7,25.0,4.15,3,2986207.0,157233.0,3143440.0
Product Manager,Jaipur,BTech,Tier 3,Manufacturing,Startup,Female,4.2,28.0,3.95,8,1619926.0,244616.0,1864542.0
Product Manager,Pune,,Tier 1,IT Services,Startup,Male,11.1,35.0,,6,3838460.0,699641.0,4538101.0
Financial Analyst,Remote,MBA,Tier 3,E-Commerce,MNC,Male,0.0,22.0,5.0,7,1938076.0,144069.0,2082144.0
Software Engineer,Delhi NCR,BTech,Tier 3,E-Commerce,MNC,Female,3.9,27.0,4.84,5,2569130.0,525785.0,3094914.0
AI Engineer,Delhi NCR,MBA,Tier 3,EdTech,Startup,Male,7.2,28.0,3.38,7,2524901.0,585131.0,3110033.0
Financial Analyst,Remote,BTech,Tier 2,Product Based,Startup,Female,3.8,27.0,3.68,3,1838852.0,171982.0,2010834.0
HR Manager,Kolkata,BTech,Tier 3,Consulting,Mid-size,Male,6.1,27.0,2.2,6,1520063.0,341786.0,1861849.0
Product Manager,Mumbai,BTech,Tier 2,E-Commerce,Mid-size,Male,0.8,27.0,4.15,2,2871976.0,262319.0,3134296.0
Business Analyst,Pune,BTech,Tier 2,EdTech,Startup,Female,6.9,33.0,2.86,3,1429528.0,103760.0,1533288.0
Data Analyst,Pune,BTech,Tier 2,Consulting,MNC,Male,5.6,29.0,4.25,4,2183408.0,190913.0,2374321.0
AI Engineer,Remote,BTech,Tier 3,EdTech,MNC,Male,11.0,35.0,5.0,4,2515512.0,319984.0,2835496.0
Chartered Accountant,Jaipur,BTech,Tier 1,Product Based,Mid-size,Male,1.7,26.0,3.67,2,2106835.0,263010.0,2369844.0
Product Manager,Jaipur,BTech,Tier 2,FinTech,Startup,Female,7.8,29.0,3.93,3,2684188.0,650998.0,3335187.0
HR Manager,Delhi NCR,MTech,Tier 1,FinTech,Mid-size,Male,0.0,22.0,4.39,6,2376041.0,525378.0,2901419.0
Business Analyst,Delhi NCR,BTech,Tier 2,Product Based,MNC,Male,5.8,30.0,4.46,4,3065835.0,558529.0,3624364.0
Software Engineer,Bangalore,BTech,Tier 3,Manufacturing,MNC,Male,0.0,23.0,2.78,5,1460687.0,231634.0,1692321.0
Data Scientist,Bangalore,BTech,Tier 3,Manufacturing,MNC,Female,6.0,28.0,3.62,5,2387794.0,273437.0,2661230.0
Backend Developer,Kolkata,BTech,Tier 2,Consulting,Mid-size,Male,8.3,31.0,2.57,3,2093618.0,228229.0,2321847.0
Chartered Accountant,Bangalore,PhD,Tier 2,Product Based,Mid-size,Male,0.0,21.0,3.98,4,2862941.0,299000.0,3161941.0
Frontend Developer,Pune,BTech,Tier 3,IT Services,MNC,Male,1.7,27.0,3.49,3,1522254.0,100726.0,1622980.0
Software Engineer,Jaipur,,Tier 1,FinTech,MNC,Female,8.1,35.0,2.83,3,2688736.0,280771.0,2969507.0
AI Engineer,Mumbai,BTech,Tier 2,Consulting,MNC,Male,2.3,27.0,3.71,7,3488769.0,677623.0,4166392.0
Backend Developer,Remote,BTech,Tier 2,Product Based,MNC,Male,1.6,25.0,3.74,1,2265273.0,479727.0,2744999.0
Business Analyst,Jaipur,BTech,Tier 3,Manufacturing,Mid-size,Male,1.3,22.0,3.57,5,1248446.0,288140.0,1536586.0
Marketing Manager,Jaipur,BTech,Tier 1,IT Services,Startup,Male,1.6,26.0,2.72,5,1296195.0,267752.0,1563947.0
Data Analyst,Chennai,MTech,Tier 3,Product Based,MNC,Male,3.4,28.0,2.36,9,2217766.0,495727.0,2713493.0
Chartered Accountant,Chennai,PhD,Tier 1,Manufacturing,Mid-size,Male,4.5,31.0,,7,2565561.0,163926.0,2729487.0
Marketing Manager,Chennai,BTech,Tier 2,Manufacturing,Startup,Male,1.8,21.0,3.85,7,1517846.0,375404.0,1893251.0
Product Manager,Pune,BTech,Tier 1,FinTech,MNC,Male,2.4,27.0,2.98,2,4255653.0,500780.0,4756433.0
Backend Developer,Ahmedabad,MTech,Tier 1,EdTech,Startup,Male,0.0,23.0,3.66,5,1301049.0,323569.0,1624618.0
Marketing Manager,Ahmedabad,BTech,Tier 3,Product Based,Startup,Female,0.0,23.0,2.0,3,1103505.0,112621.0,1216126.0
Software Engineer,Ahmedabad,,Tier 2,Product Based,Mid-size,Male,11.0,34.0,3.78,7,2876933.0,593505.0,3470438.0
Frontend Developer,Hyderabad,BTech,Tier 3,Product Based,MNC,Male,0.0,26.0,2.91,5,1730887.0,409926.0,2140813.0
HR Manager,Jaipur,BTech,Tier 3,Product Based,Mid-size,Male,4.5,27.0,3.23,5,1932532.0,303715.0,2236247.0
Chartered Accountant,Jaipur,BTech,Tier 3,E-Commerce,Mid-size,Female,5.9,29.0,3.4,9,1793688.0,278493.0,2072181.0
DevOps Engineer,Remote,MTech,Tier 3,IT Services,Mid-size,Male,11.6,38.0,4.0,2,2155190.0,265194.0,2420385.0
Marketing Manager,Bangalore,BTech,Tier 3,Manufacturing,MNC,Male,2.0,23.0,2.31,6,1830667.0,225413.0,2056080.0
DevOps Engineer,Jaipur,MTech,Tier 1,Manufacturing,MNC,Female,11.2,35.0,3.61,6,2608756.0,458742.0,3067497.0
Data Scientist,Ahmedabad,MTech,Tier 1,EdTech,Mid-size,Male,1.1,23.0,3.75,8,2168178.0,293942.0,2462121.0
Chartered Accountant,Remote,BTech,Tier 3,FinTech,Startup,Male,8.4,32.0,3.71,5,1947262.0,118600.0,2065862.0
Frontend Developer,Jaipur,,Tier 3,EdTech,Startup,Male,1.1,23.0,3.72,5,678184.0,96541.0,774725.0
Business Analyst,Jaipur,MTech,Tier 3,E-Commerce,Startup,Female,6.4,29.0,3.27,4,1481813.0,185325.0,1667138.0
HR Manager,Delhi NCR,BTech,Tier 3,Consulting,Startup,Male,4.3,26.0,4.99,6,1809276.0,112627.0,1921903.0
Chartered Accountant,Ahmedabad,MBA,Tier 3,Consulting,Startup,Male,0.0,23.0,2.25,4,1227395.0,70202.0,1297597.0
HR Manager,Delhi NCR,,Tier 3,EdTech,MNC,Male,5.8,31.0,,4,1910552.0,194902.0,2105454.0
AI Engineer,Chennai,MBA,Tier 1,EdTech,MNC,Female,8.0,31.0,3.62,3,3591173.0,473365.0,4064538.0
Marketing Manager,Kolkata,BTech,Tier 3,Consulting,MNC,Female,2.5,25.0,3.31,3,1245700.0,246962.0,1492662.0
HR Manager,Mumbai,MBA,Tier 3,Consulting,MNC,Male,5.7,28.0,5.0,4,2969576.0,575892.0,3545468.0
Product Manager,Pune,MTech,Tier 1,IT Services,Mid-size,Male,5.7,28.0,1.97,6,3228972.0,235979.0,3464951.0
AI Engineer,Hyderabad,MTech,Tier 1,E-Commerce,MNC,Male,5.1,31.0,2.69,5,4229771.0,352353.0,4582124.0
HR Manager,Jaipur,,Tier 2,FinTech,MNC,Male,0.5,27.0,1.2,7,1409993.0,130487.0,1540479.0
Backend Developer,Mumbai,BTech,Tier 3,FinTech,Startup,Male,5.3,32.0,,5,1907375.0,263648.0,2171023.0
Software Engineer,Mumbai,BTech,Tier 3,EdTech,Startup,Male,10.1,36.0,2.68,6,2033158.0,128452.0,2161610.0
Chartered Accountant,Mumbai,BTech,Tier 1,Consulting,Mid-size,Female,0.0,23.0,2.77,5,1786082.0,424043.0,2210125.0
Marketing Manager,Hyderabad,MTech,Tier 2,Product Based,Mid-size,Male,0.0,23.0,3.23,3,2015215.0,459880.0,2475095.0
Product Manager,Delhi NCR,MBA,Tier 2,Product Based,MNC,Male,3.5,32.0,3.63,4,5045952.0,439202.0,5485154.0
Financial Analyst,Mumbai,MTech,Tier 3,Consulting,MNC,Male,1.4,21.0,3.05,6,2232564.0,544478.0,2777043.0
DevOps Engineer,Ahmedabad,MTech,Tier 1,IT Services,Startup,Female,8.7,35.0,2.81,4,2438350.0,502560.0,2940910.0
Backend Developer,Jaipur,BTech,Tier 2,Consulting,Mid-size,Female,4.7,29.0,2.84,3,1428772.0,71665.0,1500438.0
Business Analyst,Pune,MTech,Tier 2,Manufacturing,Startup,Male,6.8,33.0,3.13,2,1648546.0,312761.0,1961308.0
HR Manager,Ahmedabad,MBA,Tier 3,E-Commerce,MNC,Male,3.6,25.0,3.8,4,2202682.0,380673.0,2583356.0
Product Manager,Chennai,BTech,Tier 1,Product Based,Mid-size,Male,6.2,25.0,3.54,6,3753115.0,598538.0,4351654.0
HR Manager,Chennai,BTech,Tier 3,Consulting,Startup,Female,0.0,24.0,,7,1067877.0,58063.0,1125940.0
Frontend Developer,Bangalore,BTech,Tier 1,Consulting,MNC,Male,0.0,25.0,2.9,1,2169825.0,125630.0,2295455.0
Product Manager,Bangalore,BTech,Tier 1,EdTech,Startup,Male,5.1,28.0,4.91,5,3123661.0,642525.0,3766186.0
HR Manager,Remote,BTech,Tier 2,IT Services,Mid-size,Male,7.5,32.0,2.89,7,1779156.0,113180.0,1892336.0
DevOps Engineer,Bangalore,MTech,Tier 2,Product Based,MNC,Male,8.6,31.0,2.74,3,4032890.0,215213.0,4248103.0
Business Analyst,Hyderabad,MBA,Tier 3,IT Services,MNC,Female,5.5,29.0,5.0,2,2267758.0,194653.0,2462412.0
HR Manager,Remote,MBA,Tier 1,FinTech,MNC,Male,3.9,26.0,3.53,4,3308694.0,628426.0,3937120.0
Data Analyst,Hyderabad,MTech,Tier 3,EdTech,MNC,Female,1.0,25.0,4.09,3,1378336.0,220875.0,1599211.0
Data Analyst,Remote,BTech,Tier 3,Consulting,MNC,Male,3.0,29.0,4.07,3,1849719.0,126731.0,1976450.0
Data Scientist,Mumbai,MBA,Tier 1,Product Based,MNC,Male,5.7,31.0,3.58,4,5294028.0,697965.0,5991993.0
Backend Developer,Jaipur,BTech,Tier 3,IT Services,Startup,Male,1.0,23.0,4.78,6,1198085.0,238380.0,1436465.0
Chartered Accountant,Chennai,BTech,Tier 2,Product Based,MNC,Male,4.4,28.0,2.84,4,2742420.0,477708.0,3220128.0
Marketing Manager,Mumbai,BTech,Tier 1,Product Based,Startup,Male,9.6,34.0,3.61,5,3384735.0,282886.0,3667620.0
Product Manager,Delhi NCR,BTech,Tier 3,EdTech,Mid-size,Female,7.7,34.0,2.82,1,2319261.0,240353.0,2559614.0
Software Engineer,Remote,BTech,Tier 3,IT Services,MNC,Male,0.0,23.0,3.53,4,1480943.0,352812.0,1833755.0
Backend Developer,Hyderabad,BTech,Tier 2,FinTech,MNC,Male,11.3,35.0,4.23,6,3624267.0,658627.0,4282894.0
Backend Developer,Jaipur,BTech,Tier 3,Consulting,Mid-size,Male,4.3,30.0,3.86,4,1285315.0,114768.0,1400083.0
Product Manager,Kolkata,MTech,Tier 2,Product Based,MNC,Male,9.1,30.0,4.28,4,4525239.0,895803.0,5421042.0
Backend Developer,Hyderabad,BTech,Tier 1,IT Services,Startup,Female,9.1,29.0,2.67,5,2152690.0,301269.0,2453959.0
Data Analyst,Chennai,MTech,Tier 1,Manufacturing,Mid-size,Female,0.0,24.0,3.6,6,1451303.0,340158.0,1791461.0
Data Analyst,Chennai,BTech,Tier 2,EdTech,Startup,Female,4.4,29.0,3.35,1,1217045.0,202050.0,1419095.0
Data Scientist,Chennai,BTech,Tier 2,Manufacturing,Mid-size,Male,2.6,26.0,3.61,6,1592775.0,320385.0,1913160.0
AI Engineer,Chennai,BTech,Tier 2,EdTech,MNC,Male,2.9,22.0,2.79,3,2236646.0,137237.0,2373883.0
Product Manager,Ahmedabad,MBA,Tier 1,EdTech,MNC,Male,9.6,32.0,2.76,5,3762373.0,287242.0,4049615.0
Product Manager,Remote,MTech,Tier 3,E-Commerce,Mid-size,Male,3.0,23.0,4.27,10,2816199.0,562412.0,3378611.0
HR Manager,Pune,PhD,Tier 2,Product Based,MNC,Male,1.4,28.0,,8,3355138.0,516316.0,3871454.0
Financial Analyst,Kolkata,MTech,Tier 3,E-Commerce,Startup,Male,0.0,21.0,3.58,6,1258394.0,285022.0,1543416.0
Marketing Manager,Jaipur,BTech,Tier 2,Manufacturing,Startup,Male,6.1,29.0,1.81,6,1377540.0,173887.0,1551426.0
Financial Analyst,Jaipur,BTech,Tier 3,Product Based,Mid-size,Male,0.0,23.0,3.5,3,1170850.0,220658.0,1391508.0
Business Analyst,Ahmedabad,BTech,Tier 2,Consulting,Mid-size,Female,0.0,25.0,3.38,8,1217808.0,154429.0,1372237.0
Chartered Accountant,Chennai,PhD,Tier 3,Consulting,Mid-size,Male,2.0,27.0,2.43,6,2328613.0,328886.0,2657498.0
Frontend Developer,Mumbai,BTech,Tier 3,EdTech,Startup,Male,2.5,26.0,,7,1405455.0,263517.0,1668972.0
Marketing Manager,Kolkata,BTech,Tier 1,Product Based,MNC,Male,3.1,27.0,3.76,3,2667528.0,454871.0,3122399.0
Frontend Developer,Hyderabad,MBA,Tier 2,EdTech,Mid-size,Male,2.8,25.0,3.87,5,2049819.0,337321.0,2387140.0
AI Engineer,Remote,MTech,Tier 1,Manufacturing,Startup,Male,4.3,29.0,3.39,2,2363580.0,277716.0,2641295.0
Data Scientist,Remote,BTech,Tier 2,IT Services,Mid-size,Female,3.6,27.0,3.51,7,1943597.0,242899.0,2186496.0
Backend Developer,Kolkata,MTech,Tier 2,FinTech,MNC,Female,8.2,34.0,3.37,3,2707386.0,568208.0,3275595.0
AI Engineer,Delhi NCR,MBA,Tier 3,Product Based,MNC,Male,4.8,30.0,3.35,4,4369285.0,457961.0,4827246.0
Data Scientist,Remote,MTech,Tier 3,EdTech,Mid-size,Male,0.3,23.0,2.85,4,1340622.0,283450.0,1624073.0
Chartered Accountant,Mumbai,BTech,Tier 1,IT Services,MNC,Male,1.1,21.0,3.85,7,2610267.0,302546.0,2912813.0
Data Scientist,Remote,BTech,Tier 3,E-Commerce,Mid-size,Female,2.8,23.0,3.43,4,1921816.0,444096.0,2365912.0
Financial Analyst,Delhi NCR,BTech,Tier 3,Consulting,Mid-size,Female,3.1,26.0,2.89,1,1581403.0,350726.0,1932129.0
Marketing Manager,Chennai,MTech,Tier 3,Product Based,MNC,Male,8.4,32.0,3.91,6,3038730.0,620200.0,3658931.0
Data Analyst,Jaipur,MBA,Tier 3,IT Services,Mid-size,Male,5.3,29.0,3.58,12,1758642.0,376513.0,2135155.0
Chartered Accountant,Ahmedabad,MTech,Tier 1,IT Services,Startup,Male,6.3,27.0,2.56,7,2462368.0,276189.0,2738557.0
Marketing Manager,Chennai,BTech,Tier 1,FinTech,Mid-size,Female,1.7,26.0,4.13,3,2054044.0,145118.0,2199161.0
Data Scientist,Remote,MBA,Tier 3,FinTech,Startup,Male,1.9,28.0,,3,1860126.0,369047.0,2229172.0
HR Manager,Hyderabad,BTech,Tier 2,EdTech,Mid-size,Female,0.7,24.0,,6,1228779.0,177949.0,1406728.0
Financial Analyst,Jaipur,MTech,Tier 3,EdTech,Startup,Female,1.0,20.0,3.21,4,752624.0,58947.0,811572.0
Business Analyst,Bangalore,MTech,Tier 3,Manufacturing,Mid-size,Male,7.5,33.0,3.59,6,1952875.0,409404.0,2362278.0
Backend Developer,Kolkata,MTech,Tier 3,Product Based,Startup,Male,5.6,28.0,3.61,3,1999631.0,463747.0,2463378.0
Product Manager,Mumbai,BTech,Tier 3,Product Based,MNC,Male,5.9,34.0,4.23,3,4121453.0,879943.0,5001396.0
HR Manager,Pune,BTech,Tier 2,Manufacturing,Mid-size,Male,0.0,23.0,3.83,5,1073117.0,150917.0,1224034.0
Financial Analyst,Ahmedabad,BTech,Tier 3,IT Services,Startup,Male,1.5,26.0,3.34,3,1100726.0,181547.0,1282273.0
Data Analyst,Remote,BTech,Tier 3,FinTech,MNC,Female,1.9,26.0,2.36,2,1597534.0,147353.0,1744887.0
Frontend Developer,Remote,BTech,Tier 2,Manufacturing,MNC,Female,5.7,27.0,3.06,10,1933925.0,362555.0,2296480.0
Business Analyst,Kolkata,PhD,Tier 1,IT Services,MNC,Female,2.8,26.0,4.6,4,2517562.0,333641.0,2851202.0
Marketing Manager,Kolkata,PhD,Tier 1,EdTech,Mid-size,Female,15.5,37.0,2.21,5,2525325.0,282686.0,2808012.0
Data Scientist,Jaipur,BTech,Tier 2,E-Commerce,Startup,Male,0.0,27.0,4.39,2,1320694.0,238109.0,1558803.0
Business Analyst,Remote,MTech,Tier 2,IT Services,MNC,Male,1.6,25.0,1.91,4,1289712.0,260911.0,1550623.0
Business Analyst,Remote,MBA,Tier 1,Manufacturing,Startup,Female,0.0,28.0,2.47,1,740991.0,168861.0,909852.0
Backend Developer,Kolkata,MBA,Tier 2,FinTech,Mid-size,Male,0.0,24.0,2.79,2,1263314.0,162709.0,1426023.0
Data Scientist,Jaipur,BTech,Tier 3,EdTech,Startup,Female,4.5,28.0,1.87,6,1349011.0,199343.0,1548354.0
AI Engineer,Delhi NCR,MBA,Tier 3,IT Services,Mid-size,Female,7.9,29.0,2.49,6,2964373.0,730735.0,3695109.0
Backend Developer,Delhi NCR,MTech,Tier 3,E-Commerce,Startup,Male,6.1,29.0,3.9,9,2434451.0,372084.0,2806535.0
Frontend Developer,Jaipur,BTech,Tier 2,Manufacturing,MNC,Male,0.1,24.0,2.5,4,974685.0,146384.0,1121069.0
Product Manager,Jaipur,BTech,Tier 2,E-Commerce,Startup,Male,2.0,30.0,2.77,5,2008887.0,278457.0,2287344.0
Marketing Manager,Remote,BTech,Tier 2,Product Based,Startup,Female,6.9,31.0,3.47,7,1924547.0,343617.0,2268165.0
Frontend Developer,Jaipur,MBA,Tier 1,FinTech,Mid-size,Female,4.8,30.0,2.8,8,2354501.0,583615.0,2938115.0
Data Scientist,Chennai,MTech,Tier 3,IT Services,Startup,Male,6.6,30.0,3.28,1,1736440.0,252186.0,1988626.0
Financial Analyst,Mumbai,BTech,Tier 1,FinTech,Mid-size,Male,1.7,26.0,2.82,5,2414623.0,162838.0,2577461.0
Business Analyst,Delhi NCR,BTech,Tier 3,E-Commerce,Mid-size,Male,2.4,23.0,3.16,10,1793414.0,318299.0,2111714.0
Data Scientist,Kolkata,MBA,Tier 2,Manufacturing,Startup,Male,5.3,28.0,2.95,4,1788571.0,389064.0,2177635.0
AI Engineer,Remote,MTech,Tier 3,Manufacturing,Mid-size,Male,6.8,27.0,4.15,10,2329979.0,326273.0,2656252.0
Data Scientist,Bangalore,BTech,Tier 2,Consulting,MNC,Male,0.0,26.0,3.37,6,2420894.0,578079.0,2998974.0
Data Analyst,Delhi NCR,BTech,Tier 3,Manufacturing,Mid-size,Male,1.4,25.0,2.97,8,1330182.0,326725.0,1656907.0
Data Analyst,Kolkata,,Tier 2,FinTech,Startup,Male,2.9,26.0,2.96,6,1899518.0,400512.0,2300031.0
Backend Developer,Delhi NCR,BTech,Tier 2,Manufacturing,MNC,Male,1.9,22.0,3.07,2,1953370.0,196678.0,2150048.0
Business Analyst,Chennai,BTech,Tier 1,Product Based,MNC,Male,0.0,24.0,1.19,6,1847893.0,298057.0,2145950.0
DevOps Engineer,Delhi NCR,MTech,Tier 3,Product Based,Startup,Female,0.0,22.0,2.93,4,1894417.0,304272.0,2198689.0
Data Scientist,Kolkata,MTech,Tier 2,EdTech,Startup,Male,0.0,24.0,3.54,6,1376357.0,263973.0,1640330.0
Financial Analyst,Pune,BTech,Tier 3,EdTech,Startup,Male,10.2,29.0,,3,1452302.0,91589.0,1543891.0
Software Engineer,Bangalore,MBA,Tier 1,FinTech,MNC,Male,0.4,24.0,3.74,11,4032657.0,315881.0,4348538.0
HR Manager,Mumbai,BTech,Tier 1,Product Based,Startup,Female,0.0,25.0,3.53,6,1987577.0,377951.0,2365528.0
Backend Developer,Delhi NCR,BTech,Tier 3,Product Based,Startup,Female,2.6,26.0,3.31,8,2406465.0,565217.0,2971682.0
HR Manager,Remote,MTech,Tier 2,Product Based,Mid-size,Male,0.0,26.0,2.71,5,1711481.0,296713.0,2008194.0
Backend Developer,Chennai,MBA,Tier 2,Manufacturing,Mid-size,Male,2.4,29.0,2.83,4,1600047.0,366289.0,1966335.0
Data Scientist,Hyderabad,PhD,Tier 1,Consulting,Mid-size,Male,3.1,25.0,1.16,4,3021118.0,622000.0,3643118.0
Marketing Manager,Jaipur,MTech,Tier 1,E-Commerce,Startup,Female,3.5,28.0,4.48,2,1883181.0,218262.0,2101443.0
Backend Developer,Ahmedabad,MTech,Tier 1,EdTech,MNC,Male,7.0,30.0,4.04,2,2350137.0,304184.0,2654321.0
Marketing Manager,Delhi NCR,,Tier 3,Product Based,Startup,Male,3.9,26.0,4.6,1,2001805.0,440226.0,2442032.0
Frontend Developer,Pune,BTech,Tier 1,Product Based,Mid-size,Female,6.7,32.0,3.71,4,2680119.0,285485.0,2965604.0
HR Manager,Hyderabad,BTech,Tier 2,Consulting,Mid-size,Male,7.6,35.0,4.4,6,2451602.0,350854.0,2802455.0
Chartered Accountant,Mumbai,BTech,Tier 2,EdTech,Startup,Male,0.6,22.0,4.07,7,1328746.0,109020.0,1437766.0
Data Scientist,Kolkata,BTech,Tier 1,Consulting,Mid-size,Male,15.2,37.0,3.49,1,2296336.0,296734.0,2593070.0
Backend Developer,Hyderabad,BTech,Tier 3,EdTech,MNC,Female,3.7,28.0,,5,1978775.0,175783.0,2154558.0
HR Manager,Hyderabad,BTech,Tier 3,E-Commerce,Startup,Male,5.3,27.0,,6,1929736.0,238379.0,2168115.0
Marketing Manager,Mumbai,BTech,Tier 3,Consulting,Mid-size,Male,1.0,24.0,,7,1621081.0,357868.0,1978950.0
Financial Analyst,Pune,MBA,Tier 2,FinTech,Startup,Male,5.6,26.0,4.12,10,2682152.0,191095.0,2873247.0
AI Engineer,Remote,MBA,Tier 3,FinTech,Startup,Male,9.2,35.0,3.33,3,3055483.0,300596.0,3356079.0
DevOps Engineer,Hyderabad,,Tier 2,FinTech,MNC,Female,0.0,27.0,3.08,6,2272114.0,541736.0,2813850.0
DevOps Engineer,Jaipur,BTech,Tier 3,FinTech,Startup,Female,4.6,29.0,3.09,3,1863550.0,209484.0,2073034.0
Product Manager,Chennai,MTech,Tier 2,Manufacturing,Mid-size,Male,3.6,26.0,4.3,6,2311750.0,201623.0,2513374.0
Frontend Developer,Ahmedabad,,Tier 2,Manufacturing,Mid-size,Male,9.3,34.0,2.87,5,1414941.0,342077.0,1757017.0
Business Analyst,Chennai,MTech,Tier 3,FinTech,MNC,Male,0.0,23.0,,6,1944303.0,224858.0,2169161.0
Data Analyst,Ahmedabad,MTech,Tier 1,E-Commerce,Startup,Female,1.9,25.0,,3,1310903.0,220046.0,1530948.0
HR Manager,Bangalore,MTech,Tier 1,E-Commerce,MNC,Male,5.4,25.0,2.92,6,3652733.0,207984.0,10202705.091872638
Backend Developer,Remote,BTech,Tier 1,Product Based,Mid-size,Male,7.9,32.0,2.68,3,2680838.0,589460.0,3270298.0
HR Manager,Hyderabad,MTech,Tier 3,Consulting,Startup,Male,1.1,24.0,4.08,6,1647281.0,241721.0,1889002.0
Frontend Developer,Jaipur,BTech,Tier 3,FinTech,Startup,Male,6.6,31.0,3.69,1,1519151.0,288260.0,1807411.0
Data Analyst,Chennai,BTech,Tier 2,Product Based,Startup,Male,0.0,21.0,5.0,9,1497756.0,215878.0,1713634.0
Data Analyst,Bangalore,MTech,Tier 3,E-Commerce,MNC,Male,4.0,25.0,4.62,5,2646950.0,268308.0,2915259.0
DevOps Engineer,Chennai,BTech,Tier 2,Consulting,MNC,Female,4.8,29.0,3.26,5,2343987.0,367100.0,2711087.0
Marketing Manager,Bangalore,MTech,Tier 2,E-Commerce,Startup,Female,1.4,26.0,2.37,5,1985263.0,285965.0,2271228.0
HR Manager,Remote,PhD,Tier 2,IT Services,MNC,Male,0.0,21.0,3.5,9,1850810.0,421236.0,2272046.0
Financial Analyst,Mumbai,BTech,Tier 1,Consulting,Mid-size,Male,6.3,31.0,4.57,4,2504261.0,242689.0,2746951.0
Chartered Accountant,Pune,MBA,Tier 3,E-Commerce,MNC,Male,5.6,30.0,3.19,4,2943202.0,703968.0,3647169.0
Product Manager,Bangalore,BTech,Tier 3,Manufacturing,Startup,Male,1.8,25.0,2.98,4,1995906.0,162718.0,2158624.0
HR Manager,Delhi NCR,,Tier 2,Consulting,Mid-size,Male,9.3,36.0,4.27,6,2684179.0,165442.0,2849621.0
Business Analyst,Remote,,Tier 1,Manufacturing,Startup,Male,10.9,34.0,2.85,3,1765565.0,245563.0,5314801.858309644
Marketing Manager,Ahmedabad,,Tier 1,IT Services,Startup,Male,4.5,31.0,3.05,9,2167668.0,256228.0,2423897.0
Marketing Manager,Chennai,MBA,Tier 3,E-Commerce,Startup,Male,1.8,26.0,3.54,5,1866527.0,402430.0,2268957.0
HR Manager,Chennai,BTech,Tier 1,Consulting,Mid-size,Female,5.9,28.0,4.18,5,2123518.0,373998.0,2497517.0
DevOps Engineer,Jaipur,MTech,Tier 1,EdTech,Mid-size,Male,8.4,35.0,3.25,5,2164053.0,383555.0,2547608.0
Backend Developer,Kolkata,MTech,Tier 1,Consulting,Startup,Male,9.6,36.0,3.18,4,2662284.0,642883.0,3305168.0
HR Manager,Chennai,,Tier 2,FinTech,Startup,Male,9.2,32.0,3.14,5,2392401.0,205197.0,2597598.0
Business Analyst,Bangalore,BTech,Tier 2,Manufacturing,Startup,Male,3.5,28.0,2.85,3,1502794.0,241469.0,1744262.0
Product Manager,Hyderabad,BTech,Tier 3,Manufacturing,Mid-size,Male,1.3,23.0,2.91,13,2154267.0,348429.0,2502696.0
Business Analyst,Jaipur,MTech,Tier 2,Manufacturing,MNC,Male,1.7,22.0,3.57,6,1326610.0,102097.0,1428707.0
AI Engineer,Delhi NCR,BTech,Tier 2,E-Commerce,MNC,Male,4.6,24.0,2.67,4,2969821.0,207108.0,3176929.0
Marketing Manager,Bangalore,BTech,Tier 1,E-Commerce,Mid-size,Female,3.5,29.0,3.41,5,2603181.0,419488.0,3022669.0
Data Analyst,Ahmedabad,BTech,Tier 3,IT Services,MNC,Female,10.6,32.0,3.8,7,1534475.0,197010.0,1731485.0
Backend Developer,Remote,BTech,Tier 3,Manufacturing,Mid-size,Male,2.7,23.0,3.67,5,1156612.0,192619.0,1349231.0
Backend Developer,Jaipur,BTech,Tier 1,E-Commerce,MNC,Male,8.2,30.0,3.93,5,2640381.0,208697.0,2849078.0
Backend Developer,Kolkata,MTech,Tier 1,Manufacturing,Mid-size,Male,0.0,27.0,3.87,11,1614179.0,94931.0,1709111.0
Marketing Manager,Bangalore,MBA,Tier 2,FinTech,Startup,Female,2.3,27.0,2.21,7,3017159.0,209379.0,3226538.0
Product Manager,Chennai,BTech,Tier 2,IT Services,Startup,Male,13.6,34.0,3.11,3,2485358.0,451323.0,2936681.0
Chartered Accountant,Kolkata,MBA,Tier 3,Manufacturing,MNC,Male,10.1,36.0,4.22,5,2441495.0,326022.0,2767517.0
Frontend Developer,Chennai,BTech,Tier 2,FinTech,Startup,Male,0.0,22.0,2.49,5,1515301.0,351008.0,1866309.0
Frontend Developer,Hyderabad,BTech,Tier 3,EdTech,Mid-size,Male,8.7,37.0,4.87,4,1748937.0,390319.0,2139256.0
Business Analyst,Jaipur,MTech,Tier 2,FinTech,Mid-size,Male,7.2,33.0,,7,1841521.0,290939.0,2132460.0
DevOps Engineer,Mumbai,MTech,Tier 2,Manufacturing,MNC,Male,13.9,32.0,3.4,6,3291692.0,403456.0,3695148.0
DevOps Engineer,Chennai,MTech,Tier 1,EdTech,Mid-size,Male,3.4,27.0,3.49,6,2408165.0,581796.0,2989961.0
Product Manager,Hyderabad,MBA,Tier 2,IT Services,Mid-size,Male,0.0,22.0,3.45,5,2600956.0,642952.0,3243908.0
Data Analyst,Ahmedabad,BTech,Tier 2,FinTech,Mid-size,Male,0.0,21.0,3.52,3,1176411.0,132792.0,1309203.0
Frontend Developer,Pune,MBA,Tier 3,E-Commerce,Mid-size,Female,8.9,31.0,3.28,7,2442495.0,293983.0,2736478.0
Business Analyst,Delhi NCR,BTech,Tier 3,Product Based,Mid-size,Male,5.1,27.0,1.94,5,2144754.0,175721.0,2320475.0
Financial Analyst,Kolkata,MBA,Tier 2,FinTech,Mid-size,Female,7.0,25.0,4.94,11,2839451.0,323164.0,3162615.0
Marketing Manager,Bangalore,MBA,Tier 3,E-Commerce,Startup,Male,3.1,24.0,4.36,3,2483382.0,421183.0,2904565.0
Product Manager,Jaipur,BTech,Tier 2,FinTech,Mid-size,Male,8.0,28.0,3.82,7,2851593.0,487698.0,3339291.0
Financial Analyst,Delhi NCR,MBA,Tier 3,IT Services,Mid-size,Male,2.4,25.0,4.53,4,1789181.0,188244.0,1977425.0
Financial Analyst,Bangalore,BTech,Tier 3,EdTech,Mid-size,Male,6.9,30.0,2.86,6,1809926.0,444827.0,2254753.0
Marketing Manager,Mumbai,BTech,Tier 3,IT Services,Mid-size,Female,5.6,31.0,3.99,6,2132006.0,157443.0,2289449.0
Chartered Accountant,Kolkata,BTech,Tier 3,Manufacturing,Startup,Male,3.0,29.0,,4,1234452.0,279512.0,1513964.0
Frontend Developer,Chennai,BTech,Tier 1,Consulting,MNC,Male,0.4,23.0,1.94,1,1770682.0,216793.0,1987475.0
Frontend Developer,Hyderabad,BTech,Tier 3,Product Based,Mid-size,Male,1.0,23.0,1.89,4,1530343.0,276925.0,1807268.0
Financial Analyst,Kolkata,BTech,Tier 3,Consulting,Startup,Male,0.4,23.0,3.13,5,1065119.0,207616.0,1272735.0
Product Manager,Mumbai,MBA,Tier 2,Product Based,Startup,Male,7.5,30.0,3.06,3,4391101.0,977747.0,5368848.0
Frontend Developer,Remote,MBA,Tier 1,FinTech,Startup,Male,0.0,24.0,2.83,7,1961183.0,292024.0,2253207.0
Data Scientist,Pune,BTech,Tier 2,Manufacturing,Startup,Male,3.6,27.0,,7,1604229.0,157044.0,1761273.0
Marketing Manager,Kolkata,BTech,Tier 3,Consulting,MNC,Male,0.0,24.0,4.27,8,1459472.0,192614.0,1652086.0
Frontend Developer,Chennai,MTech,Tier 1,IT Services,MNC,Male,12.5,35.0,3.35,6,3166075.0,457329.0,3623405.0
Software Engineer,Mumbai,MTech,Tier 3,EdTech,MNC,Male,1.4,25.0,3.3,3,1827479.0,124999.0,1952478.0
Chartered Accountant,Chennai,MBA,Tier 3,Manufacturing,Startup,Female,6.1,30.0,2.21,4,1632601.0,247443.0,1880044.0
DevOps Engineer,Kolkata,MTech,Tier 3,Consulting,Mid-size,Female,8.7,33.0,2.0,4,2333022.0,125594.0,2458616.0
Chartered Accountant,Ahmedabad,PhD,Tier 3,E-Commerce,Mid-size,Male,1.5,24.0,2.06,7,2105734.0,264877.0,2370611.0
Product Manager,Bangalore,BTech,Tier 2,Manufacturing,MNC,Female,2.3,27.0,5.0,5,3254769.0,642117.0,3896886.0
AI Engineer,Ahmedabad,MBA,Tier 3,Manufacturing,MNC,Male,6.3,27.0,1.88,2,2189944.0,149599.0,2339543.0
Software Engineer,Delhi NCR,BTech,Tier 3,Product Based,Startup,Male,0.0,19.0,2.58,4,1576129.0,357809.0,1933938.0
Software Engineer,Remote,BTech,Tier 2,EdTech,Startup,Male,8.6,34.0,3.09,3,1832806.0,327684.0,2160491.0
Product Manager,Bangalore,BTech,Tier 3,Consulting,Mid-size,Male,1.8,26.0,2.44,6,2821574.0,216438.0,3038012.0
Software Engineer,Chennai,MBA,Tier 2,EdTech,Mid-size,Male,2.3,19.0,3.41,5,1854522.0,188122.0,2042645.0
Backend Developer,Remote,MTech,Tier 2,EdTech,MNC,Male,13.5,35.0,3.37,3,2616502.0,219730.0,2836232.0
Business Analyst,Jaipur,BTech,Tier 3,Consulting,MNC,Male,4.0,26.0,5.0,3,1518364.0,248748.0,1767112.0
Product Manager,Ahmedabad,BTech,Tier 2,EdTech,Startup,Male,2.4,26.0,2.94,1,1711229.0,153815.0,1865044.0
HR Manager,Jaipur,BTech,Tier 2,IT Services,Mid-size,Male,7.6,30.0,,7,1661719.0,225822.0,1887541.0
Business Analyst,Bangalore,MTech,Tier 2,EdTech,Startup,Male,1.4,26.0,3.29,2,1352932.0,251443.0,1604375.0
DevOps Engineer,Bangalore,MBA,Tier 3,FinTech,Startup,Male,2.3,19.0,4.38,5,2854087.0,666666.0,3520753.0
Chartered Accountant,Bangalore,MBA,Tier 3,Consulting,Mid-size,Male,3.8,27.0,4.39,1,2459970.0,575976.0,3035946.0
AI Engineer,Hyderabad,MBA,Tier 3,E-Commerce,MNC,Male,4.6,32.0,,3,3551282.0,490910.0,4042192.0
Financial Analyst,Mumbai,BTech,Tier 3,E-Commerce,MNC,Female,0.4,24.0,3.67,5,1741927.0,425002.0,2166929.0
Business Analyst,Delhi NCR,BTech,Tier 3,EdTech,MNC,Female,6.2,31.0,3.35,3,1919301.0,463492.0,2382793.0
Data Analyst,Mumbai,MBA,Tier 3,EdTech,Startup,Male,4.8,28.0,,6,1676091.0,327994.0,2004085.0
DevOps Engineer,Pune,MBA,Tier 3,E-Commerce,MNC,Male,0.4,23.0,3.52,6,2557805.0,129477.0,2687282.0
Financial Analyst,Hyderabad,BTech,Tier 2,IT Services,MNC,Male,3.8,26.0,4.63,5,2194560.0,410229.0,2604790.0
Chartered Accountant,Hyderabad,MTech,Tier 3,Consulting,Startup,Male,6.1,26.0,4.05,6,2280889.0,452983.0,2733872.0
Software Engineer,Bangalore,MBA,Tier 2,Manufacturing,Mid-size,Male,6.2,30.0,2.94,4,2489750.0,504798.0,2994547.0
Financial Analyst,Pune,BTech,Tier 2,EdTech,Startup,Female,4.3,28.0,3.28,3,1652755.0,183012.0,1835767.0
Data Analyst,Remote,MBA,Tier 1,EdTech,MNC,Male,3.4,28.0,3.32,5,2241952.0,476556.0,2718508.0
Data Scientist,Remote,BTech,Tier 2,E-Commerce,Mid-size,Female,2.8,29.0,3.98,7,2264864.0,465867.0,2730731.0
Backend Developer,Mumbai,BTech,Tier 1,Product Based,Startup,Female,0.7,23.0,3.2,2,2170244.0,149604.0,2319848.0
Marketing Manager,Hyderabad,PhD,Tier 1,E-Commerce,Startup,Female,0.0,24.0,3.9,5,2351264.0,552876.0,2904140.0
Backend Developer,Mumbai,MTech,Tier 3,Manufacturing,Startup,Male,4.4,25.0,3.91,9,2084721.0,393985.0,2478706.0
Frontend Developer,Ahmedabad,,Tier 2,EdTech,Startup,Male,10.6,33.0,2.28,4,1533839.0,118460.0,1652299.0
AI Engineer,Delhi NCR,BTech,Tier 2,Manufacturing,Mid-size,Female,8.3,32.0,2.84,4,2046906.0,468634.0,2515541.0
Data Analyst,Chennai,BTech,Tier 1,Product Based,MNC,Male,2.5,25.0,2.96,6,2765700.0,338885.0,3104585.0
Product Manager,Pune,MBA,Tier 2,Manufacturing,Startup,Male,3.4,26.0,4.92,9,2797001.0,554191.0,3351192.0
Marketing Manager,Kolkata,BTech,Tier 2,Manufacturing,Startup,Male,9.2,31.0,2.74,6,1455487.0,230460.0,1685947.0
Business Analyst,Chennai,MTech,Tier 2,EdTech,Mid-size,Male,3.5,25.0,4.44,5,2037131.0,278165.0,2315295.0
Data Analyst,Kolkata,BTech,Tier 3,E-Commerce,Startup,Male,7.7,31.0,1.98,8,1658261.0,293399.0,1951660.0
HR Manager,Kolkata,BTech,Tier 2,Consulting,Startup,Male,0.0,22.0,4.27,7,1220996.0,99636.0,1320632.0
Business Analyst,Delhi NCR,BTech,Tier 1,E-Commerce,MNC,Female,0.0,26.0,2.42,5,1930379.0,250796.0,2181174.0
Product Manager,Ahmedabad,BTech,Tier 2,Manufacturing,Startup,Male,1.6,27.0,2.58,2,1833426.0,205977.0,2039403.0
Data Scientist,Jaipur,MTech,Tier 2,Manufacturing,Mid-size,Male,8.0,33.0,2.73,7,1800532.0,134872.0,1935404.0
HR Manager,Kolkata,BTech,Tier 3,E-Commerce,MNC,Male,3.8,24.0,3.72,4,1850956.0,348692.0,2199648.0
Data Analyst,Remote,BTech,Tier 3,Product Based,MNC,Male,13.4,35.0,4.6,7,2841601.0,206148.0,3047749.0
DevOps Engineer,Bangalore,MTech,Tier 3,EdTech,Mid-size,Male,7.7,30.0,3.06,3,2407939.0,599591.0,3007531.0
Data Analyst,Chennai,PhD,Tier 2,Product Based,MNC,Female,7.4,26.0,4.43,6,3649605.0,403963.0,4053567.0
Data Scientist,Delhi NCR,MTech,Tier 1,Product Based,Mid-size,Male,0.1,22.0,3.07,4,2595687.0,353048.0,2948735.0
AI Engineer,Jaipur,BTech,Tier 3,Product Based,MNC,Male,3.6,28.0,2.89,2,2256293.0,316560.0,2572853.0
Backend Developer,Delhi NCR,MBA,Tier 3,Manufacturing,MNC,Male,9.9,32.0,3.98,3,2748298.0,530290.0,3278588.0
Frontend Developer,Mumbai,BTech,Tier 2,Consulting,MNC,Female,9.9,34.0,1.0,8,2916322.0,503762.0,3420084.0
Backend Developer,Bangalore,PhD,Tier 1,FinTech,MNC,Male,0.0,21.0,2.99,4,3325251.0,356210.0,3681461.0
AI Engineer,Mumbai,PhD,Tier 2,FinTech,Mid-size,Male,4.8,26.0,4.83,1,3994937.0,478186.0,4473122.0
Chartered Accountant,Hyderabad,BTech,Tier 1,E-Commerce,Mid-size,Female,9.6,36.0,3.15,4,3126708.0,572027.0,3698735.0
HR Manager,Delhi NCR,MBA,Tier 3,IT Services,Mid-size,Female,7.8,35.0,4.15,7,2217326.0,420816.0,2638142.0
Backend Developer,Ahmedabad,MTech,Tier 1,IT Services,Startup,Male,13.4,36.0,2.39,6,2223777.0,376827.0,2600603.0
Chartered Accountant,Hyderabad,BTech,Tier 3,Manufacturing,Startup,Male,10.8,37.0,2.95,6,1541538.0,166916.0,1708454.0
Business Analyst,Delhi NCR,BTech,Tier 2,Manufacturing,Mid-size,Male,0.9,24.0,4.33,7,1420411.0,216594.0,1637005.0
Software Engineer,Hyderabad,BTech,Tier 2,EdTech,Mid-size,Male,11.2,35.0,3.98,7,2316261.0,361700.0,2677960.0
Data Scientist,Hyderabad,BTech,Tier 3,Product Based,Mid-size,Female,13.1,36.0,3.57,10,2695527.0,150299.0,2845827.0
Frontend Developer,Ahmedabad,BTech,Tier 3,Product Based,MNC,Male,5.0,27.0,2.74,6,2239297.0,555779.0,2795076.0
AI Engineer,Bangalore,MBA,Tier 3,IT Services,Startup,Male,10.4,34.0,3.38,5,2899292.0,195273.0,3094565.0
Marketing Manager,Pune,PhD,Tier 3,E-Commerce,Mid-size,Male,6.8,30.0,1.27,2,2071039.0,250839.0,2321878.0
HR Manager,Bangalore,BTech,Tier 3,Consulting,Startup,Female,0.6,21.0,3.07,5,1373321.0,88621.0,1461942.0
HR Manager,Hyderabad,BTech,Tier 1,EdTech,MNC,Male,12.7,37.0,3.44,7,2667444.0,660650.0,3328094.0
Data Scientist,Mumbai,BTech,Tier 2,Product Based,Mid-size,Male,3.1,28.0,3.64,5,2775736.0,604323.0,3380059.0
Data Analyst,Bangalore,BTech,Tier 2,IT Services,MNC,Male,4.8,28.0,4.38,5,2464248.0,151926.0,2616174.0
Frontend Developer,Remote,MTech,Tier 3,Consulting,Startup,Male,8.3,26.0,1.52,6,2215133.0,169921.0,2385054.0
Business Analyst,Jaipur,MBA,Tier 3,E-Commerce,Mid-size,Male,0.0,21.0,4.61,9,1257920.0,95463.0,1353383.0
Frontend Developer,Hyderabad,MTech,Tier 3,Consulting,Mid-size,Female,5.9,32.0,4.5,2,2164377.0,363163.0,2527540.0
DevOps Engineer,Mumbai,PhD,Tier 2,FinTech,MNC,Male,5.5,26.0,3.0,5,4560314.0,969104.0,5529418.0
Marketing Manager,Kolkata,BTech,Tier 3,EdTech,Startup,Male,0.0,27.0,3.48,5,765053.0,143294.0,908347.0
Chartered Accountant,Chennai,BTech,Tier 1,EdTech,Startup,Male,3.6,28.0,2.79,4,1942957.0,98888.0,2041845.0
AI Engineer,Bangalore,BTech,Tier 2,E-Commerce,Mid-size,Male,7.8,29.0,3.07,7,3335265.0,689361.0,4024626.0
Backend Developer,Mumbai,BTech,Tier 2,Manufacturing,Mid-size,Male,3.0,26.0,2.67,3,1721090.0,322885.0,2043975.0
Financial Analyst,Remote,MBA,Tier 3,E-Commerce,Startup,Male,4.6,26.0,3.59,3,1655649.0,347854.0,2003503.0
Frontend Developer,Bangalore,BTech,Tier 1,E-Commerce,MNC,Male,7.4,31.0,4.01,5,3806447.0,378052.0,4184500.0
Frontend Developer,Remote,BTech,Tier 2,E-Commerce,MNC,Female,0.0,24.0,3.62,7,1540210.0,384926.0,1925136.0
Business Analyst,Kolkata,BTech,Tier 2,E-Commerce,MNC,Male,8.4,33.0,3.21,6,1918297.0,191070.0,2109367.0
Marketing Manager,Chennai,BTech,Tier 2,Manufacturing,Startup,Male,7.3,31.0,3.68,10,1764826.0,393778.0,2158604.0
Data Scientist,Kolkata,BTech,Tier 1,Product Based,MNC,Male,6.5,30.0,2.61,5,3295383.0,199825.0,3495208.0
Chartered Accountant,Jaipur,,Tier 3,IT Services,Startup,Male,10.3,36.0,3.78,1,1481163.0,142592.0,1623755.0
HR Manager,Jaipur,BTech,Tier 1,Manufacturing,Mid-size,Male,9.8,32.0,3.38,3,1492310.0,171562.0,1663872.0
Frontend Developer,Pune,BTech,Tier 2,IT Services,Startup,Male,4.9,28.0,5.0,1,1300216.0,321666.0,1621882.0
Chartered Accountant,Bangalore,BTech,Tier 2,EdTech,MNC,Male,0.0,24.0,3.14,7,1964293.0,237713.0,2202007.0
Data Analyst,Remote,BTech,Tier 2,Consulting,Mid-size,Male,0.3,24.0,3.98,3,840721.0,162905.0,1003626.0
Data Scientist,Remote,BTech,Tier 2,Manufacturing,Mid-size,Male,9.3,35.0,3.71,6,2170386.0,139210.0,2309596.0
Marketing Manager,Hyderabad,MTech,Tier 3,Product Based,Startup,Female,5.4,31.0,3.11,4,2096713.0,195528.0,2292241.0
HR Manager,Bangalore,MTech,Tier 3,Consulting,MNC,Male,3.8,25.0,4.02,9,2846999.0,637597.0,3484596.0
Chartered Accountant,Ahmedabad,BTech,Tier 3,EdTech,MNC,Male,3.1,27.0,4.85,5,1853290.0,203653.0,2056943.0
Data Analyst,Bangalore,MTech,Tier 1,Manufacturing,Startup,Male,2.1,28.0,2.78,3,1727722.0,101471.0,1829193.0
Frontend Developer,Hyderabad,MBA,Tier 1,IT Services,MNC,Male,4.7,24.0,5.0,4,2986726.0,496406.0,3483131.0
Data Analyst,Bangalore,BTech,Tier 1,IT Services,Startup,Male,4.3,28.0,,4,2248285.0,510421.0,2758706.0
Financial Analyst,Hyderabad,BTech,Tier 2,EdTech,MNC,Male,4.4,23.0,3.75,3,1673285.0,389585.0,2062870.0
Backend Developer,Kolkata,MBA,Tier 2,EdTech,MNC,Male,4.3,30.0,2.58,6,2200933.0,155043.0,2355977.0
Frontend Developer,Pune,BTech,Tier 2,E-Commerce,Mid-size,Male,3.5,26.0,4.12,6,1976328.0,160420.0,2136748.0
Marketing Manager,Hyderabad,MTech,Tier 2,Product Based,Startup,Male,8.9,31.0,3.11,2,2544462.0,197771.0,2742233.0
HR Manager,Remote,BTech,Tier 1,EdTech,MNC,Male,3.2,28.0,3.16,2,2106552.0,128300.0,2234852.0
Data Analyst,Hyderabad,BTech,Tier 1,IT Services,MNC,Male,3.1,27.0,3.12,5,2417095.0,287152.0,2704247.0
AI Engineer,Mumbai,MBA,Tier 3,Product Based,Mid-size,Male,0.7,24.0,4.53,4,3200731.0,747970.0,3948701.0
Software Engineer,Pune,BTech,Tier 2,Manufacturing,MNC,Male,2.5,26.0,3.21,4,1812499.0,110545.0,1923045.0
Chartered Accountant,Mumbai,BTech,Tier 1,E-Commerce,MNC,Female,7.8,30.0,3.03,6,3867037.0,212707.0,4079744.0
Business Analyst,Mumbai,BTech,Tier 3,FinTech,Mid-size,Male,6.5,27.0,4.32,5,2336676.0,460751.0,2797427.0
Data Analyst,Bangalore,BTech,Tier 1,Manufacturing,Mid-size,Female,0.0,21.0,3.35,8,1385546.0,266394.0,1651940.0
Product Manager,Bangalore,MTech,Tier 2,FinTech,Startup,Male,2.5,30.0,,7,3838067.0,513504.0,4351571.0
Frontend Developer,Chennai,BTech,Tier 3,Manufacturing,Mid-size,Female,3.8,29.0,2.96,4,1243653.0,284277.0,1527930.0
Financial Analyst,Chennai,BTech,Tier 1,EdTech,Mid-size,Male,7.1,32.0,4.51,6,2036765.0,134695.0,2171461.0
Chartered Accountant,Ahmedabad,BTech,Tier 2,IT Services,MNC,Female,9.4,30.0,1.93,9,2269365.0,506794.0,2776159.0
DevOps Engineer,Pune,BTech,Tier 1,Consulting,Startup,Female,4.6,28.0,3.67,1,2368397.0,120721.0,2489118.0
Marketing Manager,Chennai,,Tier 3,FinTech,MNC,Female,2.0,23.0,,7,2646284.0,408068.0,3054353.0
AI Engineer,Bangalore,BTech,Tier 1,EdTech,MNC,Male,5.3,28.0,4.58,6,4316874.0,749695.0,5066568.0
Business Analyst,Hyderabad,BTech,Tier 2,EdTech,Mid-size,Male,4.7,29.0,3.46,6,1593254.0,174947.0,1768201.0
HR Manager,Mumbai,MTech,Tier 3,E-Commerce,Startup,Female,11.7,36.0,3.58,7,2657727.0,151434.0,2809162.0
Data Scientist,Remote,MTech,Tier 3,EdTech,Mid-size,Male,5.4,31.0,2.51,2,1855760.0,94299.0,1950058.0
Frontend Developer,Jaipur,MTech,Tier 2,Manufacturing,Mid-size,Male,1.5,22.0,4.59,3,1315466.0,120825.0,1436291.0
DevOps Engineer,Kolkata,BTech,Tier 3,Product Based,Mid-size,Female,0.6,25.0,1.89,6,1531532.0,102972.0,1634504.0
Marketing Manager,Delhi NCR,BTech,Tier 2,Consulting,MNC,Female,0.5,24.0,4.46,7,2087153.0,311076.0,2398229.0
HR Manager,Kolkata,BTech,Tier 2,Consulting,MNC,Male,4.9,28.0,4.72,8,2339894.0,381509.0,2721402.0
Chartered Accountant,Jaipur,BTech,Tier 2,E-Commerce,MNC,Male,7.6,31.0,3.22,5,2044520.0,451938.0,2496458.0
Data Scientist,Pune,BTech,Tier 3,E-Commerce,Mid-size,Male,2.3,21.0,3.13,4,2230605.0,438270.0,2668875.0
Product Manager,Mumbai,BTech,Tier 3,E-Commerce,Startup,Male,2.4,28.0,3.5,7,2823337.0,627985.0,3451322.0
Data Analyst,Jaipur,MTech,Tier 2,Manufacturing,Startup,Female,4.7,26.0,,1,1163308.0,75588.0,1238896.0
Backend Developer,Hyderabad,,Tier 3,EdTech,MNC,Female,8.8,33.0,2.66,7,2346054.0,338345.0,2684399.0
Product Manager,Remote,BTech,Tier 1,E-Commerce,Startup,Female,7.0,30.0,3.66,4,2939939.0,479804.0,3419743.0
Product Manager,Kolkata,MTech,Tier 3,Product Based,Mid-size,Male,13.7,37.0,3.52,11,3597567.0,840908.0,4438474.0
AI Engineer,Delhi NCR,BTech,Tier 3,Manufacturing,MNC,Female,3.9,27.0,3.63,2,2077974.0,207247.0,2285222.0
Financial Analyst,Mumbai,MBA,Tier 3,Consulting,MNC,Female,2.0,23.0,4.2,6,2858947.0,392567.0,3251514.0
HR Manager,Bangalore,MTech,Tier 3,IT Services,Startup,Male,12.0,37.0,3.9,6,2207353.0,442742.0,2650095.0
Business Analyst,Chennai,BTech,Tier 1,E-Commerce,MNC,Male,0.0,22.0,1.84,3,1485365.0,134663.0,1620028.0
DevOps Engineer,Hyderabad,BTech,Tier 3,FinTech,MNC,Male,12.1,36.0,2.03,2,2919488.0,622883.0,3542371.0
Data Analyst,Mumbai,BTech,Tier 1,Manufacturing,MNC,Male,3.2,21.0,3.72,4,1862620.0,152834.0,2015454.0
Chartered Accountant,Mumbai,BTech,Tier 2,E-Commerce,MNC,Male,6.6,29.0,4.59,8,3649428.0,896396.0,4545823.0
Backend Developer,Chennai,BTech,Tier 1,Product Based,MNC,Female,9.6,31.0,4.27,6,3579228.0,196528.0,3775755.0
DevOps Engineer,Delhi NCR,BTech,Tier 3,IT Services,Startup,Male,6.0,33.0,3.36,3,1706578.0,357778.0,2064357.0
Marketing Manager,Delhi NCR,BTech,Tier 2,Consulting,Startup,Male,3.4,28.0,4.45,3,1622269.0,291157.0,1913426.0
Business Analyst,Remote,BTech,Tier 2,E-Commerce,MNC,Male,12.5,31.0,4.24,5,2551229.0,359672.0,2910901.0
Product Manager,Bangalore,BTech,Tier 2,Manufacturing,Mid-size,Female,2.9,25.0,3.47,9,2425010.0,173755.0,6867748.373703744
Marketing Manager,Chennai,BTech,Tier 2,Product Based,MNC,Female,2.4,24.0,3.92,4,2508962.0,492586.0,3001548.0
Software Engineer,Ahmedabad,MBA,Tier 3,Manufacturing,Startup,Male,2.1,21.0,4.94,6,1264913.0,279563.0,1544476.0
Product Manager,Mumbai,BTech,Tier 2,IT Services,Mid-size,Male,1.5,25.0,2.31,6,2852523.0,324535.0,3177058.0
Product Manager,Pune,BTech,Tier 2,Product Based,Startup,Female,0.6,21.0,3.31,10,3025441.0,399885.0,3425326.0
Frontend Developer,Bangalore,BTech,Tier 3,Manufacturing,MNC,Female,7.2,30.0,3.75,7,2067282.0,473679.0,2540961.0
Chartered Accountant,Jaipur,BTech,Tier 2,FinTech,Mid-size,Male,3.9,29.0,3.46,3,1483581.0,157997.0,1641577.0
HR Manager,Hyderabad,BTech,Tier 3,IT Services,Startup,Female,3.1,25.0,4.12,5,1373693.0,165969.0,1539662.0
Frontend Developer,Pune,BTech,Tier 1,IT Services,Startup,Male,6.1,25.0,3.35,5,2025746.0,139748.0,2165494.0
Software Engineer,Ahmedabad,MBA,Tier 3,IT Services,MNC,Male,5.8,28.0,2.72,2,1923769.0,116143.0,2039912.0
Data Analyst,Hyderabad,,Tier 2,EdTech,MNC,Male,6.3,30.0,2.49,2,1613626.0,302655.0,1916281.0
Frontend Developer,Mumbai,BTech,Tier 1,FinTech,Mid-size,Female,0.0,24.0,4.15,8,2203007.0,196856.0,2399862.0
Financial Analyst,Bangalore,MBA,Tier 2,Manufacturing,Startup,Male,7.2,32.0,3.84,8,2241398.0,314853.0,2556251.0
Backend Developer,Kolkata,MTech,Tier 3,Consulting,Startup,Male,5.1,30.0,2.66,8,1892160.0,301665.0,2193826.0
AI Engineer,Remote,PhD,Tier 2,FinTech,Startup,Male,6.1,27.0,,6,3079240.0,502203.0,3581443.0
Product Manager,Chennai,BTech,Tier 3,Product Based,MNC,Female,1.6,27.0,5.0,1,3307371.0,628735.0,3936106.0
Product Manager,Bangalore,BTech,Tier 3,E-Commerce,MNC,Male,7.3,30.0,3.66,11,4364821.0,559461.0,4924282.0
Product Manager,Delhi NCR,BTech,Tier 3,Consulting,MNC,Male,2.5,25.0,5.0,5,3384236.0,434765.0,3819001.0
Chartered Accountant,Kolkata,BTech,Tier 3,Consulting,MNC,Male,5.9,25.0,2.82,6,2388627.0,391725.0,2780352.0
Marketing Manager,Jaipur,MTech,Tier 3,Product Based,Mid-size,Male,8.0,31.0,3.49,3,2046917.0,313105.0,2360022.0
Frontend Developer,Bangalore,MTech,Tier 1,FinTech,Startup,Male,8.8,33.0,3.68,12,4163053.0,396283.0,4559336.0
Backend Developer,Delhi NCR,BTech,Tier 1,IT Services,Startup,Male,2.9,27.0,,6,2024228.0,214683.0,2238910.0
Product Manager,Kolkata,MBA,Tier 1,IT Services,Mid-size,Male,5.5,30.0,4.52,3,3210010.0,249364.0,3459374.0
Financial Analyst,Remote,PhD,Tier 1,Product Based,MNC,Male,13.3,34.0,2.82,5,4287608.0,902106.0,5189714.0
Business Analyst,Jaipur,BTech,Tier 2,EdTech,Startup,Female,5.0,27.0,4.04,4,1439787.0,342590.0,1782378.0
Data Scientist,Jaipur,BTech,Tier 1,Product Based,Startup,Male,2.2,27.0,3.88,5,1889824.0,319728.0,2209553.0
AI Engineer,Ahmedabad,BTech,Tier 2,IT Services,Startup,Female,1.8,26.0,4.12,4,1705022.0,417140.0,2122162.0
Frontend Developer,Delhi NCR,BTech,Tier 3,Product Based,MNC,Female,9.3,29.0,3.02,9,3087870.0,603502.0,3691372.0
Backend Developer,Mumbai,BTech,Tier 2,Manufacturing,Startup,Female,10.2,35.0,2.22,5,1670719.0,415072.0,2085791.0
Data Scientist,Mumbai,MTech,Tier 3,Consulting,Startup,Male,6.6,31.0,3.76,4,2703832.0,163793.0,2867625.0
AI Engineer,Mumbai,BTech,Tier 3,Manufacturing,Mid-size,Male,2.3,24.0,2.4,4,1793860.0,144236.0,1938096.0
Business Analyst,Bangalore,BTech,Tier 2,E-Commerce,Startup,Male,4.5,26.0,2.05,6,1910923.0,387129.0,2298052.0
Chartered Accountant,Mumbai,BTech,Tier 3,IT Services,Mid-size,Male,1.4,24.0,,3,1477679.0,218518.0,1696197.0
Business Analyst,Bangalore,BTech,Tier 2,Product Based,Mid-size,Female,2.2,24.0,,6,1866597.0,336118.0,2202716.0
Marketing Manager,Ahmedabad,,Tier 2,Manufacturing,Mid-size,Female,8.3,32.0,,4,1395917.0,108682.0,1504599.0
Business Analyst,Hyderabad,MTech,Tier 3,E-Commerce,Startup,Male,3.9,24.0,2.54,2,1781927.0,414288.0,2196216.0
Data Analyst,Chennai,BTech,Tier 2,Consulting,MNC,Female,7.1,30.0,4.11,4,2104048.0,138714.0,2242762.0
Product Manager,Pune,BTech,Tier 1,E-Commerce,Startup,Male,3.2,30.0,4.94,6,3150153.0,780672.0,3930824.0
Data Scientist,Mumbai,BTech,Tier 3,E-Commerce,Mid-size,Male,6.9,32.0,3.0,8,2524771.0,426695.0,2951466.0
Frontend Developer,Kolkata,BTech,Tier 1,FinTech,MNC,Female,4.4,27.0,2.09,3,2232968.0,179003.0,2411972.0
Backend Developer,Bangalore,BTech,Tier 3,Product Based,MNC,Male,0.9,22.0,2.85,5,2575322.0,409479.0,2984801.0
Product Manager,Kolkata,BTech,Tier 3,IT Services,Mid-size,Male,2.6,25.0,2.67,7,1884103.0,105347.0,1989450.0
Frontend Developer,Chennai,BTech,Tier 3,Consulting,MNC,Male,7.1,31.0,2.61,8,2545122.0,383208.0,2928329.0
Chartered Accountant,Remote,PhD,Tier 3,Product Based,Mid-size,Male,2.2,27.0,4.69,7,2757611.0,400453.0,3158064.0
Marketing Manager,Jaipur,BTech,Tier 3,FinTech,MNC,Male,0.9,22.0,4.23,5,1516110.0,89349.0,1605459.0
Chartered Accountant,Bangalore,MTech,Tier 2,E-Commerce,Mid-size,Male,10.2,32.0,4.01,8,3576292.0,577386.0,4153678.0
Business Analyst,Bangalore,BTech,Tier 3,FinTech,Startup,Male,10.1,35.0,4.38,7,2357975.0,389785.0,2747760.0
Software Engineer,Mumbai,BTech,Tier 2,Consulting,Mid-size,Female,1.3,22.0,3.49,9,1932390.0,476955.0,2409344.0
Software Engineer,Hyderabad,BTech,Tier 2,FinTech,Mid-size,Male,3.8,28.0,4.25,6,2527995.0,290364.0,2818359.0
Financial Analyst,Remote,BTech,Tier 1,Consulting,Mid-size,Female,4.0,27.0,3.5,7,2332794.0,187944.0,6661546.657752135
Frontend Developer,Pune,MBA,Tier 2,IT Services,Startup,Female,8.1,32.0,,4,2148819.0,374822.0,2523641.0
Product Manager,Delhi NCR,BTech,Tier 3,FinTech,Startup,Female,0.0,26.0,3.13,3,2182428.0,415434.0,2597861.0
Chartered Accountant,Delhi NCR,BTech,Tier 2,EdTech,Startup,Male,1.8,22.0,4.43,5,1941211.0,342527.0,2283738.0
Data Scientist,Mumbai,BTech,Tier 3,IT Services,MNC,Male,2.1,24.0,2.19,4,1938209.0,331189.0,2269398.0
Business Analyst,Kolkata,BTech,Tier 2,Manufacturing,Mid-size,Male,8.6,33.0,2.6,7,1830846.0,108354.0,1939200.0
Product Manager,Jaipur,BTech,Tier 2,IT Services,MNC,Male,12.0,35.0,3.34,5,2530326.0,607921.0,3138247.0
Chartered Accountant,Mumbai,BTech,Tier 3,Product Based,Mid-size,Male,0.0,24.0,2.79,2,1550809.0,381473.0,1932282.0
Backend Developer,Bangalore,BTech,Tier 2,IT Services,Mid-size,Male,5.4,26.0,3.08,3,2155640.0,398519.0,2554159.0
AI Engineer,Jaipur,PhD,Tier 1,FinTech,Mid-size,Male,1.0,27.0,2.79,3,2874661.0,714225.0,3588886.0
Chartered Accountant,Delhi NCR,MTech,Tier 1,IT Services,Startup,Female,1.0,26.0,3.0,2,1647492.0,155155.0,1802647.0
AI Engineer,Chennai,BTech,Tier 2,FinTech,Mid-size,Female,5.6,28.0,2.84,4,2762913.0,205332.0,2968246.0
Software Engineer,Delhi NCR,,Tier 3,Consulting,Mid-size,Female,1.2,28.0,2.55,4,1566483.0,280652.0,1847135.0
Financial Analyst,Kolkata,BTech,Tier 2,FinTech,MNC,Female,0.0,22.0,3.67,1,1378718.0,264179.0,1642897.0
Marketing Manager,Bangalore,BTech,Tier 2,E-Commerce,Mid-size,Male,7.0,30.0,3.23,6,2404887.0,229429.0,2634316.0
Business Analyst,Kolkata,BTech,Tier 3,EdTech,MNC,Male,5.4,28.0,3.55,4,1106822.0,276646.0,1383467.0
Product Manager,Chennai,BTech,Tier 3,Consulting,MNC,Male,3.1,31.0,3.89,5,2891258.0,221937.0,3113194.0
AI Engineer,Pune,BTech,Tier 3,FinTech,Mid-size,Male,8.9,33.0,3.16,5,2699978.0,570343.0,3270321.0
Chartered Accountant,Chennai,BTech,Tier 2,Manufacturing,Mid-size,Male,12.9,34.0,1.75,6,1617507.0,159635.0,4696447.766666328
Marketing Manager,Mumbai,MTech,Tier 3,IT Services,Mid-size,Male,3.0,24.0,3.6,5,1948250.0,425720.0,2373969.0
Marketing Manager,Hyderabad,BTech,Tier 3,EdTech,Mid-size,Male,8.5,35.0,2.52,3,1624115.0,371235.0,1995350.0
Data Analyst,Ahmedabad,BTech,Tier 2,Product Based,MNC,Male,2.9,25.0,3.78,5,2085784.0,290536.0,2376321.0
HR Manager,Kolkata,BTech,Tier 2,FinTech,Mid-size,Female,8.1,31.0,3.03,2,1895634.0,184428.0,2080062.0
Software Engineer,Remote,BTech,Tier 3,EdTech,Mid-size,Female,7.7,30.0,2.06,5,1523097.0,330133.0,1853230.0
Data Scientist,Hyderabad,BTech,Tier 3,IT Services,Mid-size,Male,9.1,36.0,3.13,8,1941878.0,480946.0,2422824.0
Software Engineer,Ahmedabad,BTech,Tier 2,EdTech,Startup,Male,6.0,29.0,3.33,1,1596609.0,370023.0,1966632.0
Data Analyst,Ahmedabad,MBA,Tier 3,Product Based,MNC,Male,6.1,26.0,2.57,5,2355049.0,454821.0,2809870.0
DevOps Engineer,Hyderabad,BTech,Tier 3,Consulting,Mid-size,Male,5.8,24.0,3.18,9,2564347.0,525344.0,3089691.0
AI Engineer,Delhi NCR,MBA,Tier 1,E-Commerce,Mid-size,Female,5.5,28.0,3.34,5,3899311.0,331765.0,11181451.696485424
Backend Developer,Remote,BTech,Tier 3,Consulting,Mid-size,Male,5.8,25.0,3.41,7,1616176.0,335094.0,1951270.0
Data Scientist,Hyderabad,BTech,Tier 2,FinTech,Mid-size,Female,7.5,31.0,3.79,9,3068016.0,529394.0,3597410.0
HR Manager,Remote,BTech,Tier 3,Consulting,MNC,Male,2.0,26.0,,4,1664447.0,270808.0,1935255.0
DevOps Engineer,Mumbai,MBA,Tier 2,FinTech,MNC,Male,5.0,30.0,3.59,7,4470597.0,1096978.0,5567575.0
Chartered Accountant,Pune,MTech,Tier 3,FinTech,Startup,Male,5.6,27.0,4.84,6,2592215.0,586253.0,3178468.0
Business Analyst,Delhi NCR,BTech,Tier 1,EdTech,Startup,Male,4.4,28.0,3.09,8,1980990.0,354150.0,2335141.0
DevOps Engineer,Ahmedabad,BTech,Tier 3,Manufacturing,Mid-size,Female,2.3,23.0,3.21,5,1082540.0,220940.0,1303479.0
Data Analyst,Bangalore,MTech,Tier 3,FinTech,Startup,Male,2.2,23.0,4.63,5,2161039.0,317036.0,2478075.0
Data Analyst,Kolkata,BTech,Tier 2,Manufacturing,MNC,Female,8.1,33.0,1.88,5,1457855.0,298743.0,1756598.0
Software Engineer,Kolkata,BTech,Tier 3,Product Based,Mid-size,Male,1.2,26.0,3.33,4,1874401.0,424962.0,2299363.0
HR Manager,Hyderabad,MBA,Tier 1,Consulting,Mid-size,Male,5.9,29.0,4.06,4,2947421.0,605288.0,3552709.0
Business Analyst,Delhi NCR,BTech,Tier 3,Consulting,Startup,Male,1.9,22.0,2.21,2,1266018.0,93434.0,1359452.0
Product Manager,Jaipur,BTech,Tier 3,Consulting,MNC,Male,0.0,23.0,4.97,3,1631757.0,178131.0,1809888.0
Product Manager,Kolkata,BTech,Tier 1,FinTech,Mid-size,Male,11.8,33.0,2.63,1,3210190.0,281089.0,9226392.411163008
Business Analyst,Bangalore,MTech,Tier 3,Product Based,Mid-size,Female,0.6,23.0,2.66,7,2092060.0,341472.0,2433532.0
Software Engineer,Bangalore,BTech,Tier 2,Consulting,Mid-size,Female,5.8,27.0,2.89,5,2600271.0,134523.0,2734795.0
Frontend Developer,Mumbai,BTech,Tier 2,Product Based,Startup,Male,6.7,34.0,2.64,3,2193983.0,521784.0,2715767.0
Software Engineer,Bangalore,MTech,Tier 3,IT Services,Mid-size,Male,2.2,28.0,3.4,7,2159826.0,346747.0,2506573.0
Business Analyst,Jaipur,BTech,Tier 2,Manufacturing,Mid-size,Male,3.7,28.0,4.26,6,1109192.0,236442.0,1345634.0
Business Analyst,Mumbai,MTech,Tier 1,IT Services,MNC,Male,8.1,32.0,3.34,5,3205981.0,474052.0,3680032.0
DevOps Engineer,Bangalore,PhD,Tier 3,Product Based,Startup,Male,9.3,28.0,3.05,3,3469767.0,254361.0,3724128.0
AI Engineer,Kolkata,PhD,Tier 1,Consulting,Startup,Female,0.0,22.0,4.17,9,2758445.0,457126.0,3215571.0
Frontend Developer,Pune,MTech,Tier 1,Consulting,MNC,Male,10.1,35.0,2.81,8,3668171.0,348377.0,4016548.0
DevOps Engineer,Hyderabad,BTech,Tier 3,IT Services,Startup,Male,6.2,27.0,,3,1973436.0,232294.0,2205729.0
Frontend Developer,Jaipur,BTech,Tier 2,Manufacturing,Mid-size,Male,0.6,22.0,2.62,3,765386.0,119025.0,884411.0
Chartered Accountant,Ahmedabad,BTech,Tier 3,Product Based,Mid-size,Male,2.2,28.0,3.5,6,1932367.0,145265.0,2077632.0
AI Engineer,Chennai,,Tier 2,E-Commerce,MNC,Male,5.1,28.0,2.19,1,3403593.0,626792.0,4030385.0
Chartered Accountant,Jaipur,BTech,Tier 3,Consulting,Mid-size,Female,6.4,34.0,3.3,3,1276420.0,264550.0,1540970.0
Chartered Accountant,Kolkata,BTech,Tier 1,Consulting,Startup,Male,4.3,27.0,2.97,8,2172839.0,130735.0,2303573.0
Backend Developer,Hyderabad,BTech,Tier 2,E-Commerce,Startup,Male,1.5,26.0,3.91,2,1554327.0,143955.0,1698282.0
DevOps Engineer,Mumbai,BTech,Tier 3,EdTech,MNC,Female,1.5,27.0,5.0,5,2316036.0,241728.0,2557764.0
Backend Developer,Hyderabad,BTech,Tier 3,Product Based,Startup,Male,10.0,36.0,3.94,6,2799333.0,426733.0,3226065.0
Product Manager,Kolkata,BTech,Tier 3,Product Based,Mid-size,Male,4.3,26.0,5.0,4,2709517.0,259317.0,2968834.0
Data Analyst,Hyderabad,BTech,Tier 3,FinTech,MNC,Male,1.1,25.0,1.61,6,1925894.0,383372.0,2309266.0
Data Analyst,Pune,BTech,Tier 1,FinTech,Startup,Female,5.4,28.0,4.68,10,2754508.0,437126.0,3191635.0
Software Engineer,Bangalore,BTech,Tier 3,Product Based,Mid-size,Female,2.5,25.0,3.46,4,2309659.0,290622.0,2600281.0
Frontend Developer,Kolkata,BTech,Tier 2,IT Services,Startup,Male,1.8,22.0,3.13,5,1419914.0,151005.0,1570919.0
Marketing Manager,Mumbai,MTech,Tier 3,IT Services,Startup,Male,4.4,21.0,3.81,3,1681013.0,247034.0,1928048.0
Backend Developer,Delhi NCR,BTech,Tier 1,IT Services,MNC,Male,11.2,35.0,4.85,8,3779061.0,924659.0,4703720.0
Backend Developer,Mumbai,BTech,Tier 3,IT Services,MNC,Female,9.5,32.0,3.29,1,2171428.0,496959.0,2668387.0
Financial Analyst,Jaipur,BTech,Tier 1,E-Commerce,Mid-size,Male,0.7,23.0,3.64,5,1366706.0,109516.0,3901207.396484749
Financial Analyst,Jaipur,MBA,Tier 3,Manufacturing,Mid-size,Male,4.7,25.0,2.97,5,1099074.0,268935.0,1368008.0
Financial Analyst,Mumbai,BTech,Tier 3,Manufacturing,MNC,Male,4.5,26.0,3.13,6,1756618.0,140243.0,1896861.0
Backend Developer,Ahmedabad,MTech,Tier 2,E-Commerce,Startup,Male,1.4,23.0,3.91,7,1948396.0,220211.0,2168607.0
AI Engineer,Chennai,MTech,Tier 2,Product Based,MNC,Male,4.8,28.0,2.87,6,4081523.0,340974.0,4422497.0
DevOps Engineer,Pune,MBA,Tier 3,FinTech,MNC,Male,6.8,27.0,3.4,2,3479230.0,827205.0,4306435.0
Data Scientist,Bangalore,BTech,Tier 2,FinTech,Startup,Male,6.2,31.0,3.34,7,3059328.0,529313.0,3588641.0
Frontend Developer,Ahmedabad,BTech,Tier 2,E-Commerce,MNC,Male,4.9,26.0,3.74,7,2273127.0,184140.0,2457267.0
AI Engineer,Remote,BTech,Tier 3,IT Services,Startup,Female,8.9,32.0,5.0,6,1971766.0,326979.0,2298745.0
Marketing Manager,Hyderabad,BTech,Tier 3,Manufacturing,Mid-size,Male,3.7,24.0,2.39,5,1508114.0,355579.0,1863693.0
Data Scientist,Ahmedabad,PhD,Tier 3,FinTech,Startup,Female,7.1,28.0,2.93,7,2544834.0,263381.0,7421261.252656727
Frontend Developer,Chennai,BTech,Tier 3,IT Services,MNC,Male,5.9,30.0,5.0,8,2311720.0,251794.0,2563515.0
DevOps Engineer,Ahmedabad,BTech,Tier 2,Consulting,MNC,Male,3.2,25.0,4.08,3,2016408.0,353804.0,2370212.0
HR Manager,Remote,MTech,Tier 3,IT Services,Startup,Male,3.3,25.0,3.36,1,1175338.0,165164.0,1340502.0
Chartered Accountant,Delhi NCR,MBA,Tier 1,Consulting,MNC,Male,5.8,24.0,3.91,3,3905828.0,285961.0,4191789.0
Product Manager,Mumbai,BTech,Tier 2,Consulting,Startup,Male,1.7,24.0,4.12,4,2587728.0,238523.0,2826251.0
Product Manager,Pune,MTech,Tier 3,Consulting,Startup,Male,9.1,31.0,3.44,7,3051485.0,398439.0,3449924.0
Backend Developer,Delhi NCR,BTech,Tier 2,Consulting,MNC,Female,0.0,24.0,3.39,6,2097447.0,252695.0,2350142.0
Chartered Accountant,Delhi NCR,BTech,Tier 3,EdTech,MNC,Female,5.0,30.0,4.74,8,2365980.0,409339.0,2775319.0
Financial Analyst,Pune,PhD,Tier 3,Consulting,Startup,Male,7.6,31.0,4.6,4,2146704.0,306230.0,2452934.0
Financial Analyst,Ahmedabad,BTech,Tier 3,Product Based,Mid-size,Male,11.1,32.0,3.44,5,2030069.0,433692.0,2463761.0
Data Analyst,Jaipur,BTech,Tier 2,Consulting,Startup,Male,5.2,27.0,,5,1554311.0,318278.0,1872589.0
DevOps Engineer,Jaipur,BTech,Tier 3,EdTech,Startup,Female,8.7,31.0,4.62,5,1498287.0,231667.0,1729954.0
Frontend Developer,Mumbai,BTech,Tier 3,FinTech,MNC,Female,10.9,36.0,4.06,5,3088122.0,594298.0,3682420.0
Marketing Manager,Bangalore,MBA,Tier 2,Product Based,Mid-size,Male,0.8,24.0,4.06,7,2807045.0,494205.0,3301250.0
Frontend Developer,Kolkata,MBA,Tier 1,EdTech,MNC,Male,3.7,27.0,2.89,3,2206299.0,354896.0,2561195.0
Financial Analyst,Kolkata,BTech,Tier 2,Manufacturing,MNC,Male,1.6,28.0,3.66,9,1616419.0,100083.0,1716501.0
Chartered Accountant,Mumbai,BTech,Tier 1,Product Based,Startup,Male,9.4,37.0,3.73,9,3693396.0,476461.0,4169857.0
HR Manager,Delhi NCR,BTech,Tier 2,E-Commerce,Mid-size,Male,7.7,33.0,3.19,4,2419508.0,533777.0,2953284.0
Chartered Accountant,Chennai,MTech,Tier 1,Consulting,Mid-size,Male,9.2,33.0,3.53,4,3067740.0,688732.0,3756472.0
Data Analyst,Delhi NCR,MTech,Tier 1,Manufacturing,Mid-size,Male,3.8,22.0,2.46,11,2177693.0,495722.0,2673415.0
Data Analyst,Hyderabad,BTech,Tier 3,Consulting,Startup,Male,3.8,25.0,3.56,2,1440896.0,217905.0,1658801.0
Data Scientist,Hyderabad,BTech,Tier 2,IT Services,Mid-size,Male,6.6,27.0,1.53,3,1925087.0,97277.0,2022364.0
AI Engineer,Remote,MTech,Tier 3,Manufacturing,Mid-size,Male,8.5,31.0,3.57,8,2289208.0,549094.0,2838301.0
Product Manager,Delhi NCR,BTech,Tier 3,Manufacturing,Mid-size,Female,3.6,29.0,2.95,8,2039733.0,463303.0,2503036.0
Business Analyst,Kolkata,MBA,Tier 3,IT Services,Mid-size,Male,0.0,21.0,3.32,8,871111.0,111041.0,982152.0
DevOps Engineer,Bangalore,MBA,Tier 1,E-Commerce,Startup,Male,3.5,25.0,,1,3236788.0,366124.0,3602912.0
AI Engineer,Jaipur,MTech,Tier 3,IT Services,Mid-size,Male,10.6,32.0,2.77,5,1864171.0,459948.0,2324120.0
Business Analyst,Mumbai,BTech,Tier 3,E-Commerce,MNC,Male,8.7,32.0,3.4,6,2585690.0,461855.0,3047546.0
Data Analyst,Jaipur,BTech,Tier 2,Product Based,MNC,Female,0.0,20.0,4.76,4,1416900.0,263856.0,1680756.0
Data Analyst,Pune,MBA,Tier 1,Manufacturing,Startup,Male,11.1,35.0,3.79,2,2479034.0,204362.0,2683396.0
DevOps Engineer,Hyderabad,MTech,Tier 2,E-Commerce,MNC,Male,7.6,32.0,4.28,4,3489914.0,779925.0,4269838.0
DevOps Engineer,Remote,PhD,Tier 3,E-Commerce,Mid-size,Female,4.2,28.0,2.39,3,2300785.0,376365.0,2677150.0
Software Engineer,Jaipur,BTech,Tier 1,Product Based,MNC,Female,2.6,23.0,3.5,2,2562868.0,263735.0,2826603.0
Software Engineer,Pune,PhD,Tier 1,Manufacturing,Startup,Female,5.6,25.0,4.51,2,2288629.0,307371.0,2596000.0
Marketing Manager,Hyderabad,BTech,Tier 1,Product Based,Mid-size,Female,1.2,22.0,3.7,3,2198925.0,549046.0,2747971.0
Business Analyst,Mumbai,MBA,Tier 3,Product Based,MNC,Female,8.3,31.0,3.58,6,3258277.0,516929.0,3775206.0
Financial Analyst,Mumbai,BTech,Tier 2,FinTech,MNC,Female,10.3,38.0,2.49,3,2741835.0,358896.0,3100731.0
Product Manager,Delhi NCR,,Tier 2,Manufacturing,Mid-size,Female,5.0,30.0,2.16,6,2592008.0,186571.0,2778579.0
Backend Developer,Remote,BTech,Tier 2,FinTech,Startup,Male,8.1,30.0,3.62,4,2246905.0,296674.0,2543579.0
Data Analyst,Pune,MTech,Tier 1,EdTech,Mid-size,Male,7.6,31.0,,5,2202529.0,391554.0,2594083.0
Backend Developer,Kolkata,,Tier 3,IT Services,MNC,Male,8.0,28.0,3.28,4,1981529.0,453258.0,2434786.0
Financial Analyst,Hyderabad,MTech,Tier 1,Consulting,MNC,Female,11.4,36.0,3.14,6,3660011.0,542559.0,4202570.0
HR Manager,Bangalore,BTech,Tier 2,Manufacturing,Mid-size,Female,10.1,32.0,3.48,5,1925255.0,252970.0,2178226.0
Frontend Developer,Ahmedabad,BTech,Tier 2,IT Services,Startup,Female,5.7,28.0,3.96,3,1318127.0,74001.0,1392128.0
DevOps Engineer,Ahmedabad,BTech,Tier 1,E-Commerce,Startup,Female,4.9,29.0,4.41,4,1943674.0,142404.0,2086077.0
AI Engineer,Delhi NCR,BTech,Tier 1,FinTech,Startup,Female,0.6,26.0,5.0,5,3127926.0,194196.0,8779361.72095031
Product Manager,Bangalore,BTech,Tier 2,EdTech,Startup,Female,0.0,26.0,3.75,3,1987522.0,128127.0,2115649.0
Chartered Accountant,Chennai,MTech,Tier 3,EdTech,Mid-size,Male,4.9,32.0,3.6,4,1717275.0,160239.0,1877514.0
Business Analyst,Jaipur,MBA,Tier 2,Consulting,MNC,Male,3.9,25.0,,3,2023913.0,370299.0,2394212.0
Data Scientist,Kolkata,,Tier 3,Manufacturing,MNC,Male,3.6,27.0,3.82,2,1595504.0,268621.0,1864125.0
Product Manager,Remote,BTech,Tier 3,Product Based,MNC,Male,1.5,24.0,4.05,5,3140318.0,447646.0,3587964.0
Product Manager,Kolkata,MBA,Tier 3,Product Based,MNC,Male,9.1,37.0,,7,4029912.0,616082.0,4645994.0
Data Analyst,Mumbai,BTech,Tier 1,Product Based,MNC,Male,8.3,32.0,4.73,2,3476926.0,217378.0,3694304.0
Chartered Accountant,Jaipur,BTech,Tier 2,Product Based,MNC,Male,8.3,32.0,4.53,6,2576790.0,502496.0,3079286.0
Data Scientist,Chennai,BTech,Tier 3,Consulting,MNC,Female,0.0,22.0,2.29,5,1563304.0,176472.0,1739776.0
Software Engineer,Bangalore,BTech,Tier 2,IT Services,Startup,Female,8.1,29.0,5.0,4,2391796.0,171835.0,2563631.0
Business Analyst,Kolkata,BTech,Tier 3,E-Commerce,Mid-size,Female,7.9,33.0,3.39,9,1362528.0,139614.0,1502142.0
Frontend Developer,Mumbai,BTech,Tier 2,Product Based,MNC,Male,1.5,28.0,3.52,3,2689846.0,635595.0,3325441.0
Financial Analyst,Jaipur,BTech,Tier 1,Product Based,Mid-size,Female,3.0,29.0,3.35,4,1882810.0,199327.0,2082137.0
Product Manager,Remote,BTech,Tier 1,E-Commerce,MNC,Female,4.6,25.0,3.14,6,3848785.0,859085.0,4707870.0
Financial Analyst,Kolkata,PhD,Tier 3,IT Services,Startup,Male,5.4,30.0,2.67,1,1576302.0,318907.0,1895209.0
Frontend Developer,Chennai,,Tier 3,Manufacturing,Mid-size,Male,7.0,31.0,2.98,6,1703741.0,415935.0,2119676.0
Business Analyst,Remote,MTech,Tier 3,IT Services,Mid-size,Male,7.7,31.0,4.46,5,1640394.0,261362.0,1901755.0
AI Engineer,Kolkata,BTech,Tier 3,E-Commerce,Mid-size,Female,2.0,24.0,2.65,3,2141186.0,307917.0,2449103.0
AI Engineer,Chennai,BTech,Tier 1,Manufacturing,Mid-size,Male,12.5,34.0,3.38,10,3106520.0,392622.0,3499142.0
HR Manager,Ahmedabad,,Tier 1,Consulting,Startup,Male,9.8,32.0,3.81,4,2135038.0,460530.0,2595568.0
HR Manager,Hyderabad,BTech,Tier 1,IT Services,Startup,Male,0.0,23.0,2.14,8,1493030.0,343171.0,1836201.0
Backend Developer,Remote,BTech,Tier 3,IT Services,Mid-size,Male,0.0,22.0,4.68,11,1563380.0,92186.0,1655566.0
Financial Analyst,Remote,BTech,Tier 2,EdTech,Mid-size,Female,6.1,31.0,3.93,8,1675689.0,287285.0,1962975.0
Marketing Manager,Hyderabad,BTech,Tier 2,E-Commerce,Startup,Male,1.8,23.0,2.91,7,1851120.0,112102.0,1963222.0
Backend Developer,Mumbai,BTech,Tier 3,Manufacturing,MNC,Male,4.8,29.0,4.63,3,1835813.0,187119.0,2022932.0
Business Analyst,Jaipur,BTech,Tier 2,E-Commerce,Mid-size,Male,0.6,24.0,3.2,8,1014238.0,214727.0,1228965.0
Business Analyst,Hyderabad,BTech,Tier 1,Consulting,MNC,Female,3.0,26.0,3.88,5,2155067.0,507375.0,2662443.0
Marketing Manager,Delhi NCR,BTech,Tier 3,Product Based,Mid-size,Male,0.0,25.0,2.93,6,1720896.0,300921.0,2021817.0
DevOps Engineer,Chennai,MBA,Tier 1,Manufacturing,MNC,Male,2.9,28.0,2.71,5,3176741.0,718392.0,3895133.0
Marketing Manager,Pune,MTech,Tier 2,Consulting,Mid-size,Female,14.6,39.0,3.68,6,2453629.0,591324.0,3044953.0
Frontend Developer,Chennai,,Tier 1,FinTech,Mid-size,Male,11.2,36.0,2.83,3,2901838.0,589658.0,3491496.0
AI Engineer,Mumbai,BTech,Tier 2,EdTech,Startup,Male,4.7,25.0,2.42,4,2226449.0,443343.0,2669792.0
Financial Analyst,Kolkata,BTech,Tier 1,FinTech,Mid-size,Female,0.0,23.0,4.47,3,1715052.0,292236.0,2007288.0
Product Manager,Kolkata,MBA,Tier 1,EdTech,Startup,Female,5.4,28.0,,6,2767339.0,570992.0,3338331.0
AI Engineer,Ahmedabad,MTech,Tier 2,FinTech,Mid-size,Male,10.4,36.0,3.15,7,3058622.0,645871.0,3704493.0
Business Analyst,Jaipur,BTech,Tier 3,E-Commerce,Startup,Male,1.7,24.0,3.37,4,1037123.0,240867.0,1277990.0
Business Analyst,Remote,BTech,Tier 2,Consulting,MNC,Male,5.2,27.0,3.77,7,2007919.0,199302.0,2207221.0
Business Analyst,Chennai,BTech,Tier 2,Product Based,MNC,Female,6.3,29.0,4.26,7,2689507.0,389991.0,3079499.0
Data Analyst,Hyderabad,MBA,Tier 3,Consulting,Startup,Male,0.2,20.0,3.2,4,1055082.0,191023.0,1246104.0
Marketing Manager,Remote,BTech,Tier 2,IT Services,Startup,Male,6.0,29.0,3.3,2,1602390.0,217985.0,1820375.0
AI Engineer,Pune,MTech,Tier 2,IT Services,Mid-size,Male,8.5,32.0,2.52,3,2426238.0,411516.0,2837755.0
Product Manager,Hyderabad,BTech,Tier 3,FinTech,Mid-size,Male,0.0,21.0,1.95,4,2300151.0,166281.0,2466432.0
Frontend Developer,Hyderabad,BTech,Tier 1,Manufacturing,MNC,Female,1.6,27.0,,6,2210805.0,491034.0,2701839.0
AI Engineer,Mumbai,BTech,Tier 3,E-Commerce,MNC,Male,7.6,32.0,3.93,9,3542770.0,537059.0,4079829.0
DevOps Engineer,Chennai,MTech,Tier 3,EdTech,Startup,Female,13.1,37.0,3.96,3,1824522.0,404478.0,2229000.0
DevOps Engineer,Delhi NCR,MBA,Tier 1,Consulting,Mid-size,Female,4.9,27.0,3.21,7,3698343.0,219798.0,3918141.0
DevOps Engineer,Pune,BTech,Tier 1,IT Services,Startup,Male,2.8,26.0,3.08,5,2111385.0,276963.0,2388348.0
Chartered Accountant,Bangalore,BTech,Tier 3,EdTech,Startup,Male,7.4,34.0,4.1,3,2040152.0,284103.0,2324255.0
DevOps Engineer,Jaipur,MTech,Tier 1,FinTech,MNC,Female,2.1,26.0,2.98,9,3150884.0,610530.0,3761414.0
Data Analyst,Mumbai,MBA,Tier 3,EdTech,Mid-size,Male,7.5,33.0,2.91,5,1833744.0,364754.0,2198498.0
Chartered Accountant,Jaipur,MTech,Tier 2,E-Commerce,MNC,Male,5.5,29.0,,7,2505340.0,286657.0,2791997.0
Product Manager,Remote,BTech,Tier 1,Product Based,MNC,Male,2.6,22.0,2.71,4,3750082.0,516303.0,4266384.0
AI Engineer,Delhi NCR,MBA,Tier 3,EdTech,MNC,Female,7.1,30.0,4.49,6,3117325.0,244767.0,3362092.0
Frontend Developer,Chennai,BTech,Tier 1,EdTech,Startup,Male,2.5,24.0,4.14,12,2300743.0,355899.0,2656642.0
Frontend Developer,Ahmedabad,,Tier 2,IT Services,Startup,Male,12.0,35.0,3.33,8,1745032.0,125162.0,1870194.0
Financial Analyst,Kolkata,BTech,Tier 2,IT Services,Startup,Male,13.5,38.0,3.3,3,1665396.0,216216.0,1881612.0
Marketing Manager,Bangalore,BTech,Tier 2,FinTech,Startup,Female,5.5,27.0,3.49,5,2304755.0,346561.0,2651316.0
Backend Developer,Jaipur,BTech,Tier 3,Manufacturing,Mid-size,Male,0.0,19.0,3.25,7,830010.0,170959.0,1000969.0
AI Engineer,Ahmedabad,MTech,Tier 2,IT Services,Mid-size,Male,5.6,31.0,3.48,3,2191119.0,249893.0,2441012.0
Product Manager,Hyderabad,BTech,Tier 3,Product Based,MNC,Male,15.6,39.0,2.35,6,4250875.0,955156.0,5206032.0
HR Manager,Hyderabad,BTech,Tier 3,Manufacturing,MNC,Male,4.5,28.0,3.42,5,1515445.0,315909.0,1831354.0
Financial Analyst,Chennai,BTech,Tier 3,Product Based,MNC,Male,0.4,23.0,3.52,3,1636388.0,151785.0,1788173.0
DevOps Engineer,Kolkata,BTech,Tier 3,FinTech,Mid-size,Female,7.7,33.0,3.45,6,2163808.0,407216.0,2571024.0
Chartered Accountant,Pune,BTech,Tier 1,IT Services,MNC,Female,7.1,29.0,2.87,9,3082967.0,650422.0,3733389.0
Data Analyst,Jaipur,BTech,Tier 3,Consulting,Startup,Male,1.0,21.0,3.66,8,1191954.0,114471.0,1306425.0
Data Analyst,Delhi NCR,PhD,Tier 3,Manufacturing,Startup,Male,5.5,29.0,2.87,5,1769743.0,128133.0,1897876.0
Data Scientist,Kolkata,MBA,Tier 2,FinTech,Startup,Male,1.4,24.0,3.81,5,2277469.0,365734.0,2643204.0
AI Engineer,Kolkata,MTech,Tier 3,E-Commerce,Mid-size,Male,0.0,24.0,3.37,2,1882179.0,372956.0,2255135.0
Data Analyst,Ahmedabad,MTech,Tier 2,Consulting,MNC,Male,11.4,35.0,4.24,4,2394588.0,330311.0,2724899.0
Software Engineer,Delhi NCR,MBA,Tier 2,Manufacturing,Startup,Female,3.8,27.0,2.77,8,2173531.0,326307.0,2499838.0
HR Manager,Ahmedabad,MTech,Tier 3,E-Commerce,MNC,Male,7.8,31.0,3.29,5,1956825.0,205952.0,2162777.0
Product Manager,Hyderabad,MTech,Tier 3,Product Based,Startup,Male,1.9,26.0,4.66,2,2878494.0,561725.0,3440219.0
AI Engineer,Kolkata,MTech,Tier 2,E-Commerce,Mid-size,Male,1.1,27.0,2.87,1,2046195.0,432418.0,2478613.0
Frontend Developer,Delhi NCR,BTech,Tier 2,EdTech,Mid-size,Female,1.3,23.0,3.77,4,1343435.0,156344.0,1499779.0
DevOps Engineer,Ahmedabad,BTech,Tier 3,Manufacturing,Mid-size,Male,7.4,30.0,2.22,1,1354464.0,321455.0,1675919.0
DevOps Engineer,Chennai,BTech,Tier 3,E-Commerce,Startup,Male,4.8,29.0,3.02,7,2085037.0,291189.0,2376226.0
Business Analyst,Ahmedabad,MBA,Tier 1,FinTech,MNC,Male,2.9,24.0,3.88,5,3038374.0,497583.0,3535957.0
Product Manager,Delhi NCR,BTech,Tier 2,FinTech,MNC,Male,0.0,22.0,4.31,6,3566121.0,356097.0,3922218.0
Data Scientist,Kolkata,BTech,Tier 1,Consulting,Startup,Male,0.0,23.0,2.64,11,1839960.0,211075.0,2051035.0
Product Manager,Pune,BTech,Tier 2,Product Based,Startup,Male,10.3,32.0,3.34,6,3390366.0,585838.0,3976203.0
Backend Developer,Hyderabad,MBA,Tier 3,EdTech,MNC,Female,12.3,37.0,5.0,8,2653444.0,346396.0,2999840.0
Data Scientist,Delhi NCR,PhD,Tier 1,E-Commerce,Startup,Female,6.3,27.0,4.21,4,3656042.0,365489.0,4021531.0
Chartered Accountant,Pune,,Tier 3,E-Commerce,Startup,Male,6.5,27.0,1.48,5,2171287.0,186789.0,2358076.0
AI Engineer,Delhi NCR,BTech,Tier 3,E-Commerce,MNC,Male,5.9,33.0,4.55,3,3487254.0,787127.0,4274381.0
Chartered Accountant,Ahmedabad,BTech,Tier 2,Manufacturing,Mid-size,Female,4.2,27.0,2.4,5,1435213.0,146206.0,1581419.0
Business Analyst,Bangalore,MBA,Tier 1,IT Services,MNC,Male,8.6,32.0,3.17,4,3618210.0,727354.0,4345563.0
Software Engineer,Kolkata,MBA,Tier 2,IT Services,MNC,Female,0.0,23.0,3.67,5,1756758.0,436390.0,2193148.0
Data Analyst,Delhi NCR,BTech,Tier 3,Product Based,Mid-size,Female,9.4,31.0,3.62,5,2055787.0,335001.0,2390787.0
Product Manager,Ahmedabad,MBA,Tier 2,IT Services,Mid-size,Male,2.5,27.0,2.97,6,2394854.0,473987.0,2868841.0
Business Analyst,Kolkata,BTech,Tier 2,Manufacturing,Mid-size,Female,2.2,29.0,3.95,6,1135117.0,129422.0,1264539.0
Product Manager,Pune,BTech,Tier 2,Product Based,Startup,Male,1.0,25.0,2.53,4,2663539.0,341809.0,3005347.0
Data Analyst,Remote,MBA,Tier 3,EdTech,Startup,Male,4.5,26.0,,6,1741484.0,347324.0,2088807.0
Marketing Manager,Jaipur,PhD,Tier 3,Manufacturing,Mid-size,Male,1.6,23.0,3.24,5,1352062.0,272689.0,1624751.0
Financial Analyst,Jaipur,MTech,Tier 3,IT Services,Mid-size,Male,5.1,29.0,4.53,7,1463998.0,282878.0,1746876.0
Product Manager,Ahmedabad,MTech,Tier 3,Consulting,Startup,Female,5.1,24.0,1.99,3,2210087.0,280721.0,2490808.0
Data Analyst,Jaipur,BTech,Tier 2,E-Commerce,Mid-size,Male,1.2,23.0,2.65,4,1126003.0,163250.0,1289253.0
Chartered Accountant,Remote,BTech,Tier 2,E-Commerce,Startup,Male,0.0,25.0,3.43,8,1599340.0,92937.0,1692277.0
Frontend Developer,Chennai,,Tier 3,EdTech,MNC,Female,5.8,28.0,4.18,6,1891873.0,410060.0,2301933.0
Business Analyst,Bangalore,MTech,Tier 1,E-Commerce,Mid-size,Female,0.9,22.0,3.96,9,2585538.0,620718.0,3206257.0
Financial Analyst,Ahmedabad,BTech,Tier 2,IT Services,Startup,Female,12.2,36.0,3.65,5,1310315.0,264115.0,1574429.0
DevOps Engineer,Ahmedabad,MTech,Tier 2,E-Commerce,Startup,Male,8.0,31.0,5.0,9,2792409.0,675168.0,3467577.0
AI Engineer,Kolkata,BTech,Tier 2,Manufacturing,MNC,Female,5.9,27.0,,7,2279348.0,211166.0,2490514.0
Product Manager,Kolkata,BTech,Tier 3,Product Based,Mid-size,Male,6.8,31.0,3.05,4,2660927.0,216258.0,2877185.0
Backend Developer,Jaipur,MBA,Tier 3,FinTech,Mid-size,Female,4.9,26.0,2.39,6,1856659.0,258213.0,2114872.0
Product Manager,Kolkata,MBA,Tier 3,FinTech,MNC,Male,8.6,32.0,2.58,9,4066387.0,471787.0,4538174.0
DevOps Engineer,Chennai,BTech,Tier 3,Consulting,Startup,Male,2.9,26.0,3.34,2,1813279.0,375104.0,2188383.0
Backend Developer,Delhi NCR,BTech,Tier 2,FinTech,MNC,Male,1.1,22.0,4.75,4,2987077.0,418556.0,3405633.0
Data Scientist,Pune,MTech,Tier 3,Product Based,MNC,Female,1.4,22.0,3.52,2,2261283.0,279555.0,2540838.0
Backend Developer,Mumbai,PhD,Tier 2,FinTech,Mid-size,Male,5.5,31.0,3.36,4,3442218.0,463663.0,3905881.0
Product Manager,Delhi NCR,BTech,Tier 3,Manufacturing,Mid-size,Male,4.6,25.0,3.64,7,2491791.0,411562.0,2903353.0
Product Manager,Pune,BTech,Tier 1,Manufacturing,MNC,Female,10.5,34.0,3.43,6,3383272.0,463966.0,3847238.0
Marketing Manager,Kolkata,BTech,Tier 1,E-Commerce,Startup,Female,0.5,23.0,3.64,8,1535367.0,374478.0,1909845.0
HR Manager,Ahmedabad,BTech,Tier 2,E-Commerce,Mid-size,Female,4.4,27.0,2.76,1,1478112.0,332935.0,1811047.0
Business Analyst,Ahmedabad,MTech,Tier 3,EdTech,Startup,Male,6.2,32.0,2.25,7,1270298.0,182283.0,1452581.0
Marketing Manager,Bangalore,MBA,Tier 1,Consulting,Mid-size,Female,2.1,25.0,3.18,5,2859017.0,400630.0,3259646.0
Data Scientist,Ahmedabad,BTech,Tier 2,Product Based,Startup,Male,2.9,27.0,2.51,7,2012839.0,462587.0,2475427.0
HR Manager,Pune,BTech,Tier 2,IT Services,Mid-size,Male,7.5,31.0,,4,2096902.0,188235.0,2285137.0
Product Manager,Hyderabad,BTech,Tier 2,EdTech,Startup,Female,4.4,27.0,,4,2250853.0,538459.0,2789312.0
Product Manager,Chennai,MBA,Tier 1,Product Based,Startup,Male,7.2,32.0,3.72,6,4813454.0,1020869.0,5834323.0
Software Engineer,Ahmedabad,BTech,Tier 3,EdTech,MNC,Male,3.8,25.0,3.32,5,1301364.0,235758.0,1537122.0
Software Engineer,Ahmedabad,BTech,Tier 1,E-Commerce,Mid-size,Male,12.0,38.0,3.79,10,2675098.0,349814.0,3024912.0
DevOps Engineer,Ahmedabad,BTech,Tier 2,E-Commerce,Startup,Male,0.0,24.0,4.13,6,1424066.0,277680.0,1701746.0
Frontend Developer,Jaipur,BTech,Tier 2,Manufacturing,MNC,Male,3.5,26.0,2.5,1,1380269.0,335543.0,1715812.0
Data Analyst,Kolkata,BTech,Tier 3,Consulting,Startup,Female,4.1,23.0,3.24,6,1324582.0,95670.0,1420251.0
Backend Developer,Bangalore,MTech,Tier 2,EdTech,Mid-size,Male,8.5,30.0,3.3,3,2220959.0,479734.0,2700692.0
Chartered Accountant,Kolkata,,Tier 2,IT Services,Startup,Female,7.5,34.0,3.66,3,1490459.0,191586.0,1682045.0
Chartered Accountant,Bangalore,MTech,Tier 2,Manufacturing,Startup,Female,1.0,25.0,2.25,6,1929147.0,419510.0,2348657.0
Frontend Developer,Delhi NCR,BTech,Tier 3,FinTech,MNC,Female,8.2,31.0,4.35,3,2447959.0,501691.0,2949650.0
Product Manager,Delhi NCR,BTech,Tier 3,Product Based,Startup,Male,5.4,28.0,3.44,8,3263820.0,214212.0,3478032.0
Chartered Accountant,Ahmedabad,MTech,Tier 2,Manufacturing,Mid-size,Male,0.0,22.0,2.84,6,1396260.0,206168.0,1602428.0
Product Manager,Jaipur,PhD,Tier 2,FinTech,Mid-size,Male,2.8,24.0,3.86,3,2879305.0,478946.0,3358251.0
Software Engineer,Bangalore,MTech,Tier 2,Consulting,MNC,Male,8.6,31.0,4.18,5,3475489.0,545184.0,4020673.0
HR Manager,Delhi NCR,BTech,Tier 3,E-Commerce,Startup,Male,6.7,28.0,2.44,1,1690816.0,395890.0,2086706.0
DevOps Engineer,Chennai,BTech,Tier 3,Product Based,Mid-size,Male,8.4,33.0,3.46,5,2637514.0,520901.0,3158415.0
DevOps Engineer,Bangalore,MBA,Tier 3,Manufacturing,MNC,Female,5.5,28.0,3.18,6,2835720.0,628227.0,3463948.0
Marketing Manager,Bangalore,BTech,Tier 3,Manufacturing,MNC,Female,11.2,34.0,2.79,9,2427887.0,269786.0,2697673.0
AI Engineer,Chennai,BTech,Tier 3,Product Based,MNC,Male,5.0,29.0,3.72,5,3115423.0,370764.0,3486187.0
Data Scientist,Chennai,MBA,Tier 2,Manufacturing,MNC,Male,4.6,28.0,4.34,3,2340359.0,337018.0,2677377.0
Business Analyst,Ahmedabad,PhD,Tier 2,E-Commerce,Startup,Female,9.9,33.0,3.08,1,1979521.0,167794.0,2147315.0
Data Analyst,Delhi NCR,BTech,Tier 1,FinTech,Mid-size,Female,0.0,28.0,4.7,5,1920282.0,295342.0,2215623.0
DevOps Engineer,Ahmedabad,BTech,Tier 3,E-Commerce,MNC,Male,5.6,25.0,3.39,5,2249636.0,127565.0,2377202.0
Marketing Manager,Hyderabad,,Tier 3,EdTech,MNC,Male,2.7,28.0,2.29,2,1713783.0,391099.0,2104882.0
Financial Analyst,Chennai,MBA,Tier 2,E-Commerce,Startup,Female,3.4,29.0,4.09,1,1630976.0,260148.0,1891123.0
AI Engineer,Remote,BTech,Tier 2,Consulting,Mid-size,Male,7.0,27.0,2.87,5,2466404.0,489907.0,2956311.0
Data Scientist,Hyderabad,BTech,Tier 1,FinTech,MNC,Male,0.0,24.0,4.16,4,2661132.0,493476.0,3154608.0
Data Analyst,Mumbai,MBA,Tier 2,IT Services,MNC,Female,10.7,30.0,4.01,4,2640292.0,566133.0,3206425.0
HR Manager,Mumbai,BTech,Tier 3,FinTech,MNC,Male,8.7,31.0,3.17,7,2885565.0,255431.0,3140995.0
HR Manager,Bangalore,BTech,Tier 2,FinTech,Startup,Female,5.6,27.0,4.86,2,2216268.0,209866.0,2426134.0
HR Manager,Hyderabad,BTech,Tier 2,Product Based,MNC,Male,1.4,23.0,,4,2230250.0,387921.0,2618171.0
Backend Developer,Jaipur,PhD,Tier 2,Product Based,MNC,Male,6.3,31.0,3.86,3,2912983.0,500652.0,3413635.0
Software Engineer,Mumbai,,Tier 2,Manufacturing,MNC,Male,11.1,36.0,3.04,5,2829851.0,331413.0,3161264.0
Financial Analyst,Mumbai,BTech,Tier 3,EdTech,Startup,Female,9.0,34.0,2.62,3,1706169.0,233047.0,1939216.0
Business Analyst,Chennai,BTech,Tier 2,Consulting,MNC,Male,7.7,34.0,3.27,6,2375201.0,262787.0,2637988.0
Frontend Developer,Ahmedabad,BTech,Tier 2,Product Based,MNC,Male,0.0,23.0,3.19,6,1527303.0,283112.0,1810415.0
HR Manager,Bangalore,BTech,Tier 3,EdTech,Startup,Male,3.9,27.0,3.63,5,1784417.0,100541.0,1884958.0
Marketing Manager,Mumbai,BTech,Tier 2,Consulting,Mid-size,Male,8.5,34.0,3.04,10,2980508.0,416541.0,3397050.0
Product Manager,Delhi NCR,MBA,Tier 3,Product Based,MNC,Male,1.2,25.0,3.93,5,4123271.0,575277.0,4698548.0
Data Scientist,Bangalore,BTech,Tier 3,Consulting,Mid-size,Male,0.0,26.0,,3,1960402.0,319372.0,2279774.0
Data Scientist,Bangalore,MTech,Tier 2,EdTech,Startup,Male,7.7,30.0,4.04,7,2724994.0,612278.0,3337272.0
Financial Analyst,Pune,MTech,Tier 2,IT Services,Mid-size,Female,6.1,29.0,2.88,2,1767556.0,110886.0,1878442.0
Software Engineer,Remote,BTech,Tier 3,E-Commerce,MNC,Male,4.0,29.0,1.66,5,2037523.0,115541.0,2153065.0
AI Engineer,Hyderabad,BTech,Tier 1,Consulting,MNC,Male,9.9,31.0,3.22,3,3963544.0,500547.0,4464091.0
Backend Developer,Chennai,MTech,Tier 3,Product Based,MNC,Male,8.4,34.0,1.98,6,2965993.0,672376.0,3638369.0
Data Analyst,Kolkata,BTech,Tier 1,Product Based,Mid-size,Male,11.0,32.0,3.94,4,2302309.0,167233.0,2469542.0
Data Scientist,Hyderabad,BTech,Tier 3,Product Based,MNC,Male,9.1,33.0,4.12,9,3552690.0,286669.0,3839359.0
Product Manager,Hyderabad,BTech,Tier 3,IT Services,Mid-size,Male,1.4,24.0,3.6,8,2363937.0,357505.0,2721442.0
Financial Analyst,Pune,BTech,Tier 3,Consulting,Mid-size,Male,11.3,35.0,3.82,4,1822603.0,204156.0,2026759.0
DevOps Engineer,Pune,BTech,Tier 3,EdTech,Startup,Male,4.9,32.0,3.45,3,1857005.0,171889.0,2028894.0
Product Manager,Pune,BTech,Tier 1,EdTech,MNC,Male,5.4,30.0,3.52,6,3289187.0,537428.0,3826615.0
Data Scientist,Ahmedabad,BTech,Tier 2,Product Based,Mid-size,Female,12.3,34.0,2.78,6,2322166.0,276099.0,2598265.0
Marketing Manager,Mumbai,MBA,Tier 3,Consulting,Mid-size,Female,0.8,29.0,2.89,6,1742327.0,380256.0,2122583.0
Software Engineer,Bangalore,,Tier 2,Product Based,Startup,Male,10.3,38.0,3.01,4,3386714.0,800127.0,4186841.0
Software Engineer,Delhi NCR,MBA,Tier 2,Product Based,MNC,Male,6.1,29.0,3.21,6,4113023.0,626891.0,4739914.0
Data Analyst,Hyderabad,BTech,Tier 2,EdTech,MNC,Male,5.9,31.0,4.14,6,2119073.0,415788.0,2534861.0
Marketing Manager,Chennai,BTech,Tier 2,EdTech,Startup,Male,9.1,31.0,2.42,9,1980796.0,144026.0,2124822.0
AI Engineer,Bangalore,MBA,Tier 3,Manufacturing,MNC,Male,17.7,40.0,3.69,5,3569741.0,268704.0,3838444.0
Backend Developer,Remote,BTech,Tier 2,Consulting,MNC,Female,3.4,29.0,2.55,2,2078800.0,158382.0,2237182.0
Data Scientist,Pune,BTech,Tier 1,E-Commerce,Mid-size,Male,3.9,25.0,3.44,5,2424463.0,158025.0,2582488.0
Software Engineer,Pune,BTech,Tier 2,Consulting,Mid-size,Male,10.4,32.0,5.0,8,2516261.0,574442.0,3090703.0
Marketing Manager,Pune,MTech,Tier 1,Consulting,Mid-size,Female,2.3,30.0,3.79,1,2214879.0,113810.0,2328689.0
Data Analyst,Mumbai,BTech,Tier 2,Product Based,Mid-size,Male,0.0,27.0,4.24,9,1740186.0,242242.0,1982428.0
Chartered Accountant,Kolkata,BTech,Tier 3,E-Commerce,Mid-size,Female,7.7,27.0,3.33,5,1898676.0,401121.0,2299798.0
Software Engineer,Chennai,,Tier 1,Consulting,Mid-size,Female,8.0,34.0,2.92,4,2504875.0,246834.0,2751709.0
Product Manager,Jaipur,BTech,Tier 3,EdTech,Mid-size,Male,5.8,28.0,3.88,3,1729440.0,152246.0,1881686.0
Financial Analyst,Mumbai,BTech,Tier 3,E-Commerce,MNC,Male,1.1,24.0,3.32,5,2293412.0,562043.0,2855455.0
Financial Analyst,Ahmedabad,BTech,Tier 2,FinTech,Mid-size,Male,4.3,27.0,4.05,5,2089996.0,293341.0,2383337.0
Financial Analyst,Delhi NCR,MBA,Tier 3,E-Commerce,Mid-size,Male,1.3,23.0,2.11,3,1885699.0,97444.0,1983142.0
Frontend Developer,Delhi NCR,MBA,Tier 1,EdTech,Mid-size,Male,5.9,32.0,2.88,4,2627388.0,161442.0,2788830.0
Product Manager,Ahmedabad,MTech,Tier 2,E-Commerce,Startup,Female,5.9,28.0,3.78,10,2960944.0,648170.0,3609114.0
Marketing Manager,Ahmedabad,MBA,Tier 3,E-Commerce,MNC,Male,1.8,25.0,3.86,5,2005694.0,154236.0,2159929.0
Data Analyst,Pune,BTech,Tier 1,Consulting,Mid-size,Male,5.1,25.0,3.91,3,2113080.0,325033.0,2438112.0
Data Analyst,Pune,BTech,Tier 2,Manufacturing,Startup,Female,10.3,35.0,4.31,9,1649036.0,347332.0,1996368.0
Marketing Manager,Delhi NCR,MTech,Tier 1,E-Commerce,MNC,Female,3.8,26.0,4.02,1,3091245.0,290173.0,3381418.0
Marketing Manager,Ahmedabad,BTech,Tier 2,FinTech,MNC,Male,0.0,27.0,3.68,5,1672546.0,234618.0,1907164.0
Data Scientist,Pune,MBA,Tier 3,E-Commerce,Startup,Male,2.4,23.0,4.25,4,2073149.0,179885.0,2253034.0
Software Engineer,Hyderabad,BTech,Tier 2,Consulting,Startup,Female,7.4,33.0,2.66,5,1998389.0,467809.0,2466198.0
DevOps Engineer,Bangalore,BTech,Tier 3,IT Services,Startup,Male,8.9,29.0,4.25,5,2067778.0,126018.0,2193796.0
Financial Analyst,Pune,BTech,Tier 2,Consulting,Mid-size,Male,6.1,29.0,4.03,6,1921118.0,420179.0,2341297.0
Backend Developer,Remote,BTech,Tier 1,Product Based,Mid-size,Female,7.9,30.0,3.79,6,2405024.0,590899.0,2995922.0
Product Manager,Chennai,BTech,Tier 2,IT Services,Mid-size,Male,1.8,24.0,2.94,4,2277113.0,320578.0,2597691.0
HR Manager,Mumbai,MBA,Tier 2,IT Services,Startup,Male,0.4,25.0,4.32,5,1339834.0,90841.0,1430675.0
Product Manager,Hyderabad,MTech,Tier 2,IT Services,Startup,Female,6.5,31.0,4.06,5,2738661.0,190993.0,2929654.0
Backend Developer,Jaipur,BTech,Tier 3,Consulting,MNC,Male,1.8,24.0,3.38,3,1396882.0,190341.0,1587223.0
Data Scientist,Chennai,BTech,Tier 2,EdTech,Mid-size,Male,0.0,21.0,3.9,8,1421852.0,123094.0,1544947.0
Business Analyst,Kolkata,MTech,Tier 3,Product Based,Startup,Male,7.9,30.0,3.78,5,2143067.0,125062.0,2268129.0
DevOps Engineer,Jaipur,MTech,Tier 1,Consulting,MNC,Female,6.4,31.0,3.11,2,2618241.0,433456.0,3051697.0
HR Manager,Ahmedabad,MTech,Tier 2,FinTech,Mid-size,Female,4.6,25.0,3.07,7,2169299.0,476276.0,2645575.0
Chartered Accountant,Kolkata,PhD,Tier 3,Manufacturing,Mid-size,Female,7.3,28.0,4.08,8,2234776.0,324428.0,2559204.0
Backend Developer,Kolkata,BTech,Tier 1,FinTech,MNC,Female,5.4,30.0,4.26,3,2623268.0,590143.0,3213411.0
Software Engineer,Remote,MTech,Tier 1,FinTech,Startup,Male,8.3,31.0,3.67,3,2899225.0,332348.0,3231573.0
Financial Analyst,Pune,BTech,Tier 3,EdTech,Mid-size,Male,4.0,27.0,4.48,9,1787163.0,134817.0,1921980.0
Financial Analyst,Delhi NCR,BTech,Tier 3,Consulting,MNC,Male,9.3,31.0,4.68,1,2633958.0,281960.0,2915919.0
Financial Analyst,Ahmedabad,BTech,Tier 3,FinTech,Mid-size,Male,4.6,28.0,4.61,6,1849303.0,161340.0,2010642.0
Business Analyst,Hyderabad,BTech,Tier 3,Manufacturing,Startup,Female,3.1,25.0,2.26,3,892258.0,202180.0,1094438.0
Marketing Manager,Delhi NCR,MBA,Tier 3,E-Commerce,MNC,Male,5.5,28.0,3.11,8,3350762.0,714193.0,4064955.0
Data Scientist,Hyderabad,MTech,Tier 1,FinTech,MNC,Male,1.5,21.0,3.9,5,3614207.0,219442.0,3833649.0
Software Engineer,Pune,MBA,Tier 2,EdTech,Mid-size,Male,5.8,30.0,3.51,5,2221982.0,452435.0,2674417.0
HR Manager,Remote,MTech,Tier 2,IT Services,MNC,Male,8.5,34.0,3.55,6,2101525.0,139617.0,2241142.0
Chartered Accountant,Kolkata,BTech,Tier 1,E-Commerce,Mid-size,Female,8.3,33.0,2.18,5,2556431.0,147024.0,2703454.0
Data Analyst,Kolkata,BTech,Tier 3,FinTech,Mid-size,Female,0.4,21.0,4.82,3,952748.0,107970.0,1060718.0
Marketing Manager,Kolkata,,Tier 2,Product Based,Startup,Male,0.0,27.0,2.56,8,1643275.0,271269.0,1914544.0
Software Engineer,Chennai,BTech,Tier 1,FinTech,Mid-size,Female,1.5,25.0,3.55,8,2525428.0,212412.0,2737840.0
Product Manager,Chennai,BTech,Tier 3,Manufacturing,Startup,Female,4.7,28.0,3.93,3,1761935.0,124201.0,1886135.0
Marketing Manager,Chennai,MBA,Tier 1,IT Services,Startup,Male,3.3,24.0,4.87,4,2333701.0,506026.0,2839727.0
Business Analyst,Pune,BTech,Tier 3,Manufacturing,Mid-size,Male,5.9,29.0,4.83,7,1728661.0,217617.0,1946278.0
Backend Developer,Ahmedabad,,Tier 3,E-Commerce,Startup,Female,4.2,26.0,2.63,7,1512899.0,220757.0,1733656.0
DevOps Engineer,Hyderabad,BTech,Tier 1,Manufacturing,Startup,Male,8.1,31.0,2.62,4,2395477.0,166984.0,2562461.0
Marketing Manager,Pune,BTech,Tier 2,Product Based,Startup,Male,12.6,36.0,3.84,5,2717058.0,189177.0,2906235.0
HR Manager,Mumbai,BTech,Tier 1,Manufacturing,Startup,Male,7.7,31.0,3.14,6,2120384.0,137945.0,2258329.0
Data Analyst,Chennai,BTech,Tier 2,IT Services,Mid-size,Male,0.2,21.0,4.36,8,1498986.0,324812.0,1823798.0
Frontend Developer,Chennai,BTech,Tier 1,FinTech,Mid-size,Male,2.4,24.0,,3,1995688.0,149160.0,2144848.0
Data Scientist,Bangalore,BTech,Tier 1,Manufacturing,Mid-size,Male,0.0,22.0,3.45,10,2338340.0,403125.0,2741465.0
Frontend Developer,Hyderabad,MBA,Tier 1,IT Services,MNC,Male,3.9,24.0,2.61,1,2813390.0,495810.0,3309200.0
AI Engineer,Kolkata,BTech,Tier 3,E-Commerce,Mid-size,Female,2.3,29.0,2.62,5,1826517.0,192167.0,2018684.0
HR Manager,Ahmedabad,BTech,Tier 3,FinTech,Mid-size,Male,2.7,23.0,3.2,4,1434056.0,231808.0,1665863.0
Backend Developer,Bangalore,PhD,Tier 1,FinTech,Mid-size,Male,8.0,35.0,2.85,5,4063657.0,550611.0,4614269.0
Frontend Developer,Kolkata,BTech,Tier 2,Product Based,Mid-size,Male,5.5,27.0,2.69,7,2177781.0,363791.0,2541572.0
Frontend Developer,Mumbai,MTech,Tier 2,Product Based,MNC,Male,9.6,35.0,2.14,4,3340313.0,638052.0,3978365.0
Frontend Developer,Kolkata,BTech,Tier 3,E-Commerce,MNC,Female,3.0,29.0,,5,1710982.0,381841.0,2092823.0
AI Engineer,Remote,BTech,Tier 3,FinTech,MNC,Male,6.3,29.0,3.72,4,3023300.0,335331.0,3358631.0
Frontend Developer,Remote,BTech,Tier 3,Consulting,Startup,Male,0.2,23.0,2.86,7,1329953.0,120708.0,1450660.0
Financial Analyst,Mumbai,,Tier 2,IT Services,Mid-size,Male,1.8,28.0,3.51,5,1717560.0,244640.0,1962200.0
HR Manager,Kolkata,BTech,Tier 3,Manufacturing,MNC,Female,0.0,22.0,3.12,4,567062.0,109540.0,676601.0
Software Engineer,Hyderabad,BTech,Tier 1,E-Commerce,Startup,Male,10.6,33.0,4.01,6,2780492.0,459202.0,3239693.0
Chartered Accountant,Bangalore,MBA,Tier 2,FinTech,Startup,Female,4.0,27.0,3.94,6,3096444.0,684646.0,3781090.0
Software Engineer,Jaipur,MBA,Tier 2,Product Based,Startup,Male,0.0,25.0,3.8,7,1642459.0,127782.0,1770241.0
Data Scientist,Mumbai,BTech,Tier 1,FinTech,Mid-size,Male,11.9,36.0,1.72,1,3128133.0,663483.0,3791616.0
Business Analyst,Pune,BTech,Tier 3,FinTech,Mid-size,Female,5.4,29.0,3.39,5,1943014.0,416440.0,2359453.0
Frontend Developer,Bangalore,BTech,Tier 2,IT Services,Startup,Male,3.6,27.0,2.91,5,1963777.0,447512.0,2411289.0
Product Manager,Bangalore,BTech,Tier 3,EdTech,Startup,Male,6.3,26.0,3.93,3,2268577.0,218461.0,2487038.0
Data Scientist,Pune,MTech,Tier 2,Product Based,Mid-size,Female,2.5,25.0,2.87,7,2472488.0,426350.0,2898838.0
Data Analyst,Mumbai,BTech,Tier 3,Product Based,Mid-size,Female,6.2,25.0,2.35,2,2028255.0,155387.0,2183641.0
Business Analyst,Ahmedabad,BTech,Tier 2,IT Services,Startup,Female,9.2,35.0,3.84,3,1347291.0,142610.0,1489901.0
Frontend Developer,Ahmedabad,BTech,Tier 2,EdTech,MNC,Male,4.7,28.0,,5,1686565.0,283924.0,1970489.0
Business Analyst,Delhi NCR,MBA,Tier 2,IT Services,Startup,Male,7.5,32.0,2.3,4,1977492.0,473826.0,2451318.0
Frontend Developer,Delhi NCR,BTech,Tier 2,Consulting,MNC,Female,3.1,25.0,3.83,3,2183618.0,129511.0,2313129.0
Marketing Manager,Hyderabad,BTech,Tier 3,Manufacturing,Mid-size,Male,4.1,27.0,3.24,5,1367139.0,138014.0,1505154.0
Data Analyst,Jaipur,BTech,Tier 3,IT Services,Startup,Male,3.2,25.0,4.6,3,1171093.0,290570.0,1461663.0
Data Scientist,Mumbai,MTech,Tier 2,FinTech,Mid-size,Male,5.7,27.0,3.24,6,3153690.0,506040.0,3659731.0
Frontend Developer,Pune,BTech,Tier 3,FinTech,MNC,Male,12.4,37.0,2.49,2,2552356.0,436618.0,2988974.0
AI Engineer,Ahmedabad,MBA,Tier 1,Product Based,Mid-size,Male,10.3,31.0,3.05,8,4251355.0,934275.0,5185630.0
Software Engineer,Bangalore,MTech,Tier 2,Manufacturing,Mid-size,Female,7.8,28.0,2.91,3,2341416.0,238387.0,2579802.0
Financial Analyst,Pune,BTech,Tier 3,Manufacturing,Mid-size,Female,11.6,38.0,4.46,1,1503746.0,265700.0,1769446.0
HR Manager,Ahmedabad,BTech,Tier 2,Consulting,Startup,Male,6.3,31.0,3.3,10,1797477.0,218390.0,2015867.0
HR Manager,Remote,MTech,Tier 2,Consulting,Mid-size,Male,0.0,27.0,4.16,1,1037585.0,254514.0,1292100.0
Chartered Accountant,Remote,MTech,Tier 2,IT Services,Startup,Male,3.6,25.0,1.52,6,1828618.0,147701.0,1976320.0
Backend Developer,Ahmedabad,,Tier 2,E-Commerce,Startup,Male,10.2,33.0,5.0,6,1839801.0,329483.0,2169284.0
HR Manager,Ahmedabad,BTech,Tier 2,Product Based,Mid-size,Male,0.6,21.0,3.49,8,1449076.0,333447.0,1782522.0
Financial Analyst,Hyderabad,BTech,Tier 3,IT Services,Startup,Male,0.0,22.0,3.6,7,1245550.0,91769.0,1337319.0
DevOps Engineer,Ahmedabad,BTech,Tier 2,Product Based,MNC,Female,8.7,32.0,3.27,8,2840476.0,209166.0,3049642.0
Financial Analyst,Ahmedabad,MBA,Tier 2,Manufacturing,Startup,Male,5.7,26.0,2.29,3,1198976.0,221185.0,1420161.0
Business Analyst,Pune,BTech,Tier 3,Consulting,Startup,Male,5.4,28.0,2.05,7,1539152.0,268477.0,1807628.0
Marketing Manager,Pune,BTech,Tier 2,Product Based,Mid-size,Male,3.9,28.0,2.76,5,2050645.0,260820.0,2311464.0
Business Analyst,Bangalore,PhD,Tier 3,IT Services,MNC,Female,6.3,28.0,4.45,9,2938992.0,709974.0,3648966.0
Data Scientist,Pune,BTech,Tier 2,FinTech,Startup,Male,5.8,27.0,4.16,1,2557469.0,575179.0,3132648.0
Data Analyst,Jaipur,,Tier 3,EdTech,MNC,Male,6.2,28.0,1.78,2,1326403.0,260992.0,1587395.0
Frontend Developer,Bangalore,BTech,Tier 2,IT Services,Startup,Male,7.3,28.0,3.1,5,1917637.0,457999.0,2375636.0
Backend Developer,Remote,BTech,Tier 3,Manufacturing,MNC,Male,10.3,34.0,4.95,5,2071905.0,431069.0,2502974.0
Data Analyst,Hyderabad,MTech,Tier 3,Consulting,Startup,Male,4.1,27.0,2.92,6,1757561.0,97610.0,1855171.0
Frontend Developer,Remote,BTech,Tier 2,Manufacturing,MNC,Male,4.9,27.0,3.38,4,1995824.0,472410.0,2468234.0
Product Manager,Remote,PhD,Tier 2,Manufacturing,Mid-size,Male,13.8,37.0,3.76,5,3047352.0,594421.0,3641773.0
Backend Developer,Jaipur,BTech,Tier 2,Consulting,MNC,Male,2.2,25.0,3.08,5,2018926.0,154105.0,2173031.0
Data Scientist,Ahmedabad,BTech,Tier 2,Product Based,Mid-size,Male,11.8,35.0,2.28,5,2268918.0,348611.0,2617529.0
Business Analyst,Remote,BTech,Tier 2,Consulting,Startup,Male,6.6,28.0,4.89,7,2178730.0,543897.0,2722627.0
Financial Analyst,Remote,BTech,Tier 3,Product Based,Mid-size,Male,0.0,25.0,3.07,7,1206229.0,294684.0,3966458.2272043866
Product Manager,Pune,MTech,Tier 3,FinTech,Mid-size,Male,0.0,23.0,2.89,7,2728299.0,152284.0,2880583.0
Marketing Manager,Remote,BTech,Tier 3,EdTech,MNC,Male,0.6,26.0,3.43,8,1760141.0,188398.0,1948539.0
Product Manager,Kolkata,BTech,Tier 1,EdTech,Mid-size,Female,3.1,26.0,4.78,5,2330468.0,452395.0,2782863.0
Software Engineer,Chennai,BTech,Tier 3,Product Based,Mid-size,Male,3.6,26.0,4.52,7,2295561.0,444827.0,2740388.0
Data Scientist,Hyderabad,BTech,Tier 3,FinTech,Mid-size,Male,2.9,26.0,3.31,13,2732457.0,267915.0,3000372.0
DevOps Engineer,Remote,BTech,Tier 2,E-Commerce,Mid-size,Male,0.0,21.0,2.64,2,1463194.0,356978.0,1820172.0
AI Engineer,Jaipur,,Tier 2,IT Services,MNC,Male,12.6,32.0,3.47,6,2732705.0,142985.0,2875690.0
Marketing Manager,Ahmedabad,MBA,Tier 3,Product Based,Mid-size,Male,3.7,28.0,4.51,3,2029964.0,484301.0,2514265.0
Product Manager,Remote,BTech,Tier 3,FinTech,Startup,Male,6.2,31.0,3.36,4,2621931.0,472320.0,3094252.0
Data Scientist,Pune,BTech,Tier 3,EdTech,Mid-size,Male,7.2,30.0,2.18,4,1671700.0,233306.0,1905006.0
Frontend Developer,Mumbai,MTech,Tier 3,Manufacturing,MNC,Male,1.1,24.0,4.13,2,1879576.0,163979.0,2043556.0
Data Analyst,Chennai,MBA,Tier 1,Product Based,Mid-size,Female,5.9,29.0,4.64,1,2775619.0,191709.0,2967328.0
DevOps Engineer,Ahmedabad,BTech,Tier 3,EdTech,Mid-size,Female,0.0,21.0,3.59,1,1223067.0,171175.0,1394242.0
AI Engineer,Delhi NCR,BTech,Tier 3,E-Commerce,MNC,Male,10.0,35.0,2.47,3,3426369.0,286020.0,3712389.0
Marketing Manager,Delhi NCR,BTech,Tier 3,E-Commerce,Mid-size,Male,7.8,32.0,3.22,3,1804268.0,172559.0,1976826.0
Business Analyst,Mumbai,BTech,Tier 2,Product Based,Startup,Female,7.3,30.0,3.65,5,2467017.0,418423.0,2885440.0
Backend Developer,Bangalore,MTech,Tier 1,E-Commerce,Mid-size,Male,1.1,26.0,3.3,2,2269590.0,146195.0,2415785.0
Software Engineer,Ahmedabad,BTech,Tier 3,Product Based,Mid-size,Male,0.0,25.0,3.91,7,1448312.0,207401.0,1655712.0
DevOps Engineer,Bangalore,MTech,Tier 1,E-Commerce,Startup,Female,8.7,33.0,3.28,5,3715311.0,737522.0,4452833.0
Data Analyst,Kolkata,MBA,Tier 3,Manufacturing,Startup,Male,0.0,23.0,,5,1189440.0,264575.0,1454015.0
Data Scientist,Kolkata,BTech,Tier 3,E-Commerce,MNC,Male,6.3,27.0,3.03,4,2308250.0,240134.0,2548384.0
HR Manager,Pune,BTech,Tier 3,E-Commerce,Startup,Male,6.7,29.0,3.16,4,1884639.0,344042.0,2228681.0
DevOps Engineer,Delhi NCR,MTech,Tier 2,E-Commerce,MNC,Female,6.2,31.0,,5,3469966.0,406184.0,3876150.0
Product Manager,Kolkata,MTech,Tier 3,Manufacturing,Startup,Male,0.0,21.0,4.14,4,1426123.0,103139.0,1529262.0
Financial Analyst,Bangalore,,Tier 3,Manufacturing,Mid-size,Male,2.4,26.0,3.7,2,1409005.0,162947.0,1571951.0
Marketing Manager,Hyderabad,MBA,Tier 1,Consulting,Mid-size,Male,8.7,32.0,,7,3289107.0,322958.0,3612065.0
Backend Developer,Kolkata,BTech,Tier 3,Consulting,Mid-size,Male,6.8,27.0,3.6,6,1597064.0,234351.0,1831415.0
Chartered Accountant,Bangalore,MTech,Tier 2,FinTech,Mid-size,Female,12.3,34.0,4.29,5,3411458.0,843762.0,4255220.0
Software Engineer,Chennai,PhD,Tier 3,Consulting,MNC,Male,3.3,30.0,2.71,5,2699814.0,391750.0,3091564.0
AI Engineer,Kolkata,MBA,Tier 1,IT Services,MNC,Male,3.5,25.0,3.46,5,3296843.0,729770.0,4026613.0
Business Analyst,Pune,MTech,Tier 3,FinTech,Mid-size,Female,2.8,26.0,,5,1799730.0,330831.0,2130561.0
Financial Analyst,Chennai,BTech,Tier 2,FinTech,Mid-size,Male,2.4,27.0,2.96,2,1824966.0,176003.0,2000969.0
Marketing Manager,Remote,BTech,Tier 1,IT Services,MNC,Male,1.5,25.0,2.65,4,1776827.0,229365.0,2006193.0
Software Engineer,Delhi NCR,BTech,Tier 1,E-Commerce,MNC,Male,1.0,26.0,2.33,4,2692393.0,527166.0,3219559.0
Financial Analyst,Bangalore,BTech,Tier 3,EdTech,MNC,Female,4.6,26.0,1.65,7,2099662.0,128262.0,2227924.0
Marketing Manager,Kolkata,BTech,Tier 1,Product Based,Mid-size,Female,1.2,26.0,2.5,7,1697305.0,137310.0,1834614.0
Data Analyst,Delhi NCR,MTech,Tier 3,E-Commerce,Mid-size,Male,1.3,25.0,2.85,6,1734855.0,126820.0,1861675.0
Backend Developer,Jaipur,BTech,Tier 3,EdTech,Startup,Male,5.1,29.0,4.12,10,1605387.0,372174.0,1977561.0
DevOps Engineer,Bangalore,BTech,Tier 1,IT Services,MNC,Female,3.3,25.0,4.39,6,3643154.0,342152.0,3985306.0
Data Analyst,Remote,BTech,Tier 2,Product Based,Mid-size,Male,0.0,23.0,4.22,2,1434174.0,216561.0,1650736.0
Marketing Manager,Jaipur,BTech,Tier 2,EdTech,Startup,Male,1.9,23.0,3.67,4,1050682.0,115078.0,1165760.0
HR Manager,Hyderabad,MBA,Tier 3,EdTech,MNC,Male,7.1,30.0,2.81,6,2360457.0,236119.0,2596576.0
Financial Analyst,Chennai,MTech,Tier 1,IT Services,Startup,Male,3.3,26.0,3.18,5,1948811.0,336475.0,2285286.0
Financial Analyst,Kolkata,MTech,Tier 3,FinTech,Mid-size,Male,5.8,28.0,4.62,4,1965426.0,155757.0,2121183.0
Data Scientist,Hyderabad,BTech,Tier 1,E-Commerce,Startup,Male,0.8,23.0,3.22,7,2370559.0,229865.0,2600424.0
Product Manager,Bangalore,BTech,Tier 1,E-Commerce,Startup,Male,8.6,34.0,3.97,3,3828266.0,621573.0,4449838.0
Data Analyst,Ahmedabad,BTech,Tier 1,EdTech,Mid-size,Female,1.9,24.0,3.83,8,1631070.0,304267.0,1935337.0
Software Engineer,Jaipur,BTech,Tier 1,Consulting,MNC,Female,2.5,26.0,2.91,5,1892350.0,456778.0,2349128.0
Marketing Manager,Remote,MTech,Tier 2,Manufacturing,Startup,Male,7.6,31.0,2.58,7,1491339.0,115582.0,4246605.24688473
Software Engineer,Jaipur,BTech,Tier 3,Manufacturing,Mid-size,Female,4.4,26.0,2.73,4,1094157.0,140632.0,1234788.0
Backend Developer,Delhi NCR,MBA,Tier 2,EdTech,Mid-size,Female,6.9,25.0,3.63,1,2127528.0,156190.0,2283718.0
Data Scientist,Chennai,BTech,Tier 2,Product Based,MNC,Female,12.1,38.0,2.58,6,3534816.0,793682.0,4328498.0
DevOps Engineer,Remote,BTech,Tier 2,FinTech,MNC,Male,9.6,32.0,3.88,4,3145152.0,479740.0,3624892.0
AI Engineer,Bangalore,BTech,Tier 1,Consulting,MNC,Female,8.3,34.0,2.64,3,4102693.0,785519.0,4888213.0
Data Scientist,Mumbai,BTech,Tier 2,IT Services,Startup,Male,0.0,22.0,2.44,5,1367716.0,142400.0,1510116.0
Product Manager,Bangalore,BTech,Tier 3,IT Services,MNC,Male,8.7,33.0,2.74,3,3327312.0,291917.0,3619228.0
Financial Analyst,Bangalore,BTech,Tier 3,FinTech,MNC,Female,4.3,28.0,3.14,4,2655406.0,174535.0,2829941.0
HR Manager,Pune,,Tier 3,Consulting,Startup,Female,6.5,25.0,3.11,5,1602961.0,158107.0,1761068.0
Software Engineer,Chennai,BTech,Tier 3,EdTech,MNC,Female,3.4,26.0,3.19,4,1906951.0,259993.0,2166944.0
HR Manager,Chennai,PhD,Tier 3,Consulting,MNC,Female,1.3,22.0,,3,1952957.0,204834.0,2157791.0
Software Engineer,Bangalore,BTech,Tier 2,FinTech,MNC,Male,7.3,28.0,3.33,5,3595114.0,649410.0,4244525.0
Product Manager,Hyderabad,BTech,Tier 2,EdTech,MNC,Male,0.4,24.0,3.44,8,2694806.0,525732.0,3220538.0
Software Engineer,Kolkata,BTech,Tier 2,Product Based,MNC,Male,2.1,23.0,3.29,6,2137850.0,520521.0,2658371.0
Chartered Accountant,Bangalore,MTech,Tier 2,Manufacturing,Startup,Female,5.4,28.0,2.57,7,2143273.0,415782.0,2559055.0
DevOps Engineer,Chennai,BTech,Tier 1,FinTech,Startup,Female,0.9,23.0,3.89,5,2436417.0,355119.0,2791537.0
AI Engineer,Jaipur,BTech,Tier 3,FinTech,Startup,Male,8.7,35.0,3.82,5,2433703.0,379585.0,2813288.0
DevOps Engineer,Delhi NCR,BTech,Tier 3,Product Based,MNC,Male,6.6,27.0,3.19,4,3203705.0,332206.0,3535911.0
HR Manager,Hyderabad,MBA,Tier 2,FinTech,Mid-size,Female,10.3,34.0,4.89,4,2937707.0,194199.0,3131906.0
Data Analyst,Hyderabad,MTech,Tier 1,IT Services,MNC,Male,6.2,30.0,4.88,5,2856893.0,478327.0,3335219.0
Backend Developer,Jaipur,MTech,Tier 1,IT Services,Mid-size,Male,7.5,32.0,3.64,3,1900574.0,300092.0,2200666.0
Product Manager,Kolkata,,Tier 3,E-Commerce,MNC,Male,5.7,30.0,2.98,6,3084833.0,669285.0,3754117.0
Frontend Developer,Jaipur,BTech,Tier 3,E-Commerce,Startup,Male,2.9,24.0,2.11,5,1112881.0,252294.0,1365175.0
DevOps Engineer,Ahmedabad,BTech,Tier 3,IT Services,Startup,Male,6.9,27.0,3.76,4,1841428.0,180773.0,2022201.0
Backend Developer,Hyderabad,BTech,Tier 2,FinTech,Startup,Male,0.1,22.0,,10,1723776.0,256748.0,1980523.0
Frontend Developer,Ahmedabad,BTech,Tier 2,Product Based,Mid-size,Male,9.7,31.0,,4,2083644.0,319265.0,2402910.0
Data Analyst,Bangalore,,Tier 3,Consulting,Startup,Female,3.5,25.0,3.78,4,2171535.0,241582.0,2413117.0
Data Analyst,Mumbai,BTech,Tier 2,IT Services,Startup,Male,9.8,36.0,,6,1729376.0,120830.0,1850205.0
Software Engineer,Kolkata,BTech,Tier 3,Product Based,Startup,Female,2.4,26.0,2.13,6,1674087.0,333737.0,2007824.0
Software Engineer,Kolkata,BTech,Tier 3,IT Services,MNC,Male,7.4,33.0,3.87,10,2012171.0,208432.0,2220602.0
Marketing Manager,Hyderabad,MBA,Tier 2,E-Commerce,Mid-size,Male,6.8,30.0,2.82,7,2785396.0,292304.0,3077701.0
Backend Developer,Kolkata,,Tier 3,FinTech,Startup,Female,5.2,27.0,3.23,5,1856024.0,226859.0,2082883.0
Frontend Developer,Pune,BTech,Tier 2,E-Commerce,MNC,Female,3.9,26.0,4.89,4,2261059.0,499281.0,2760340.0
Chartered Accountant,Jaipur,,Tier 1,FinTech,Startup,Male,11.8,39.0,3.28,4,2384758.0,554585.0,2939344.0
Software Engineer,Remote,BTech,Tier 2,Manufacturing,MNC,Female,2.0,27.0,2.07,4,1543780.0,322196.0,1865976.0
AI Engineer,Chennai,BTech,Tier 3,Product Based,Mid-size,Female,7.4,34.0,2.93,2,2635724.0,324690.0,2960414.0
DevOps Engineer,Delhi NCR,MTech,Tier 3,Product Based,Startup,Male,4.4,27.0,4.63,3,3112585.0,723406.0,3835990.0
Data Analyst,Remote,BTech,Tier 2,Product Based,Mid-size,Female,9.7,36.0,2.6,8,2215357.0,261591.0,2476948.0
Financial Analyst,Chennai,MTech,Tier 2,Consulting,Startup,Male,5.7,31.0,3.21,7,2306277.0,169332.0,2475609.0
DevOps Engineer,Pune,BTech,Tier 3,Product Based,Mid-size,Male,9.4,34.0,2.5,6,2550373.0,500522.0,3050895.0
HR Manager,Kolkata,BTech,Tier 2,Manufacturing,Mid-size,Female,0.6,21.0,2.89,4,1043095.0,69335.0,1112430.0
Marketing Manager,Hyderabad,MTech,Tier 1,IT Services,Startup,Male,0.0,24.0,2.91,7,1801780.0,156337.0,1958117.0
Product Manager,Hyderabad,BTech,Tier 2,Manufacturing,Startup,Male,0.0,23.0,3.87,3,1527257.0,128848.0,1656105.0
Financial Analyst,Delhi NCR,MBA,Tier 1,Consulting,MNC,Male,0.0,20.0,2.53,3,2169517.0,226851.0,2396368.0
Frontend Developer,Chennai,MTech,Tier 1,Manufacturing,MNC,Male,1.6,25.0,3.83,5,1919319.0,433340.0,2352659.0
Marketing Manager,Chennai,BTech,Tier 2,Product Based,MNC,Female,7.8,32.0,3.41,6,2978528.0,150408.0,3128936.0
Business Analyst,Ahmedabad,BTech,Tier 2,Manufacturing,MNC,Female,0.0,23.0,3.53,4,1120203.0,77128.0,1197331.0
Frontend Developer,Ahmedabad,MBA,Tier 3,IT Services,MNC,Male,6.0,27.0,4.46,3,2237729.0,173574.0,2411303.0
HR Manager,Bangalore,BTech,Tier 1,FinTech,MNC,Male,7.8,33.0,2.85,6,3906455.0,362694.0,4269148.0
AI Engineer,Ahmedabad,MTech,Tier 2,Consulting,Startup,Female,2.2,28.0,3.46,7,2240229.0,380708.0,2620937.0
Product Manager,Bangalore,BTech,Tier 3,E-Commerce,MNC,Male,4.9,29.0,3.55,4,3502876.0,838478.0,4341354.0
HR Manager,Jaipur,MTech,Tier 2,Consulting,Mid-size,Male,5.1,28.0,3.15,1,1398486.0,254320.0,1652805.0
Product Manager,Remote,MTech,Tier 2,E-Commerce,Startup,Female,3.5,27.0,3.82,5,2344409.0,161412.0,2505821.0
AI Engineer,Delhi NCR,BTech,Tier 3,Product Based,Startup,Male,12.1,37.0,2.51,4,3034205.0,559507.0,3593713.0
Financial Analyst,Ahmedabad,BTech,Tier 2,Product Based,Startup,Female,4.1,29.0,3.86,7,1750231.0,282556.0,2032787.0
Frontend Developer,Jaipur,BTech,Tier 1,FinTech,Mid-size,Female,5.9,26.0,2.4,4,1838006.0,359451.0,2197457.0
Chartered Accountant,Pune,MBA,Tier 3,Consulting,Startup,Male,4.3,21.0,3.81,5,2156641.0,215651.0,2372293.0
Marketing Manager,Kolkata,BTech,Tier 2,IT Services,Mid-size,Male,7.2,29.0,3.74,5,1641564.0,311759.0,5162040.760348903
Frontend Developer,Ahmedabad,BTech,Tier 3,E-Commerce,Mid-size,Female,8.0,31.0,2.28,9,1852829.0,133401.0,1986230.0
Marketing Manager,Jaipur,BTech,Tier 2,Consulting,Mid-size,Male,9.7,32.0,2.95,3,2014001.0,321760.0,2335762.0
Backend Developer,Chennai,BTech,Tier 1,FinTech,Mid-size,Male,4.0,27.0,4.16,6,2858788.0,197488.0,3056276.0
Data Scientist,Mumbai,BTech,Tier 3,E-Commerce,Startup,Female,1.8,23.0,3.86,9,2184446.0,269661.0,2454107.0
Product Manager,Remote,MBA,Tier 3,Consulting,Mid-size,Male,1.9,26.0,3.52,2,2610629.0,203195.0,2813824.0
Frontend Developer,Bangalore,MTech,Tier 3,Product Based,Mid-size,Male,9.0,33.0,3.53,2,2821594.0,545281.0,3366875.0
Marketing Manager,Remote,BTech,Tier 3,Consulting,Mid-size,Male,6.7,29.0,2.84,4,1614464.0,160514.0,1774977.0
HR Manager,Delhi NCR,BTech,Tier 3,Manufacturing,Mid-size,Female,1.7,26.0,4.15,3,1361946.0,150098.0,1512044.0
Data Scientist,Delhi NCR,BTech,Tier 2,Manufacturing,MNC,Male,0.0,23.0,3.63,3,1471957.0,161420.0,1633377.0
Backend Developer,Chennai,BTech,Tier 2,Product Based,MNC,Female,4.0,26.0,3.33,4,2728332.0,487302.0,3215634.0
Business Analyst,Pune,MTech,Tier 2,Product Based,MNC,Male,4.5,31.0,4.44,11,3125482.0,684035.0,3809517.0
Chartered Accountant,Chennai,MTech,Tier 2,Product Based,MNC,Male,2.3,27.0,3.73,7,3222639.0,263064.0,3485703.0
AI Engineer,Mumbai,BTech,Tier 3,E-Commerce,MNC,Female,1.6,26.0,2.3,7,2736477.0,213341.0,2949818.0
Backend Developer,Pune,BTech,Tier 3,Product Based,MNC,Male,5.2,29.0,2.66,5,2604601.0,500592.0,3105192.0
Backend Developer,Pune,BTech,Tier 2,E-Commerce,Mid-size,Male,6.9,32.0,2.4,6,2016128.0,170190.0,2186318.0
Chartered Accountant,Delhi NCR,BTech,Tier 3,FinTech,MNC,Male,2.8,23.0,2.72,4,2676042.0,623224.0,3299267.0
Backend Developer,Mumbai,MTech,Tier 1,IT Services,MNC,Male,8.2,31.0,2.41,4,3195858.0,676362.0,3872220.0
Backend Developer,Kolkata,BTech,Tier 1,Consulting,Mid-size,Male,0.0,25.0,3.36,5,1455093.0,270725.0,1725818.0
Data Scientist,Remote,BTech,Tier 2,E-Commerce,Startup,Female,5.3,28.0,3.97,3,1989904.0,279376.0,2269279.0
Financial Analyst,Remote,MTech,Tier 2,Consulting,MNC,Male,6.5,30.0,5.0,4,2712723.0,298165.0,3010888.0
Data Scientist,Delhi NCR,BTech,Tier 1,Manufacturing,MNC,Male,3.4,28.0,3.5,2,2682692.0,589437.0,3272129.0
Marketing Manager,Jaipur,BTech,Tier 3,IT Services,Mid-size,Male,5.5,29.0,2.93,5,1134210.0,147834.0,1282044.0
DevOps Engineer,Hyderabad,MBA,Tier 2,Manufacturing,MNC,Male,5.2,26.0,3.66,9,2975218.0,652291.0,3627509.0
Software Engineer,Bangalore,BTech,Tier 3,Product Based,Mid-size,Female,5.5,28.0,2.19,5,2396425.0,325630.0,2722055.0
Product Manager,Kolkata,MTech,Tier 2,Manufacturing,Startup,Male,7.3,29.0,3.26,5,2046572.0,363506.0,2410078.0
Backend Developer,Jaipur,PhD,Tier 3,EdTech,Mid-size,Male,2.2,23.0,2.95,5,1296315.0,116049.0,1412364.0
AI Engineer,Bangalore,MTech,Tier 2,FinTech,MNC,Female,10.7,33.0,3.51,6,4880060.0,287692.0,5167752.0
Chartered Accountant,Jaipur,BTech,Tier 2,E-Commerce,Startup,Male,11.8,36.0,3.18,4,1986816.0,196873.0,2183690.0
AI Engineer,Remote,BTech,Tier 3,Product Based,Mid-size,Male,3.2,21.0,3.26,2,2186577.0,170363.0,2356941.0
Data Scientist,Chennai,MTech,Tier 2,E-Commerce,Startup,Male,7.6,33.0,3.52,1,2193499.0,280545.0,2474044.0
Marketing Manager,Remote,BTech,Tier 1,E-Commerce,MNC,Male,0.0,22.0,4.48,9,2237099.0,246520.0,2483619.0
Frontend Developer,Remote,MBA,Tier 1,Manufacturing,Mid-size,Female,1.5,21.0,,4,1793847.0,268849.0,2062696.0
HR Manager,Jaipur,BTech,Tier 2,Product Based,Mid-size,Male,0.0,23.0,,4,1123670.0,245428.0,1369098.0
Product Manager,Delhi NCR,BTech,Tier 3,Product Based,MNC,Female,6.2,30.0,3.22,6,3761892.0,531566.0,4293458.0
Data Scientist,Bangalore,MBA,Tier 1,IT Services,Mid-size,Female,2.8,25.0,3.32,7,3106629.0,455142.0,3561771.0
DevOps Engineer,Pune,BTech,Tier 3,EdTech,Startup,Male,6.9,28.0,3.4,9,1744327.0,279473.0,2023800.0
Backend Developer,Ahmedabad,BTech,Tier 2,E-Commerce,Startup,Male,0.0,20.0,3.78,6,962549.0,199175.0,1161724.0
AI Engineer,Jaipur,,Tier 2,EdTech,MNC,Male,3.4,26.0,,3,2407521.0,589740.0,2997260.0
Backend Developer,Remote,BTech,Tier 2,Consulting,Startup,Male,3.1,27.0,3.61,5,1875694.0,278587.0,2154281.0
Financial Analyst,Mumbai,BTech,Tier 1,EdTech,Startup,Male,0.9,26.0,2.7,7,1398485.0,238259.0,1636744.0
Backend Developer,Remote,BTech,Tier 2,IT Services,MNC,Female,9.0,31.0,2.52,9,2064498.0,117377.0,2181875.0
Chartered Accountant,Chennai,BTech,Tier 1,EdTech,Startup,Male,10.1,36.0,4.0,4,2268613.0,308148.0,2576761.0
Product Manager,Kolkata,BTech,Tier 1,Consulting,MNC,Male,2.6,24.0,2.25,6,3298436.0,725205.0,4023641.0
Financial Analyst,Delhi NCR,BTech,Tier 2,E-Commerce,MNC,Male,0.0,24.0,2.89,8,1887860.0,123946.0,2011806.0
Backend Developer,Delhi NCR,MTech,Tier 2,E-Commerce,Startup,Female,8.9,32.0,4.43,2,2450809.0,223758.0,2674566.0
Backend Developer,Pune,BTech,Tier 3,E-Commerce,Mid-size,Male,0.0,21.0,3.74,5,1666755.0,243445.0,1910201.0
Backend Developer,Remote,MBA,Tier 2,EdTech,MNC,Male,2.2,23.0,3.24,4,2107216.0,474762.0,2581978.0
Software Engineer,Remote,,Tier 2,IT Services,Startup,Male,4.7,32.0,2.96,6,2295346.0,372342.0,2667688.0
Backend Developer,Kolkata,MBA,Tier 1,Manufacturing,MNC,Male,4.0,28.0,3.35,4,2289176.0,151198.0,2440374.0
Backend Developer,Hyderabad,BTech,Tier 2,FinTech,MNC,Male,10.9,35.0,4.51,5,3375970.0,487680.0,3863649.0
DevOps Engineer,Delhi NCR,BTech,Tier 2,Manufacturing,Mid-size,Male,3.2,28.0,2.8,6,1970360.0,258450.0,2228810.0
Data Scientist,Jaipur,MBA,Tier 3,Product Based,Startup,Female,3.7,23.0,4.49,5,2071311.0,160727.0,2232039.0
Software Engineer,Kolkata,BTech,Tier 1,E-Commerce,Startup,Male,4.5,27.0,3.14,2,2154126.0,301356.0,2455482.0
HR Manager,Kolkata,MBA,Tier 2,E-Commerce,Startup,Male,9.6,29.0,4.65,2,2209152.0,465232.0,2674384.0
DevOps Engineer,Bangalore,,Tier 1,Manufacturing,Startup,Male,12.7,35.0,4.33,5,2830013.0,448237.0,3278250.0
Financial Analyst,Pune,MTech,Tier 2,IT Services,Mid-size,Male,3.7,27.0,4.02,9,2110354.0,119505.0,2229859.0
Financial Analyst,Kolkata,BTech,Tier 3,E-Commerce,Mid-size,Male,2.3,27.0,4.03,4,1754541.0,270962.0,2025504.0
Financial Analyst,Hyderabad,MTech,Tier 3,FinTech,Startup,Male,4.1,25.0,2.48,4,2070230.0,159584.0,2229814.0
Product Manager,Jaipur,BTech,Tier 2,Manufacturing,MNC,Male,0.0,23.0,,5,2213246.0,268709.0,2481954.0
Data Analyst,Mumbai,MBA,Tier 3,E-Commerce,Startup,Male,2.9,25.0,3.76,1,1624868.0,298151.0,1923019.0
Chartered Accountant,Ahmedabad,PhD,Tier 3,E-Commerce,Startup,Female,8.3,30.0,2.48,5,1976413.0,438539.0,2414952.0
Marketing Manager,Kolkata,BTech,Tier 1,EdTech,MNC,Male,1.6,27.0,3.89,4,1685198.0,97264.0,1782462.0
Business Analyst,Ahmedabad,MTech,Tier 2,FinTech,Startup,Male,0.0,21.0,3.7,4,1304432.0,254580.0,1559012.0
Chartered Accountant,Bangalore,BTech,Tier 2,Product Based,Mid-size,Male,3.6,29.0,3.38,6,2905816.0,608790.0,3514606.0
DevOps Engineer,Delhi NCR,MBA,Tier 2,FinTech,MNC,Male,5.2,28.0,4.39,4,4021465.0,868821.0,4890286.0
Software Engineer,Kolkata,BTech,Tier 3,IT Services,MNC,Male,1.2,21.0,3.98,1,1677851.0,176461.0,1854311.0
Business Analyst,Ahmedabad,MTech,Tier 3,EdTech,Startup,Female,6.1,32.0,3.39,4,1367455.0,70319.0,1437775.0
Business Analyst,Ahmedabad,BTech,Tier 3,Product Based,Startup,Male,11.5,34.0,2.94,4,1850879.0,441549.0,2292428.0
Marketing Manager,Bangalore,BTech,Tier 3,E-Commerce,Mid-size,Male,3.8,26.0,,4,2014499.0,293294.0,2307793.0
AI Engineer,Delhi NCR,MTech,Tier 3,Product Based,MNC,Female,1.0,25.0,3.31,4,3246941.0,385757.0,3632697.0
DevOps Engineer,Pune,BTech,Tier 3,IT Services,Startup,Male,1.4,21.0,3.58,5,2162579.0,201558.0,2364137.0
Chartered Accountant,Remote,MBA,Tier 1,IT Services,MNC,Male,4.5,27.0,1.68,1,2969200.0,184422.0,3153622.0
AI Engineer,Kolkata,BTech,Tier 3,Manufacturing,Startup,Male,13.3,34.0,4.2,2,1981286.0,179285.0,2160570.0
AI Engineer,Kolkata,BTech,Tier 1,Consulting,Startup,Male,0.0,22.0,3.28,3,1962687.0,133370.0,2096058.0
Data Analyst,Pune,BTech,Tier 1,IT Services,Mid-size,Female,0.7,23.0,3.88,8,1742080.0,310452.0,2052532.0
Data Analyst,Hyderabad,BTech,Tier 2,Consulting,Startup,Male,6.1,28.0,2.81,3,1622207.0,82652.0,1704858.0
Product Manager,Pune,,Tier 2,EdTech,MNC,Female,0.0,25.0,2.31,12,2191979.0,467475.0,2659454.0
Business Analyst,Pune,BTech,Tier 2,EdTech,Mid-size,Male,7.3,27.0,,6,1648808.0,243484.0,1892292.0
HR Manager,Jaipur,BTech,Tier 2,EdTech,MNC,Male,0.0,24.0,2.53,10,1324290.0,131389.0,1455679.0
Financial Analyst,Mumbai,,Tier 2,Product Based,MNC,Male,0.0,24.0,,4,2109173.0,356480.0,2465653.0
AI Engineer,Kolkata,BTech,Tier 2,Product Based,MNC,Male,7.0,28.0,2.91,5,3744603.0,777296.0,4521899.0
Financial Analyst,Mumbai,BTech,Tier 1,EdTech,Startup,Female,3.7,30.0,3.99,5,2109405.0,511052.0,2620457.0
Chartered Accountant,Delhi NCR,MBA,Tier 3,FinTech,Mid-size,Male,2.0,25.0,2.99,6,2598358.0,391785.0,2990144.0
Business Analyst,Ahmedabad,MBA,Tier 1,FinTech,Mid-size,Male,3.4,29.0,3.5,4,2134105.0,120227.0,2254332.0
DevOps Engineer,Chennai,MBA,Tier 3,EdTech,Startup,Male,7.2,31.0,2.46,2,1683763.0,127281.0,1811045.0
Data Analyst,Jaipur,MTech,Tier 2,IT Services,Startup,Female,6.5,31.0,4.2,3,1170841.0,106415.0,1277256.0
Data Scientist,Chennai,BTech,Tier 2,Consulting,Mid-size,Male,10.2,33.0,2.57,5,2317318.0,348320.0,2665637.0
Backend Developer,Kolkata,BTech,Tier 2,Manufacturing,MNC,Male,0.0,24.0,3.09,6,1018077.0,176629.0,1194706.0
HR Manager,Mumbai,MTech,Tier 3,Manufacturing,Startup,Male,4.4,27.0,3.67,7,1967458.0,330484.0,2297942.0
Backend Developer,Hyderabad,BTech,Tier 1,FinTech,Startup,Male,6.5,33.0,2.52,3,2765319.0,382710.0,3148029.0
Frontend Developer,Kolkata,BTech,Tier 1,Product Based,Mid-size,Female,5.2,31.0,2.8,6,2441352.0,407601.0,2848953.0
Backend Developer,Kolkata,BTech,Tier 2,FinTech,Mid-size,Male,7.5,29.0,3.13,5,2015604.0,151227.0,2166831.0
Data Analyst,Mumbai,BTech,Tier 3,FinTech,Startup,Male,4.3,25.0,3.48,4,1785027.0,91817.0,1876844.0
Backend Developer,Bangalore,BTech,Tier 2,FinTech,Mid-size,Female,4.3,29.0,3.23,6,2518352.0,602939.0,3121291.0
Backend Developer,Delhi NCR,BTech,Tier 1,Product Based,Startup,Male,1.8,23.0,5.0,7,2827740.0,194651.0,3022392.0
AI Engineer,Hyderabad,BTech,Tier 3,EdTech,Mid-size,Male,6.6,30.0,2.83,4,2041848.0,388913.0,2430761.0
Software Engineer,Pune,BTech,Tier 2,E-Commerce,Startup,Male,5.5,30.0,3.32,2,1982891.0,170219.0,2153110.0
AI Engineer,Bangalore,MTech,Tier 3,E-Commerce,MNC,Male,0.0,19.0,4.54,4,3067631.0,396147.0,3463778.0
DevOps Engineer,Bangalore,MTech,Tier 2,EdTech,Mid-size,Female,5.8,28.0,3.39,3,2389175.0,254634.0,2643809.0
Financial Analyst,Pune,MBA,Tier 2,FinTech,Startup,Male,10.8,32.0,2.59,4,2632533.0,587144.0,3219677.0
Data Analyst,Hyderabad,MTech,Tier 2,E-Commerce,Mid-size,Male,4.0,25.0,2.19,5,2112904.0,510375.0,2623279.0
Marketing Manager,Pune,BTech,Tier 3,E-Commerce,Startup,Female,13.0,39.0,4.95,6,2167620.0,149554.0,2317174.0
Frontend Developer,Hyderabad,,Tier 3,EdTech,MNC,Male,6.5,32.0,1.35,2,2121602.0,208653.0,2330255.0
Chartered Accountant,Delhi NCR,BTech,Tier 3,FinTech,Startup,Male,2.2,24.0,3.67,1,1887280.0,180024.0,2067304.0
Chartered Accountant,Kolkata,BTech,Tier 2,Consulting,MNC,Female,0.7,19.0,2.71,5,2039659.0,280922.0,2320582.0
Product Manager,Pune,BTech,Tier 2,EdTech,Mid-size,Male,13.5,34.0,2.46,4,2579997.0,532647.0,3112644.0
Product Manager,Jaipur,BTech,Tier 3,Manufacturing,Mid-size,Male,2.3,26.0,3.59,7,1665245.0,122093.0,1787337.0
DevOps Engineer,Ahmedabad,BTech,Tier 3,IT Services,Mid-size,Female,7.8,30.0,3.52,3,1883084.0,139442.0,2022527.0
Data Scientist,Hyderabad,MBA,Tier 3,Product Based,Startup,Male,6.4,28.0,2.93,4,2697874.0,287206.0,2985081.0
DevOps Engineer,Delhi NCR,MBA,Tier 3,Consulting,MNC,Male,8.8,30.0,2.88,6,3533318.0,210520.0,3743838.0
AI Engineer,Hyderabad,BTech,Tier 1,EdTech,MNC,Female,6.8,30.0,,8,3387416.0,261266.0,3648681.0
Data Scientist,Pune,BTech,Tier 2,Manufacturing,Mid-size,Female,1.5,25.0,4.47,8,1525588.0,122213.0,1647801.0
DevOps Engineer,Pune,BTech,Tier 2,Consulting,Startup,Male,6.7,26.0,3.44,2,2222678.0,531536.0,2754213.0
AI Engineer,Delhi NCR,MBA,Tier 3,EdTech,Startup,Female,0.4,21.0,2.68,1,1859858.0,430312.0,2290170.0
HR Manager,Remote,BTech,Tier 2,FinTech,Startup,Male,10.5,34.0,3.36,1,1810050.0,125083.0,1935133.0
Data Analyst,Mumbai,BTech,Tier 3,FinTech,Mid-size,Male,8.5,29.0,4.13,3,1918650.0,120933.0,2039582.0
Software Engineer,Mumbai,BTech,Tier 1,FinTech,Mid-size,Female,5.5,28.0,2.89,4,2921145.0,687187.0,3608332.0
Chartered Accountant,Remote,BTech,Tier 2,EdTech,Startup,Male,1.5,25.0,5.0,3,1203873.0,135258.0,1339131.0
Marketing Manager,Chennai,MTech,Tier 2,IT Services,MNC,Male,4.3,27.0,4.2,5,2578942.0,365698.0,2944640.0
Backend Developer,Remote,BTech,Tier 1,EdTech,Startup,Female,8.6,33.0,2.4,10,1805890.0,301363.0,5568831.103902175
AI Engineer,Delhi NCR,MTech,Tier 1,EdTech,Startup,Male,7.0,31.0,3.09,3,3116973.0,609164.0,3726137.0
HR Manager,Hyderabad,BTech,Tier 3,FinTech,MNC,Male,7.5,28.0,3.05,4,2613582.0,367979.0,2981562.0
Frontend Developer,Bangalore,BTech,Tier 2,IT Services,Mid-size,Male,4.3,28.0,3.54,5,2165904.0,358195.0,2524099.0
Software Engineer,Delhi NCR,BTech,Tier 2,Consulting,Mid-size,Male,2.3,27.0,4.84,5,2293013.0,569610.0,2862624.0
Chartered Accountant,Jaipur,MTech,Tier 2,Product Based,MNC,Male,11.3,32.0,2.72,14,3646503.0,848798.0,4495301.0
Data Scientist,Delhi NCR,MTech,Tier 1,EdTech,Mid-size,Male,1.9,26.0,3.58,4,2200912.0,171333.0,2372245.0
Product Manager,Kolkata,PhD,Tier 1,EdTech,Mid-size,Male,11.3,36.0,,5,3662641.0,862149.0,4524790.0
Software Engineer,Hyderabad,BTech,Tier 3,EdTech,Mid-size,Female,1.0,24.0,4.27,4,1613753.0,289101.0,5028666.487310574
Marketing Manager,Pune,BTech,Tier 3,E-Commerce,MNC,Male,1.4,22.0,2.6,11,2267014.0,443104.0,2710118.0
Data Scientist,Ahmedabad,MTech,Tier 3,E-Commerce,MNC,Male,6.4,28.0,3.31,5,2455164.0,297014.0,2752178.0
Data Scientist,Jaipur,BTech,Tier 2,Manufacturing,Startup,Male,6.8,30.0,3.21,3,1264092.0,290634.0,1554726.0
AI Engineer,Bangalore,BTech,Tier 2,E-Commerce,Mid-size,Female,5.0,26.0,3.8,7,3392818.0,822049.0,4214866.0
Financial Analyst,Ahmedabad,MBA,Tier 2,Manufacturing,MNC,Female,5.9,28.0,2.75,4,1652385.0,177250.0,1829635.0
Data Scientist,Kolkata,MTech,Tier 2,E-Commerce,Mid-size,Male,3.7,28.0,4.03,6,2299193.0,493467.0,2792660.0
DevOps Engineer,Bangalore,MTech,Tier 3,EdTech,Mid-size,Female,5.7,24.0,1.5,5,2117436.0,523111.0,2640547.0
Data Analyst,Bangalore,BTech,Tier 1,EdTech,Startup,Male,7.5,34.0,3.89,6,2329094.0,187049.0,2516144.0
Frontend Developer,Mumbai,BTech,Tier 2,Product Based,Mid-size,Female,2.1,25.0,3.35,5,2006627.0,188981.0,2195608.0
Backend Developer,Jaipur,BTech,Tier 3,FinTech,Startup,Female,1.1,24.0,2.58,4,1026131.0,137749.0,1163879.0
Data Scientist,Ahmedabad,MTech,Tier 2,E-Commerce,MNC,Female,5.1,30.0,3.35,2,2330434.0,533323.0,2863757.0
Data Analyst,Chennai,BTech,Tier 2,Product Based,Startup,Male,6.9,29.0,4.56,8,2225819.0,247062.0,2472881.0
Chartered Accountant,Remote,BTech,Tier 2,E-Commerce,Startup,Male,4.0,29.0,3.64,8,2044904.0,321095.0,2366000.0
Product Manager,Remote,BTech,Tier 3,Consulting,Startup,Female,8.1,29.0,3.56,5,2064083.0,488525.0,6745769.409970954
Backend Developer,Chennai,BTech,Tier 2,EdTech,Startup,Male,8.3,26.0,3.54,6,2045911.0,197726.0,2243637.0
Product Manager,Bangalore,BTech,Tier 2,Product Based,Mid-size,Male,10.4,34.0,3.6,5,4165761.0,490667.0,4656428.0
Data Analyst,Remote,BTech,Tier 2,Manufacturing,Startup,Male,6.4,26.0,2.76,9,1381855.0,78366.0,1460220.0
Frontend Developer,Remote,BTech,Tier 3,FinTech,Startup,Male,0.0,23.0,4.63,4,1498034.0,231896.0,1729930.0
Business Analyst,Jaipur,BTech,Tier 3,Consulting,MNC,Male,4.0,28.0,2.66,5,1593048.0,363888.0,1956936.0
Frontend Developer,Chennai,BTech,Tier 2,IT Services,Mid-size,Male,0.4,21.0,5.0,10,1796230.0,410378.0,2206608.0
Frontend Developer,Jaipur,BTech,Tier 2,E-Commerce,Startup,Male,8.9,33.0,3.9,5,1824738.0,264313.0,2089052.0
Software Engineer,Jaipur,MTech,Tier 2,FinTech,MNC,Male,4.2,26.0,3.45,4,2358685.0,531037.0,2889723.0
DevOps Engineer,Hyderabad,BTech,Tier 2,Manufacturing,Mid-size,Male,0.0,22.0,3.68,8,1731541.0,195814.0,1927354.0
Software Engineer,Pune,PhD,Tier 3,E-Commerce,Startup,Male,2.2,26.0,4.14,3,2058942.0,232378.0,2291319.0
HR Manager,Hyderabad,BTech,Tier 2,Product Based,MNC,Female,2.3,28.0,2.4,2,2119973.0,165809.0,2285782.0
Chartered Accountant,Jaipur,BTech,Tier 2,IT Services,Mid-size,Female,7.7,32.0,2.86,8,1665465.0,150492.0,1815957.0
Data Analyst,Mumbai,MTech,Tier 2,IT Services,MNC,Male,0.0,23.0,3.26,7,1655340.0,97236.0,1752576.0
Product Manager,Hyderabad,BTech,Tier 2,Product Based,Mid-size,Female,5.1,30.0,,4,3294015.0,462940.0,3756955.0
Business Analyst,Kolkata,BTech,Tier 2,IT Services,MNC,Female,8.2,33.0,3.52,5,1795743.0,96112.0,1891855.0
Data Scientist,Kolkata,MBA,Tier 3,IT Services,MNC,Male,3.3,26.0,2.28,3,2220558.0,343177.0,2563734.0
DevOps Engineer,Jaipur,BTech,Tier 2,Product Based,Startup,Female,0.0,22.0,3.03,3,1367959.0,99420.0,1467379.0
AI Engineer,Mumbai,MTech,Tier 1,E-Commerce,Startup,Male,3.7,28.0,2.59,5,3406765.0,480339.0,3887104.0
Data Scientist,Hyderabad,MBA,Tier 2,Consulting,MNC,Male,9.4,33.0,3.01,4,3569859.0,607818.0,11040334.321344769
Software Engineer,Mumbai,MTech,Tier 3,Product Based,Startup,Male,2.2,25.0,2.44,7,2296913.0,433844.0,2730758.0
Frontend Developer,Hyderabad,MTech,Tier 3,IT Services,Mid-size,Female,6.0,30.0,3.71,4,1934538.0,402139.0,2336677.0
Financial Analyst,Bangalore,MTech,Tier 2,EdTech,Startup,Male,8.6,35.0,2.45,4,2176184.0,330923.0,2507107.0
Frontend Developer,Delhi NCR,BTech,Tier 3,FinTech,Startup,Male,0.0,19.0,2.44,5,1171102.0,235844.0,1406946.0
HR Manager,Mumbai,BTech,Tier 2,E-Commerce,Mid-size,Male,3.0,25.0,2.97,9,2355231.0,472880.0,2828111.0
Data Analyst,Remote,MTech,Tier 3,FinTech,Startup,Male,1.4,25.0,2.78,4,1497064.0,136789.0,1633853.0
Software Engineer,Bangalore,MTech,Tier 3,Product Based,MNC,Male,4.1,25.0,,6,3487846.0,302867.0,3790713.0
Backend Developer,Hyderabad,MTech,Tier 2,EdTech,Startup,Male,0.0,22.0,3.71,6,1476337.0,138595.0,1614932.0
Backend Developer,Bangalore,BTech,Tier 3,Product Based,MNC,Male,5.8,29.0,2.09,6,3029816.0,203680.0,3233496.0
Data Scientist,Remote,BTech,Tier 3,IT Services,Mid-size,Female,2.4,26.0,2.61,3,1305401.0,104313.0,1409714.0
Software Engineer,Kolkata,MBA,Tier 3,IT Services,MNC,Male,0.0,24.0,3.18,5,1623582.0,113773.0,1737354.0
Data Analyst,Mumbai,MTech,Tier 2,FinTech,MNC,Male,0.0,22.0,5.0,9,2831452.0,635963.0,3467416.0
AI Engineer,Remote,PhD,Tier 2,Consulting,MNC,Male,7.0,28.0,3.76,8,3917354.0,199008.0,4116361.0
Chartered Accountant,Pune,BTech,Tier 2,EdTech,Startup,Male,0.0,26.0,3.66,4,1443592.0,353749.0,1797341.0
Product Manager,Remote,MTech,Tier 3,FinTech,Mid-size,Female,7.4,31.0,4.21,4,2856302.0,489453.0,3345754.0
Software Engineer,Remote,MTech,Tier 3,Manufacturing,Mid-size,Male,7.0,30.0,2.27,4,1440096.0,88947.0,1529043.0
Chartered Accountant,Ahmedabad,MTech,Tier 2,EdTech,Startup,Male,7.8,30.0,4.21,3,1917884.0,265871.0,2183755.0
Product Manager,Mumbai,MTech,Tier 2,EdTech,Mid-size,Male,7.2,28.0,3.22,4,3230355.0,448486.0,3678840.0
Product Manager,Ahmedabad,PhD,Tier 2,Manufacturing,MNC,Female,4.2,27.0,,3,3085753.0,707894.0,3793648.0
Marketing Manager,Ahmedabad,MBA,Tier 2,Consulting,MNC,Male,7.6,32.0,2.23,10,2752570.0,562685.0,3315255.0
Business Analyst,Mumbai,BTech,Tier 2,Manufacturing,Startup,Male,4.3,30.0,3.59,6,1351049.0,87500.0,1438549.0
Business Analyst,Delhi NCR,,Tier 3,IT Services,MNC,Male,9.0,33.0,2.31,6,2345420.0,460340.0,2805760.0
Chartered Accountant,Ahmedabad,BTech,Tier 3,Manufacturing,Startup,Male,7.0,32.0,3.64,2,1311543.0,155997.0,1467540.0
Product Manager,Mumbai,MTech,Tier 3,Consulting,Mid-size,Male,4.2,25.0,2.71,5,3165287.0,769052.0,3934338.0
Backend Developer,Kolkata,MTech,Tier 3,IT Services,MNC,Female,0.0,24.0,3.06,5,1459197.0,255396.0,1714592.0
Software Engineer,Bangalore,BTech,Tier 1,Manufacturing,MNC,Female,3.7,26.0,2.87,2,2491463.0,403720.0,2895183.0
Software Engineer,Pune,BTech,Tier 2,Manufacturing,MNC,Male,1.4,26.0,3.91,6,1855833.0,96362.0,1952196.0
AI Engineer,Mumbai,BTech,Tier 3,IT Services,Startup,Male,0.8,23.0,2.76,3,2056606.0,147066.0,2203672.0
Financial Analyst,Remote,BTech,Tier 3,FinTech,Startup,Male,2.7,27.0,3.32,10,1623228.0,154497.0,1777725.0
Software Engineer,Pune,BTech,Tier 3,EdTech,Startup,Male,5.4,25.0,3.34,4,1460424.0,362296.0,1822720.0
Marketing Manager,Delhi NCR,MBA,Tier 3,IT Services,MNC,Female,6.4,32.0,3.4,5,2696568.0,275430.0,2971998.0
Business Analyst,Jaipur,BTech,Tier 2,IT Services,MNC,Male,4.5,24.0,3.37,6,1567008.0,134298.0,1701306.0
Product Manager,Bangalore,PhD,Tier 3,E-Commerce,Mid-size,Female,5.7,27.0,2.98,6,3853203.0,632424.0,4485626.0
Software Engineer,Bangalore,BTech,Tier 3,Consulting,MNC,Male,6.3,29.0,4.03,4,2561195.0,185290.0,2746484.0
Financial Analyst,Pune,MBA,Tier 2,Product Based,Startup,Male,4.5,33.0,3.53,3,2112408.0,353464.0,2465872.0
Marketing Manager,Bangalore,MBA,Tier 1,Manufacturing,Mid-size,Male,1.2,27.0,1.81,4,2076330.0,268967.0,2345297.0
Software Engineer,Pune,,Tier 2,Manufacturing,Startup,Male,0.5,21.0,2.91,4,1300555.0,217753.0,1518308.0
DevOps Engineer,Mumbai,,Tier 3,Product Based,Startup,Male,0.0,21.0,,4,1816388.0,430132.0,2246520.0
Marketing Manager,Remote,MTech,Tier 3,IT Services,MNC,Male,11.2,33.0,2.65,6,2068394.0,422666.0,2491060.0
Marketing Manager,Jaipur,PhD,Tier 3,Product Based,Mid-size,Male,8.7,34.0,4.39,8,2480193.0,292817.0,2773010.0
Chartered Accountant,Ahmedabad,MBA,Tier 2,EdTech,Startup,Male,0.0,21.0,3.02,6,1213731.0,273918.0,1487650.0
Financial Analyst,Delhi NCR,MTech,Tier 1,Consulting,Startup,Female,7.6,29.0,2.17,10,2869551.0,199415.0,3068966.0
AI Engineer,Mumbai,MBA,Tier 2,EdTech,Startup,Male,8.9,33.0,4.85,2,3023627.0,409694.0,3433320.0
Data Analyst,Jaipur,MTech,Tier 3,EdTech,Mid-size,Female,0.7,24.0,4.44,3,913679.0,168759.0,1082438.0
AI Engineer,Hyderabad,BTech,Tier 2,Manufacturing,Mid-size,Male,7.2,30.0,,4,1964331.0,215626.0,2179957.0
HR Manager,Pune,MTech,Tier 1,Consulting,Startup,Male,1.5,26.0,1.93,3,1549257.0,259442.0,1808699.0
Frontend Developer,Pune,BTech,Tier 2,FinTech,MNC,Male,4.2,26.0,1.61,3,2263034.0,332555.0,2595589.0
Data Analyst,Mumbai,BTech,Tier 2,IT Services,Mid-size,Male,11.6,35.0,1.37,5,2178795.0,306666.0,2485461.0
Business Analyst,Pune,BTech,Tier 2,IT Services,Mid-size,Male,9.8,32.0,5.0,6,1992847.0,129817.0,2122664.0
Product Manager,Kolkata,,Tier 3,EdTech,MNC,Female,0.0,21.0,4.55,6,2283400.0,379410.0,2662811.0
Product Manager,Chennai,MBA,Tier 3,Product Based,Startup,Male,0.0,20.0,3.36,10,3020328.0,155309.0,3175637.0
Software Engineer,Remote,MBA,Tier 3,Manufacturing,Mid-size,Female,6.5,28.0,3.84,3,1821341.0,116414.0,1937755.0
Data Analyst,Kolkata,BTech,Tier 1,Product Based,Mid-size,Male,15.9,43.0,3.17,6,2767164.0,246581.0,3013746.0
Backend Developer,Kolkata,BTech,Tier 3,EdTech,Startup,Female,5.6,27.0,3.13,6,1344022.0,172230.0,1516252.0
Business Analyst,Ahmedabad,BTech,Tier 2,Product Based,Startup,Female,13.0,37.0,4.75,2,1783352.0,137308.0,1920660.0
AI Engineer,Pune,BTech,Tier 3,Manufacturing,Mid-size,Male,0.0,25.0,3.47,8,1612339.0,236844.0,1849183.0
Financial Analyst,Jaipur,MTech,Tier 2,Consulting,Mid-size,Male,8.4,28.0,,6,1756535.0,412089.0,2168624.0
Business Analyst,Chennai,BTech,Tier 3,Consulting,Mid-size,Male,8.9,31.0,2.55,4,1584195.0,254799.0,1838994.0
Frontend Developer,Remote,BTech,Tier 1,E-Commerce,Mid-size,Male,10.2,35.0,3.27,10,2735936.0,208096.0,2944033.0
Product Manager,Jaipur,BTech,Tier 1,E-Commerce,Mid-size,Male,6.6,30.0,2.34,6,2787361.0,651322.0,3438684.0
DevOps Engineer,Jaipur,BTech,Tier 2,Product Based,MNC,Female,12.3,39.0,3.72,4,2548154.0,556746.0,3104900.0
Marketing Manager,Kolkata,BTech,Tier 2,Product Based,Startup,Male,1.5,25.0,5.0,4,1749157.0,98287.0,1847443.0
Marketing Manager,Jaipur,BTech,Tier 2,IT Services,Mid-size,Male,6.0,29.0,3.05,6,1221135.0,255876.0,1477011.0
Frontend Developer,Bangalore,BTech,Tier 1,Product Based,Mid-size,Male,7.1,30.0,3.24,4,3108231.0,207657.0,3315888.0
Data Scientist,Chennai,MTech,Tier 3,Product Based,MNC,Female,13.5,36.0,4.06,10,3470745.0,343901.0,3814646.0
Software Engineer,Jaipur,BTech,Tier 2,Consulting,Startup,Male,7.9,31.0,3.99,2,1801208.0,209271.0,2010479.0
DevOps Engineer,Delhi NCR,BTech,Tier 2,Manufacturing,MNC,Male,10.1,36.0,3.31,7,2587471.0,295348.0,2882819.0
Product Manager,Chennai,BTech,Tier 1,EdTech,Startup,Male,8.7,32.0,3.7,5,2803076.0,475013.0,3278089.0
HR Manager,Jaipur,BTech,Tier 3,Product Based,Startup,Male,7.6,32.0,3.17,3,1224238.0,267195.0,1491434.0
Marketing Manager,Pune,BTech,Tier 3,EdTech,Startup,Male,2.9,28.0,3.64,8,1434464.0,230340.0,1664805.0
AI Engineer,Ahmedabad,BTech,Tier 3,Consulting,Startup,Female,5.5,29.0,3.67,6,1806916.0,247805.0,2054721.0
Backend Developer,Kolkata,BTech,Tier 2,Product Based,MNC,Male,4.2,28.0,4.67,4,2635786.0,318853.0,2954639.0
AI Engineer,Delhi NCR,BTech,Tier 2,Consulting,MNC,Male,5.4,29.0,4.09,4,3527963.0,399802.0,3927765.0
DevOps Engineer,Hyderabad,PhD,Tier 3,Manufacturing,MNC,Male,0.0,24.0,4.19,1,1624687.0,117599.0,1742285.0
Business Analyst,Bangalore,MBA,Tier 3,Consulting,Mid-size,Male,11.4,37.0,,1,2520551.0,590121.0,3110672.0
Data Scientist,Bangalore,BTech,Tier 3,IT Services,Mid-size,Female,2.7,24.0,3.64,3,1824694.0,127498.0,1952192.0
Product Manager,Hyderabad,MTech,Tier 2,Product Based,Mid-size,Male,0.7,27.0,,8,3780616.0,385030.0,4165646.0
AI Engineer,Pune,MTech,Tier 3,Manufacturing,MNC,Male,7.3,31.0,2.63,6,2578689.0,133604.0,2712292.0
Chartered Accountant,Remote,BTech,Tier 1,Consulting,Startup,Male,1.6,23.0,2.34,4,2058509.0,403217.0,2461726.0
AI Engineer,Jaipur,BTech,Tier 2,IT Services,MNC,Male,4.9,26.0,2.79,4,2361768.0,314557.0,2676326.0
Frontend Developer,Ahmedabad,BTech,Tier 2,Manufacturing,Startup,Male,5.3,30.0,4.39,3,1227854.0,267758.0,1495612.0
HR Manager,Delhi NCR,BTech,Tier 1,Product Based,Mid-size,Male,0.0,26.0,3.11,1,1793807.0,379253.0,2173060.0
DevOps Engineer,Jaipur,BTech,Tier 3,EdTech,Mid-size,Male,5.5,26.0,3.09,13,1749705.0,285174.0,5377568.553883825
Backend Developer,Ahmedabad,BTech,Tier 3,E-Commerce,Startup,Male,8.0,29.0,2.95,3,1468301.0,120112.0,1588413.0
Business Analyst,Remote,MTech,Tier 3,FinTech,MNC,Female,2.7,25.0,3.71,4,1849629.0,258064.0,2107693.0
Frontend Developer,Remote,,Tier 2,Consulting,Mid-size,Male,0.0,24.0,4.1,5,1176549.0,183788.0,1360336.0
Business Analyst,Kolkata,BTech,Tier 1,E-Commerce,Mid-size,Male,2.7,26.0,3.11,3,1546348.0,332562.0,1878911.0
Product Manager,Kolkata,MTech,Tier 2,E-Commerce,Startup,Male,3.4,26.0,3.53,3,2656294.0,522003.0,3178298.0
Frontend Developer,Jaipur,BTech,Tier 2,FinTech,MNC,Male,10.1,38.0,2.57,3,2097989.0,300616.0,2398606.0
HR Manager,Delhi NCR,MTech,Tier 2,IT Services,Startup,Male,9.4,34.0,4.01,7,2170690.0,254222.0,2424912.0
Software Engineer,Pune,MBA,Tier 3,Consulting,Startup,Female,7.3,34.0,3.23,8,2497874.0,206772.0,2704646.0
Financial Analyst,Ahmedabad,BTech,Tier 3,FinTech,Startup,Male,9.7,33.0,3.22,10,1969949.0,99166.0,2069115.0
AI Engineer,Ahmedabad,BTech,Tier 2,EdTech,Startup,Male,0.9,23.0,3.26,2,1333496.0,217120.0,1550615.0
Marketing Manager,Pune,BTech,Tier 1,E-Commerce,Mid-size,Male,4.6,28.0,2.8,8,2593372.0,527754.0,3121126.0
AI Engineer,Chennai,MTech,Tier 2,IT Services,Mid-size,Male,5.6,29.0,3.2,4,2628782.0,309263.0,2938045.0
Chartered Accountant,Pune,BTech,Tier 2,E-Commerce,MNC,Female,3.3,27.0,3.99,7,2755294.0,479613.0,3234907.0
Business Analyst,Pune,PhD,Tier 1,Product Based,Startup,Male,9.2,34.0,3.3,2,3485826.0,182568.0,3668394.0
Data Analyst,Remote,BTech,Tier 1,FinTech,Startup,Male,1.2,26.0,2.41,9,1744701.0,123197.0,1867898.0
Backend Developer,Ahmedabad,BTech,Tier 2,Manufacturing,Startup,Male,1.3,22.0,3.44,6,1340695.0,176385.0,1517079.0
Financial Analyst,Kolkata,BTech,Tier 2,Product Based,Startup,Male,3.7,25.0,3.11,5,1961866.0,359904.0,2321770.0
Chartered Accountant,Kolkata,MTech,Tier 2,FinTech,MNC,Female,0.0,26.0,3.76,8,2304489.0,156316.0,2460806.0
Data Analyst,Kolkata,MTech,Tier 3,Consulting,MNC,Male,6.8,28.0,3.57,6,2188482.0,228815.0,2417297.0
HR Manager,Bangalore,BTech,Tier 3,Manufacturing,Mid-size,Male,2.8,27.0,3.1,6,1264028.0,311307.0,1575335.0
Data Analyst,Mumbai,MTech,Tier 2,E-Commerce,Mid-size,Female,6.7,35.0,3.7,4,2417897.0,334998.0,2752895.0
Financial Analyst,Bangalore,BTech,Tier 1,IT Services,Startup,Female,5.9,33.0,2.84,7,2125031.0,347916.0,2472947.0
HR Manager,Jaipur,MBA,Tier 3,Product Based,Startup,Male,13.1,33.0,5.0,4,2018689.0,242278.0,2260968.0
Chartered Accountant,Mumbai,MTech,Tier 1,Manufacturing,Startup,Female,0.9,22.0,3.0,4,2169413.0,510086.0,2679499.0
Financial Analyst,Remote,BTech,Tier 3,IT Services,Startup,Male,10.5,32.0,3.75,7,1733748.0,337562.0,2071310.0
DevOps Engineer,Jaipur,PhD,Tier 3,EdTech,Mid-size,Male,4.0,23.0,3.8,9,1957246.0,417258.0,2374504.0
Software Engineer,Pune,PhD,Tier 3,Product Based,MNC,Male,7.3,28.0,2.56,7,3581367.0,879479.0,4460846.0
Data Analyst,Hyderabad,BTech,Tier 3,Consulting,Mid-size,Male,1.2,23.0,3.68,3,1262405.0,298999.0,1561404.0
DevOps Engineer,Ahmedabad,BTech,Tier 3,E-Commerce,Mid-size,Male,8.8,31.0,2.55,2,1948906.0,191239.0,2140145.0
Marketing Manager,Delhi NCR,BTech,Tier 2,Product Based,Mid-size,Male,0.0,23.0,,4,1784234.0,311620.0,2095854.0
Data Scientist,Remote,MBA,Tier 1,Product Based,Mid-size,Male,3.7,26.0,2.54,5,3227643.0,328507.0,3556150.0
Data Scientist,Hyderabad,MBA,Tier 3,Manufacturing,MNC,Female,0.0,24.0,2.19,6,1520705.0,260713.0,1781418.0
Marketing Manager,Ahmedabad,BTech,Tier 1,IT Services,MNC,Female,4.0,26.0,3.22,6,2092114.0,427498.0,2519613.0
Chartered Accountant,Kolkata,BTech,Tier 3,E-Commerce,MNC,Female,8.2,30.0,3.5,4,2358904.0,526503.0,2885407.0
Financial Analyst,Hyderabad,BTech,Tier 2,Product Based,MNC,Male,7.4,33.0,4.46,5,2950704.0,488076.0,3438781.0
Software Engineer,Jaipur,BTech,Tier 1,Manufacturing,Mid-size,Female,3.5,26.0,2.93,3,1538278.0,101457.0,1639735.0
HR Manager,Jaipur,MBA,Tier 2,Consulting,MNC,Male,4.2,26.0,,4,2018272.0,449910.0,2468182.0
DevOps Engineer,Remote,MTech,Tier 2,EdTech,Mid-size,Male,1.4,27.0,3.53,1,1657654.0,197358.0,1855013.0
Marketing Manager,Bangalore,BTech,Tier 1,Consulting,MNC,Male,3.9,26.0,2.9,3,3058765.0,425799.0,3484564.0
DevOps Engineer,Bangalore,MTech,Tier 2,EdTech,Mid-size,Male,0.0,24.0,4.07,3,1832297.0,181677.0,2013974.0
DevOps Engineer,Bangalore,PhD,Tier 2,FinTech,Startup,Male,8.2,33.0,2.67,8,3984367.0,968335.0,4952702.0
Data Scientist,Remote,BTech,Tier 1,IT Services,Startup,Male,12.2,35.0,3.12,6,2461208.0,557183.0,3018390.0
AI Engineer,Ahmedabad,MTech,Tier 1,E-Commerce,MNC,Male,2.7,24.0,2.45,5,3349380.0,803782.0,4153162.0
Software Engineer,Delhi NCR,BTech,Tier 2,Consulting,Startup,Male,5.7,25.0,3.48,6,2147871.0,141777.0,2289648.0
Backend Developer,Mumbai,BTech,Tier 3,Product Based,Mid-size,Male,0.0,24.0,1.75,3,1671295.0,109086.0,1780381.0
DevOps Engineer,Pune,BTech,Tier 1,Manufacturing,MNC,Female,0.3,20.0,3.49,2,1925078.0,444245.0,2369323.0
Marketing Manager,Delhi NCR,BTech,Tier 1,E-Commerce,Mid-size,Female,6.6,32.0,2.59,6,2469530.0,235012.0,2704543.0
Data Analyst,Bangalore,BTech,Tier 3,IT Services,Startup,Male,6.5,28.0,4.01,3,1532175.0,296431.0,1828606.0
HR Manager,Remote,BTech,Tier 1,E-Commerce,Startup,Female,5.4,30.0,2.29,3,1907790.0,430908.0,2338698.0
Marketing Manager,Bangalore,MBA,Tier 2,Consulting,Startup,Female,0.0,23.0,3.22,8,1719917.0,143489.0,1863406.0
AI Engineer,Delhi NCR,MBA,Tier 2,E-Commerce,MNC,Male,4.1,28.0,4.69,3,4226470.0,322972.0,4549442.0
Backend Developer,Pune,MBA,Tier 3,Product Based,Mid-size,Male,10.5,34.0,3.88,1,2703032.0,652062.0,3355094.0
Data Scientist,Remote,BTech,Tier 3,E-Commerce,Mid-size,Male,1.0,23.0,3.98,5,1722624.0,141862.0,1864485.0
Business Analyst,Bangalore,MTech,Tier 1,E-Commerce,MNC,Female,4.2,30.0,3.82,5,3373258.0,737028.0,4110286.0
Product Manager,Mumbai,BTech,Tier 2,EdTech,Startup,Male,10.6,31.0,2.65,5,2681789.0,259362.0,2941151.0
Software Engineer,Jaipur,BTech,Tier 3,Consulting,Startup,Male,3.6,30.0,2.5,5,1290964.0,121500.0,1412464.0
Financial Analyst,Delhi NCR,,Tier 1,Consulting,Startup,Male,3.4,27.0,,4,2595965.0,460513.0,3056479.0
DevOps Engineer,Jaipur,MTech,Tier 3,Consulting,MNC,Male,2.4,26.0,4.17,7,2304900.0,363108.0,2668007.0
Data Scientist,Ahmedabad,PhD,Tier 3,IT Services,Startup,Male,0.5,24.0,,4,1613683.0,366474.0,1980157.0
Marketing Manager,Bangalore,BTech,Tier 2,Consulting,Mid-size,Male,3.8,30.0,3.5,8,2155105.0,454979.0,2610084.0
Chartered Accountant,Remote,BTech,Tier 2,E-Commerce,Mid-size,Male,9.1,32.0,2.77,12,2506998.0,372744.0,2879742.0
DevOps Engineer,Mumbai,BTech,Tier 2,E-Commerce,MNC,Male,4.3,25.0,5.0,7,3469647.0,699367.0,4169013.0
Marketing Manager,Chennai,MTech,Tier 1,Consulting,MNC,Male,8.7,30.0,3.69,4,3104591.0,638504.0,3743095.0
Chartered Accountant,Bangalore,MTech,Tier 1,Manufacturing,MNC,Male,6.2,32.0,3.82,5,3451695.0,718576.0,4170270.0
Marketing Manager,Hyderabad,MBA,Tier 2,Consulting,MNC,Male,10.1,34.0,2.25,6,3116100.0,673646.0,3789746.0
Frontend Developer,Bangalore,BTech,Tier 3,Consulting,MNC,Female,0.0,25.0,3.55,5,1711137.0,415302.0,2126439.0
Product Manager,Mumbai,MTech,Tier 3,EdTech,Mid-size,Male,6.5,30.0,3.48,6,2766718.0,492192.0,3258910.0
Chartered Accountant,Chennai,MTech,Tier 3,Product Based,Mid-size,Male,6.6,26.0,,2,2446756.0,305014.0,2751770.0
Data Analyst,Bangalore,BTech,Tier 2,FinTech,Mid-size,Male,1.7,25.0,3.26,5,1811013.0,234529.0,2045542.0
Chartered Accountant,Remote,BTech,Tier 2,E-Commerce,Startup,Male,1.7,24.0,4.92,5,1864606.0,389599.0,2254205.0
Marketing Manager,Kolkata,MBA,Tier 2,Consulting,Mid-size,Male,9.0,34.0,3.18,3,2035683.0,471554.0,2507237.0
Backend Developer,Pune,BTech,Tier 1,Product Based,Mid-size,Female,1.0,24.0,4.53,4,2173925.0,493000.0,2666925.0
Data Analyst,Chennai,BTech,Tier 2,EdTech,Startup,Male,4.9,29.0,3.34,2,1580799.0,164205.0,1745004.0
Marketing Manager,Kolkata,MBA,Tier 2,IT Services,MNC,Male,2.2,25.0,3.63,2,1814751.0,267894.0,2082644.0
Business Analyst,Mumbai,BTech,Tier 2,Product Based,Startup,Male,1.6,24.0,2.82,2,1846359.0,450890.0,2297249.0
Data Scientist,Jaipur,BTech,Tier 1,E-Commerce,MNC,Male,7.1,35.0,,7,2901925.0,180251.0,3082175.0
Chartered Accountant,Ahmedabad,BTech,Tier 1,FinTech,Mid-size,Male,9.5,30.0,4.07,6,3030524.0,277048.0,3307572.0
Chartered Accountant,Pune,BTech,Tier 1,FinTech,Startup,Male,6.3,27.0,2.53,4,2687475.0,204946.0,2892421.0
HR Manager,Hyderabad,MTech,Tier 1,Manufacturing,Startup,Male,3.3,27.0,3.11,2,1664247.0,94035.0,1758282.0
HR Manager,Delhi NCR,BTech,Tier 1,FinTech,MNC,Female,10.7,39.0,,2,3827102.0,381121.0,4208223.0
Product Manager,Mumbai,BTech,Tier 2,Consulting,Mid-size,Male,1.2,24.0,3.34,4,2663118.0,354749.0,3017868.0
Data Scientist,Ahmedabad,PhD,Tier 3,Product Based,MNC,Female,3.7,27.0,3.73,2,2968353.0,472136.0,3440489.0
Financial Analyst,Ahmedabad,MTech,Tier 3,IT Services,Mid-size,Male,10.6,32.0,4.61,4,1639798.0,119472.0,1759269.0
Frontend Developer,Pune,MTech,Tier 2,FinTech,MNC,Male,4.0,30.0,2.31,5,2804132.0,156222.0,2960354.0
Backend Developer,Chennai,MBA,Tier 1,Manufacturing,MNC,Male,6.6,31.0,2.5,7,2900330.0,550256.0,3450586.0
Chartered Accountant,Ahmedabad,MTech,Tier 3,IT Services,Startup,Male,13.1,35.0,2.81,4,1794553.0,410822.0,2205375.0
Data Analyst,Bangalore,BTech,Tier 3,Consulting,Mid-size,Male,8.0,31.0,4.67,5,1949846.0,134282.0,2084128.0
Backend Developer,Hyderabad,PhD,Tier 3,FinTech,Mid-size,Male,11.2,36.0,3.99,10,3643838.0,544157.0,4187995.0
DevOps Engineer,Pune,BTech,Tier 1,IT Services,Startup,Female,16.0,41.0,4.98,1,2517682.0,233817.0,2751499.0
Product Manager,Mumbai,MBA,Tier 3,IT Services,MNC,Male,0.1,21.0,4.2,3,2764414.0,355067.0,3119481.0
AI Engineer,Chennai,BTech,Tier 2,FinTech,MNC,Male,9.5,35.0,3.45,6,3920756.0,356987.0,4277742.0
Backend Developer,Jaipur,BTech,Tier 2,Consulting,Mid-size,Male,1.2,27.0,3.98,4,1625450.0,194345.0,1819795.0
Marketing Manager,Jaipur,BTech,Tier 1,Consulting,MNC,Male,7.7,33.0,4.35,4,2325130.0,502334.0,2827464.0
AI Engineer,Hyderabad,MBA,Tier 1,FinTech,Startup,Male,5.3,29.0,3.6,6,4248830.0,553027.0,4801858.0
Chartered Accountant,Remote,BTech,Tier 3,Consulting,Mid-size,Male,1.9,25.0,4.07,9,1870879.0,432218.0,2303097.0
DevOps Engineer,Remote,BTech,Tier 1,E-Commerce,Mid-size,Male,7.2,32.0,3.82,5,2977411.0,342006.0,3319417.0
Backend Developer,Remote,BTech,Tier 2,Consulting,MNC,Male,2.6,23.0,3.64,4,1915362.0,96963.0,2012325.0
Chartered Accountant,Pune,MTech,Tier 1,E-Commerce,Startup,Male,4.5,28.0,3.03,3,2778829.0,429487.0,3208316.0
Marketing Manager,Ahmedabad,MBA,Tier 1,EdTech,Mid-size,Female,4.8,29.0,3.59,4,1963738.0,422208.0,2385946.0
Frontend Developer,Remote,MBA,Tier 2,Consulting,Startup,Female,4.2,28.0,2.32,3,1389911.0,343352.0,1733262.0
DevOps Engineer,Pune,BTech,Tier 2,FinTech,MNC,Male,0.0,22.0,3.1,9,2389233.0,358634.0,2747867.0
Frontend Developer,Kolkata,MBA,Tier 2,Manufacturing,Mid-size,Female,4.5,28.0,3.51,5,1701647.0,102658.0,1804305.0
Software Engineer,Remote,MTech,Tier 3,EdTech,MNC,Female,2.5,23.0,5.0,5,1899772.0,286015.0,2185787.0
Frontend Developer,Mumbai,MTech,Tier 3,Consulting,Startup,Male,0.9,23.0,3.51,2,1508246.0,141952.0,1650197.0
Backend Developer,Chennai,BTech,Tier 3,IT Services,Startup,Male,0.0,22.0,3.34,6,1101084.0,69925.0,1171009.0
Frontend Developer,Pune,,Tier 3,FinTech,Mid-size,Male,8.6,28.0,3.8,3,2501255.0,221637.0,2722892.0
HR Manager,Kolkata,MBA,Tier 1,IT Services,Startup,Male,10.7,31.0,4.69,6,2518788.0,224374.0,2743163.0
Product Manager,Jaipur,BTech,Tier 3,IT Services,MNC,Male,9.9,37.0,3.98,7,2735890.0,677411.0,3413301.0
Data Analyst,Ahmedabad,BTech,Tier 3,Manufacturing,Startup,Female,7.4,33.0,,7,945616.0,188242.0,1133858.0
Frontend Developer,Chennai,,Tier 1,Manufacturing,Mid-size,Male,6.1,33.0,2.05,1,1520834.0,139567.0,1660401.0
AI Engineer,Jaipur,PhD,Tier 1,Consulting,Mid-size,Male,3.9,25.0,1.45,3,2908497.0,176893.0,3085389.0
Data Scientist,Bangalore,MBA,Tier 2,E-Commerce,Startup,Male,6.7,29.0,2.58,4,2741094.0,189782.0,2930877.0
Marketing Manager,Hyderabad,BTech,Tier 2,Consulting,MNC,Male,5.9,29.0,4.39,5,2263934.0,299623.0,2563558.0
Product Manager,Kolkata,BTech,Tier 2,EdTech,Mid-size,Male,0.0,21.0,2.51,3,1725970.0,264027.0,1989997.0
Software Engineer,Jaipur,MBA,Tier 3,IT Services,Mid-size,Male,1.7,26.0,2.33,9,1499861.0,198280.0,1698141.0
DevOps Engineer,Kolkata,BTech,Tier 3,EdTech,MNC,Male,0.3,27.0,2.85,3,1640727.0,368793.0,2009520.0
Backend Developer,Jaipur,BTech,Tier 2,FinTech,MNC,Female,5.2,26.0,3.87,4,2042208.0,482419.0,2524627.0
Financial Analyst,Jaipur,MTech,Tier 2,E-Commerce,MNC,Male,9.7,36.0,2.82,7,2535031.0,230891.0,2765922.0
Backend Developer,Delhi NCR,MTech,Tier 3,FinTech,Startup,Female,5.6,30.0,3.45,4,2405134.0,489517.0,2894651.0
Business Analyst,Hyderabad,BTech,Tier 1,EdTech,Startup,Female,1.1,22.0,,5,1193294.0,135656.0,1328950.0
Financial Analyst,Hyderabad,,Tier 2,E-Commerce,Mid-size,Female,9.3,31.0,3.54,8,2317147.0,248759.0,2565906.0
Chartered Accountant,Chennai,BTech,Tier 1,E-Commerce,MNC,Male,2.4,24.0,3.63,5,2813680.0,351746.0,3165426.0
Software Engineer,Jaipur,BTech,Tier 3,Consulting,Startup,Male,1.2,21.0,2.18,6,1337915.0,240616.0,1578531.0
Data Analyst,Jaipur,MTech,Tier 1,Manufacturing,Mid-size,Female,4.5,31.0,2.83,6,1224777.0,237509.0,1462286.0
Business Analyst,Bangalore,BTech,Tier 1,FinTech,MNC,Female,10.9,35.0,4.34,1,3313984.0,481223.0,3795206.0
Business Analyst,Bangalore,MTech,Tier 2,FinTech,Mid-size,Female,1.0,28.0,1.48,4,1975903.0,187978.0,2163881.0
Software Engineer,Mumbai,BTech,Tier 3,Manufacturing,MNC,Male,11.4,33.0,3.93,9,2688015.0,587738.0,3275753.0
Backend Developer,Bangalore,MBA,Tier 3,IT Services,Mid-size,Male,11.1,35.0,4.26,6,2681774.0,185305.0,7576820.966701551
Software Engineer,Jaipur,BTech,Tier 3,Consulting,Mid-size,Male,5.7,30.0,3.55,5,1504120.0,328109.0,1832229.0
HR Manager,Mumbai,BTech,Tier 1,Product Based,Startup,Female,10.9,31.0,3.33,5,3286359.0,749205.0,4035564.0
Data Scientist,Chennai,BTech,Tier 3,EdTech,MNC,Male,4.0,24.0,3.75,7,2360637.0,514101.0,2874738.0
Business Analyst,Delhi NCR,BTech,Tier 1,Product Based,Mid-size,Male,13.5,36.0,4.71,6,3627323.0,341060.0,3968383.0
DevOps Engineer,Bangalore,MTech,Tier 2,Consulting,MNC,Male,12.1,34.0,3.09,5,3807784.0,764099.0,4571883.0
Marketing Manager,Hyderabad,PhD,Tier 2,EdTech,Mid-size,Male,6.7,28.0,4.12,3,2431277.0,185321.0,2616598.0
Data Scientist,Remote,BTech,Tier 2,Product Based,Mid-size,Female,8.2,32.0,2.98,5,2640608.0,377669.0,3018277.0
DevOps Engineer,Kolkata,BTech,Tier 1,IT Services,Startup,Male,8.6,32.0,2.54,8,2237869.0,545308.0,2783177.0
DevOps Engineer,Jaipur,BTech,Tier 2,FinTech,Startup,Male,6.7,25.0,,4,2079739.0,505299.0,2585038.0
Financial Analyst,Chennai,MTech,Tier 1,Product Based,Startup,Male,1.8,24.0,3.11,5,2255268.0,376957.0,2632225.0
Frontend Developer,Kolkata,BTech,Tier 2,E-Commerce,MNC,Male,2.6,27.0,2.32,6,1981946.0,249251.0,2231196.0
Chartered Accountant,Pune,BTech,Tier 1,IT Services,Mid-size,Female,1.0,27.0,,6,1962709.0,305176.0,2267885.0
HR Manager,Kolkata,BTech,Tier 2,EdTech,Mid-size,Male,7.8,31.0,,5,1309981.0,325287.0,1635268.0
Business Analyst,Mumbai,BTech,Tier 2,FinTech,Mid-size,Female,5.7,29.0,1.3,1,1792320.0,412613.0,2204933.0
AI Engineer,Jaipur,BTech,Tier 2,Manufacturing,Startup,Male,8.7,30.0,2.39,7,1635771.0,312191.0,1947962.0
AI Engineer,Delhi NCR,MBA,Tier 1,E-Commerce,MNC,Female,6.6,30.0,4.8,11,5628982.0,496313.0,6125296.0
Chartered Accountant,Remote,MBA,Tier 3,FinTech,MNC,Male,8.3,31.0,2.5,5,3219666.0,316264.0,3535930.0
Backend Developer,Bangalore,BTech,Tier 3,Product Based,Startup,Female,4.7,29.0,1.73,2,2290895.0,243566.0,2534460.0
AI Engineer,Ahmedabad,BTech,Tier 2,FinTech,Startup,Female,3.8,28.0,5.0,7,2350539.0,313870.0,2664409.0
Marketing Manager,Pune,,Tier 3,Consulting,MNC,Male,0.0,26.0,2.78,5,1527145.0,221820.0,1748965.0
AI Engineer,Bangalore,MTech,Tier 3,E-Commerce,Mid-size,Male,4.4,25.0,2.52,3,2732406.0,389658.0,3122064.0
Business Analyst,Kolkata,BTech,Tier 2,Consulting,Mid-size,Male,6.3,29.0,3.53,2,1854949.0,208862.0,2063812.0
Frontend Developer,Delhi NCR,BTech,Tier 3,IT Services,Mid-size,Female,1.8,25.0,4.38,10,1647676.0,191463.0,1839139.0
Product Manager,Jaipur,MTech,Tier 2,Consulting,Startup,Male,0.0,24.0,2.6,4,1732546.0,288426.0,2020972.0
Frontend Developer,Ahmedabad,BTech,Tier 2,IT Services,Mid-size,Male,0.0,25.0,2.56,14,1406678.0,176435.0,1583113.0
HR Manager,Bangalore,MTech,Tier 3,FinTech,MNC,Male,7.6,34.0,3.62,4,3118991.0,492895.0,3611886.0
Product Manager,Hyderabad,BTech,Tier 3,E-Commerce,Mid-size,Male,6.1,32.0,2.64,4,2671537.0,547298.0,3218835.0
Chartered Accountant,Ahmedabad,BTech,Tier 3,Consulting,Startup,Female,9.2,33.0,5.0,3,1655467.0,294337.0,1949804.0
HR Manager,Jaipur,BTech,Tier 1,Consulting,Mid-size,Female,5.5,32.0,,3,1846623.0,120472.0,1967095.0
HR Manager,Bangalore,MTech,Tier 2,Consulting,Startup,Male,6.5,30.0,3.47,4,2368447.0,393091.0,2761538.0
Financial Analyst,Pune,MBA,Tier 3,E-Commerce,Mid-size,Male,0.0,23.0,3.59,5,1453520.0,285449.0,1738969.0
Business Analyst,Jaipur,PhD,Tier 2,E-Commerce,Mid-size,Male,11.2,33.0,,4,2202622.0,526946.0,2729567.0
Financial Analyst,Kolkata,MTech,Tier 2,EdTech,MNC,Male,0.7,24.0,3.72,4,1354375.0,295997.0,1650372.0
DevOps Engineer,Delhi NCR,PhD,Tier 3,E-Commerce,MNC,Female,4.5,25.0,3.26,2,3249685.0,199957.0,3449642.0
Data Analyst,Ahmedabad,MBA,Tier 2,FinTech,MNC,Male,3.7,27.0,3.33,6,2468335.0,588506.0,3056841.0
DevOps Engineer,Chennai,BTech,Tier 2,EdTech,MNC,Male,2.0,27.0,3.34,7,2089366.0,239592.0,2328958.0
Marketing Manager,Mumbai,BTech,Tier 3,Manufacturing,Mid-size,Male,1.8,22.0,3.39,4,1522549.0,251905.0,1774454.0
Software Engineer,Delhi NCR,PhD,Tier 3,E-Commerce,Mid-size,Male,1.9,24.0,3.29,4,2245190.0,167605.0,2412795.0
AI Engineer,Chennai,MTech,Tier 1,E-Commerce,Mid-size,Male,8.0,28.0,4.09,4,3707132.0,416555.0,4123687.0
HR Manager,Pune,BTech,Tier 1,IT Services,MNC,Male,0.0,22.0,3.4,9,2012739.0,240548.0,2253287.0
Software Engineer,Remote,BTech,Tier 3,FinTech,Mid-size,Male,6.5,24.0,3.67,4,1821518.0,420389.0,2241907.0
Data Analyst,Remote,BTech,Tier 3,E-Commerce,Startup,Female,3.8,26.0,4.76,7,1449115.0,280165.0,1729280.0
Marketing Manager,Ahmedabad,MTech,Tier 2,E-Commerce,MNC,Male,3.2,25.0,2.57,3,2132177.0,438758.0,2570934.0
HR Manager,Chennai,BTech,Tier 2,Product Based,Mid-size,Female,6.9,25.0,3.89,2,2294517.0,312930.0,2607448.0
Financial Analyst,Chennai,MTech,Tier 3,FinTech,Startup,Female,6.9,30.0,2.98,5,2109590.0,525204.0,2634794.0
Backend Developer,Remote,BTech,Tier 3,Manufacturing,Startup,Male,4.9,25.0,4.26,1,1256626.0,141387.0,1398013.0
HR Manager,Delhi NCR,MBA,Tier 2,Manufacturing,Startup,Male,0.2,23.0,3.22,5,1423518.0,299291.0,1722809.0
AI Engineer,Bangalore,BTech,Tier 2,Product Based,MNC,Male,9.3,28.0,3.73,6,4845883.0,624747.0,5470630.0
Marketing Manager,Kolkata,BTech,Tier 3,Manufacturing,Startup,Female,0.0,22.0,3.23,4,1183356.0,223514.0,1406870.0
Data Analyst,Mumbai,PhD,Tier 3,E-Commerce,MNC,Male,6.5,26.0,3.45,5,3039005.0,560887.0,3599892.0
Product Manager,Ahmedabad,BTech,Tier 3,E-Commerce,MNC,Male,3.9,20.0,3.26,6,2633397.0,326242.0,2959639.0
Business Analyst,Delhi NCR,PhD,Tier 1,IT Services,Mid-size,Female,10.5,31.0,4.91,9,3387778.0,529315.0,3917094.0
Business Analyst,Remote,BTech,Tier 2,EdTech,Mid-size,Male,4.2,27.0,3.17,7,1568552.0,245971.0,4795234.421849624
Data Scientist,Pune,BTech,Tier 3,Manufacturing,Mid-size,Male,7.8,33.0,,5,2024902.0,136657.0,2161560.0
Data Analyst,Kolkata,BTech,Tier 3,EdTech,Startup,Female,0.0,25.0,1.61,9,559379.0,93778.0,653157.0
Marketing Manager,Remote,MTech,Tier 2,FinTech,Mid-size,Female,4.8,27.0,3.39,4,2158039.0,364090.0,2522128.0
Software Engineer,Chennai,MTech,Tier 2,E-Commerce,Startup,Male,1.3,22.0,2.82,4,1945432.0,274293.0,2219725.0
Product Manager,Ahmedabad,BTech,Tier 1,IT Services,MNC,Male,5.7,29.0,3.87,7,3310572.0,602189.0,3912761.0
Product Manager,Hyderabad,BTech,Tier 2,IT Services,Mid-size,Female,8.0,31.0,,5,2788547.0,573263.0,3361810.0
Financial Analyst,Ahmedabad,MTech,Tier 1,Product Based,MNC,Male,0.0,24.0,3.96,9,2359364.0,294985.0,2654348.0
Software Engineer,Mumbai,MBA,Tier 2,Manufacturing,Startup,Female,6.5,27.0,3.37,4,2069174.0,122256.0,2191430.0
Product Manager,Kolkata,BTech,Tier 3,Manufacturing,Mid-size,Male,9.3,29.0,4.31,7,2052365.0,435492.0,2487857.0
Backend Developer,Chennai,,Tier 2,IT Services,Mid-size,Male,9.7,34.0,3.57,8,1987295.0,331979.0,2319274.0
Backend Developer,Mumbai,BTech,Tier 3,E-Commerce,Mid-size,Male,4.4,25.0,3.5,4,1916839.0,330064.0,2246902.0
Data Scientist,Jaipur,MBA,Tier 2,EdTech,Mid-size,Female,0.8,24.0,3.55,2,1427559.0,213453.0,1641012.0
Financial Analyst,Delhi NCR,MBA,Tier 2,IT Services,Startup,Male,5.5,28.0,3.62,1,2032965.0,169266.0,2202231.0
Financial Analyst,Bangalore,BTech,Tier 2,Consulting,Startup,Male,4.2,26.0,3.64,4,1904069.0,290428.0,2194497.0
Business Analyst,Remote,BTech,Tier 3,IT Services,MNC,Male,4.1,25.0,3.19,1,1617462.0,178024.0,1795486.0
Financial Analyst,Bangalore,BTech,Tier 2,E-Commerce,Mid-size,Male,5.2,26.0,2.37,2,2634145.0,235330.0,2869476.0
AI Engineer,Pune,BTech,Tier 3,FinTech,Startup,Female,3.4,26.0,5.0,5,2451101.0,298405.0,2749506.0
Product Manager,Chennai,BTech,Tier 3,Manufacturing,Mid-size,Male,4.5,29.0,1.89,10,2188172.0,437050.0,2625223.0
Data Scientist,Remote,MBA,Tier 2,Manufacturing,MNC,Female,6.5,30.0,2.84,7,2606773.0,495268.0,3102041.0
HR Manager,Bangalore,MTech,Tier 3,FinTech,Mid-size,Male,6.6,32.0,3.76,5,2901492.0,482977.0,3384469.0
Backend Developer,Ahmedabad,BTech,Tier 3,Manufacturing,Startup,Female,4.6,26.0,,8,1239483.0,252327.0,1491810.0
Frontend Developer,Kolkata,BTech,Tier 2,E-Commerce,MNC,Female,6.9,29.0,2.8,5,2155236.0,201015.0,2356251.0
HR Manager,Delhi NCR,BTech,Tier 2,IT Services,MNC,Male,3.8,27.0,3.01,7,2363749.0,315756.0,2679505.0
DevOps Engineer,Bangalore,BTech,Tier 3,IT Services,MNC,Male,7.3,28.0,4.16,2,2839724.0,643758.0,3483482.0
Data Scientist,Delhi NCR,BTech,Tier 3,Consulting,Startup,Male,0.0,23.0,3.31,4,1602118.0,333532.0,1935650.0
Frontend Developer,Delhi NCR,MBA,Tier 1,Product Based,Startup,Male,11.4,34.0,2.83,8,3738333.0,575259.0,4313592.0
Marketing Manager,Chennai,BTech,Tier 2,Product Based,Mid-size,Male,11.3,32.0,2.94,7,2667638.0,294754.0,2962392.0
Data Scientist,Chennai,BTech,Tier 1,IT Services,MNC,Female,0.9,27.0,4.37,4,2411907.0,452019.0,2863926.0
Data Scientist,Remote,MTech,Tier 1,E-Commerce,Startup,Male,7.8,31.0,3.45,5,2835247.0,490660.0,3325907.0
AI Engineer,Hyderabad,MBA,Tier 3,E-Commerce,MNC,Female,11.1,34.0,2.72,10,4033777.0,729547.0,4763324.0
Product Manager,Pune,BTech,Tier 3,EdTech,Startup,Male,6.2,31.0,4.32,5,2208336.0,388964.0,2597300.0
Financial Analyst,Bangalore,BTech,Tier 1,EdTech,MNC,Male,8.6,35.0,3.22,5,2751994.0,294980.0,3046974.0
Data Analyst,Ahmedabad,BTech,Tier 2,EdTech,MNC,Male,7.1,29.0,2.15,6,1433239.0,271407.0,1704646.0
Marketing Manager,Hyderabad,BTech,Tier 3,E-Commerce,Startup,Male,8.1,31.0,4.01,4,1658398.0,300022.0,1958420.0
DevOps Engineer,Chennai,BTech,Tier 2,Product Based,MNC,Male,5.4,28.0,2.71,7,3254457.0,401462.0,3655919.0
Business Analyst,Ahmedabad,,Tier 2,Manufacturing,Startup,Male,9.2,32.0,5.0,5,1638446.0,401131.0,2039577.0
Frontend Developer,Bangalore,BTech,Tier 3,Manufacturing,Startup,Female,6.6,30.0,3.15,6,1631764.0,308092.0,1939856.0
Chartered Accountant,Delhi NCR,BTech,Tier 2,FinTech,MNC,Female,11.2,33.0,2.48,5,3627031.0,705257.0,4332289.0
Chartered Accountant,Kolkata,MBA,Tier 2,Manufacturing,MNC,Male,4.1,26.0,4.89,6,2528819.0,327614.0,2856433.0
Data Analyst,Chennai,MTech,Tier 3,Manufacturing,Startup,Male,3.5,27.0,3.76,5,1222873.0,248474.0,1471346.0
DevOps Engineer,Pune,MTech,Tier 3,Consulting,Mid-size,Male,8.0,32.0,4.58,7,2678637.0,509878.0,3188515.0
Backend Developer,Ahmedabad,BTech,Tier 3,Consulting,MNC,Male,10.2,29.0,2.07,2,1835325.0,346997.0,2182322.0
HR Manager,Jaipur,BTech,Tier 2,Product Based,Mid-size,Male,6.9,28.0,3.23,5,1887340.0,120576.0,2007915.0
Data Analyst,Remote,BTech,Tier 3,FinTech,MNC,Male,1.4,22.0,3.51,4,1824077.0,238258.0,2062335.0
AI Engineer,Jaipur,PhD,Tier 2,IT Services,Startup,Male,7.6,29.0,2.97,6,2206364.0,289668.0,2496032.0
Software Engineer,Bangalore,BTech,Tier 2,Product Based,Mid-size,Male,5.1,25.0,3.11,8,3346997.0,417581.0,3764578.0
Software Engineer,Ahmedabad,MTech,Tier 1,FinTech,Mid-size,Male,0.0,22.0,1.96,4,1716610.0,155956.0,1872567.0
Backend Developer,Delhi NCR,BTech,Tier 3,Consulting,Mid-size,Female,6.1,31.0,3.0,3,2160747.0,254571.0,2415318.0
Backend Developer,Pune,MTech,Tier 3,Manufacturing,Mid-size,Male,6.9,28.0,2.9,4,1764446.0,364571.0,2129017.0
Backend Developer,Hyderabad,BTech,Tier 2,FinTech,Mid-size,Male,9.2,33.0,4.4,5,2779132.0,223350.0,3002482.0
Software Engineer,Ahmedabad,MBA,Tier 2,Manufacturing,MNC,Male,8.5,30.0,3.68,1,2290063.0,382844.0,2672907.0
Product Manager,Pune,MTech,Tier 1,IT Services,Mid-size,Male,4.0,27.0,4.21,2,3373211.0,205876.0,3579087.0
Product Manager,Jaipur,BTech,Tier 1,FinTech,Mid-size,Male,4.7,27.0,3.28,3,2948679.0,354367.0,3303046.0
Backend Developer,Delhi NCR,BTech,Tier 1,FinTech,Startup,Male,5.9,30.0,5.0,4,2989037.0,154792.0,3143829.0
Product Manager,Kolkata,BTech,Tier 2,Manufacturing,Mid-size,Male,3.4,24.0,2.98,3,1698442.0,188737.0,1887179.0
AI Engineer,Remote,BTech,Tier 2,E-Commerce,Mid-size,Female,10.1,33.0,3.27,4,2588199.0,501826.0,3090025.0
Chartered Accountant,Hyderabad,BTech,Tier 3,E-Commerce,Startup,Male,10.9,32.0,2.85,3,2365487.0,266620.0,2632107.0
Data Analyst,Mumbai,BTech,Tier 2,Manufacturing,Mid-size,Male,2.6,23.0,2.95,3,1207734.0,99301.0,1307035.0
Frontend Developer,Chennai,MTech,Tier 2,FinTech,MNC,Female,5.2,30.0,3.18,5,2987474.0,535318.0,3522792.0
Marketing Manager,Jaipur,MTech,Tier 1,IT Services,MNC,Male,6.5,32.0,3.85,5,2499413.0,292846.0,2792259.0
DevOps Engineer,Ahmedabad,BTech,Tier 1,E-Commerce,MNC,Female,8.0,30.0,4.15,7,3017853.0,281049.0,3298902.0
Data Scientist,Remote,BTech,Tier 3,FinTech,Mid-size,Male,7.6,32.0,3.08,4,2081154.0,135325.0,2216479.0
Financial Analyst,Remote,BTech,Tier 2,Manufacturing,MNC,Female,6.8,29.0,2.83,7,2070880.0,474861.0,2545742.0
Business Analyst,Chennai,BTech,Tier 2,FinTech,Mid-size,Male,0.0,24.0,2.24,7,1641150.0,127269.0,1768420.0
Marketing Manager,Chennai,BTech,Tier 2,E-Commerce,Mid-size,Male,6.7,33.0,3.11,3,1952749.0,395586.0,2348334.0
Chartered Accountant,Remote,BTech,Tier 1,Product Based,MNC,Male,6.2,33.0,3.93,5,3555186.0,272885.0,3828072.0
DevOps Engineer,Hyderabad,MTech,Tier 1,Product Based,Mid-size,Male,7.0,29.0,3.64,3,3771003.0,231507.0,4002510.0
Data Scientist,Chennai,BTech,Tier 1,IT Services,Mid-size,Male,3.9,27.0,4.32,4,2027564.0,334988.0,2362552.0
DevOps Engineer,Bangalore,PhD,Tier 3,Manufacturing,Mid-size,Male,5.6,28.0,2.9,4,2276035.0,157725.0,2433760.0
Chartered Accountant,Remote,BTech,Tier 3,EdTech,Mid-size,Male,8.4,32.0,,2,1647251.0,136411.0,1783663.0
Frontend Developer,Bangalore,BTech,Tier 2,FinTech,MNC,Male,6.0,31.0,4.16,10,3674621.0,791537.0,4466157.0
Financial Analyst,Ahmedabad,BTech,Tier 3,E-Commerce,Mid-size,Male,4.1,28.0,4.01,6,1316873.0,123090.0,1439963.0
Data Analyst,Kolkata,BTech,Tier 3,IT Services,MNC,Male,9.0,32.0,4.67,13,2097560.0,116294.0,2213854.0
AI Engineer,Jaipur,BTech,Tier 1,Manufacturing,Mid-size,Male,9.5,32.0,4.33,6,2297978.0,362923.0,2660901.0
Chartered Accountant,Delhi NCR,BTech,Tier 3,EdTech,Startup,Male,1.3,25.0,2.63,6,1279502.0,168913.0,1448415.0
Frontend Developer,Mumbai,BTech,Tier 1,E-Commerce,Mid-size,Male,11.0,33.0,,6,3052559.0,638466.0,3691025.0
Marketing Manager,Chennai,BTech,Tier 3,EdTech,Mid-size,Male,3.9,30.0,3.67,4,1338901.0,189692.0,1528594.0
Chartered Accountant,Jaipur,BTech,Tier 3,IT Services,Mid-size,Male,2.2,24.0,3.36,9,1285695.0,92542.0,1378236.0
Data Analyst,Delhi NCR,BTech,Tier 3,Product Based,Mid-size,Female,6.3,27.0,3.26,4,1964708.0,248157.0,2212864.0
Marketing Manager,Pune,BTech,Tier 1,E-Commerce,Startup,Male,7.0,33.0,1.68,4,2123380.0,158758.0,2282138.0
Business Analyst,Remote,BTech,Tier 2,FinTech,MNC,Male,11.3,34.0,3.78,3,2604216.0,301019.0,2905235.0
Software Engineer,Remote,MBA,Tier 1,IT Services,Mid-size,Male,11.5,31.0,3.36,4,2472606.0,608195.0,3080801.0
Data Analyst,Bangalore,MBA,Tier 3,IT Services,MNC,Male,11.6,36.0,3.24,5,2508369.0,405426.0,2913795.0
Software Engineer,Jaipur,MBA,Tier 3,E-Commerce,Mid-size,Male,1.5,23.0,3.77,7,1787042.0,400594.0,2187635.0
Chartered Accountant,Jaipur,BTech,Tier 2,FinTech,Mid-size,Male,9.7,34.0,2.59,1,2031585.0,434353.0,2465938.0
Software Engineer,Ahmedabad,BTech,Tier 2,FinTech,MNC,Male,4.2,27.0,2.79,4,2162094.0,455765.0,2617859.0
Product Manager,Pune,BTech,Tier 3,Manufacturing,Mid-size,Male,9.0,29.0,4.16,4,1933617.0,237930.0,2171547.0
Data Scientist,Mumbai,BTech,Tier 2,Product Based,Startup,Male,7.2,31.0,3.44,3,2839868.0,265023.0,3104891.0
Data Scientist,Ahmedabad,BTech,Tier 2,Product Based,Mid-size,Male,16.6,38.0,3.45,4,2655340.0,372524.0,3027864.0
Frontend Developer,Chennai,MBA,Tier 2,Consulting,MNC,Male,10.6,33.0,,3,3002895.0,592822.0,3595717.0
Backend Developer,Pune,BTech,Tier 1,E-Commerce,Mid-size,Male,1.3,22.0,,6,2297787.0,294266.0,2592053.0
Backend Developer,Kolkata,BTech,Tier 3,Product Based,MNC,Male,7.0,32.0,4.07,5,2552474.0,371125.0,2923599.0
Backend Developer,Hyderabad,BTech,Tier 2,IT Services,MNC,Male,3.5,24.0,2.76,7,2234556.0,346930.0,2581486.0
Marketing Manager,Remote,MBA,Tier 1,Manufacturing,Mid-size,Male,7.5,33.0,3.65,6,2194317.0,419705.0,2614022.0
Business Analyst,Chennai,MBA,Tier 2,E-Commerce,MNC,Male,4.2,26.0,3.58,8,2679253.0,574013.0,3253266.0
Financial Analyst,Delhi NCR,MTech,Tier 2,IT Services,Startup,Male,6.3,28.0,4.71,2,2245828.0,280073.0,2525902.0
DevOps Engineer,Mumbai,MTech,Tier 3,Product Based,MNC,Male,4.7,27.0,3.48,7,3783670.0,222687.0,4006357.0
Chartered Accountant,Chennai,MTech,Tier 3,E-Commerce,Startup,Male,10.8,36.0,3.92,6,2442793.0,527180.0,2969973.0
Chartered Accountant,Bangalore,BTech,Tier 1,FinTech,Mid-size,Male,3.0,25.0,3.21,5,3135699.0,526472.0,9678008.180606946
Product Manager,Remote,BTech,Tier 2,FinTech,MNC,Male,8.5,31.0,2.46,7,3627366.0,233625.0,3860991.0
Chartered Accountant,Kolkata,PhD,Tier 2,Manufacturing,MNC,Male,9.6,30.0,3.02,8,2838901.0,366183.0,3205084.0
Software Engineer,Jaipur,BTech,Tier 3,Consulting,Mid-size,Female,5.6,28.0,3.6,7,1507573.0,104374.0,1611947.0
Data Analyst,Mumbai,BTech,Tier 1,Manufacturing,MNC,Female,7.2,28.0,5.0,4,2394919.0,443904.0,2838824.0
Product Manager,Ahmedabad,PhD,Tier 2,IT Services,Mid-size,Female,15.1,39.0,3.88,12,3311218.0,404712.0,3715930.0
Business Analyst,Hyderabad,,Tier 2,Consulting,Mid-size,Female,1.6,27.0,4.56,5,1792491.0,353524.0,2146015.0
Software Engineer,Hyderabad,BTech,Tier 1,Consulting,Startup,Male,10.3,33.0,4.15,1,2665847.0,420016.0,3085863.0
Product Manager,Kolkata,BTech,Tier 3,Manufacturing,MNC,Female,3.0,26.0,3.16,5,2105645.0,208494.0,2314138.0
Marketing Manager,Delhi NCR,,Tier 3,Manufacturing,MNC,Male,3.8,29.0,4.51,3,2267295.0,495837.0,2763132.0
Marketing Manager,Jaipur,BTech,Tier 2,IT Services,MNC,Female,10.0,32.0,2.53,3,1797100.0,318985.0,2116085.0
Financial Analyst,Delhi NCR,MTech,Tier 2,E-Commerce,Mid-size,Male,0.0,25.0,3.8,6,1764007.0,313965.0,2077972.0
HR Manager,Remote,BTech,Tier 2,EdTech,MNC,Male,0.0,26.0,4.65,2,1311450.0,254464.0,1565914.0
DevOps Engineer,Jaipur,BTech,Tier 1,Manufacturing,Mid-size,Male,1.5,23.0,4.18,6,1660496.0,179791.0,1840287.0
Frontend Developer,Bangalore,MBA,Tier 2,EdTech,Startup,Male,2.0,26.0,2.95,4,1806235.0,306014.0,2112249.0
Financial Analyst,Mumbai,BTech,Tier 3,Manufacturing,Startup,Female,0.0,21.0,3.53,6,801239.0,199233.0,1000472.0
Data Analyst,Delhi NCR,MBA,Tier 2,Consulting,Startup,Female,0.0,26.0,3.28,4,1522917.0,99421.0,1622338.0
Product Manager,Chennai,MTech,Tier 2,Consulting,Mid-size,Male,8.8,31.0,4.5,5,3343837.0,430833.0,3774670.0
Business Analyst,Delhi NCR,MTech,Tier 1,IT Services,Mid-size,Male,0.0,23.0,3.83,1,1533971.0,359503.0,1893474.0
Frontend Developer,Remote,BTech,Tier 1,FinTech,MNC,Male,2.7,26.0,1.62,6,2531582.0,245942.0,2777524.0
HR Manager,Chennai,BTech,Tier 3,Manufacturing,Startup,Male,8.4,30.0,2.2,1,1243523.0,182966.0,1426490.0
Marketing Manager,Mumbai,BTech,Tier 1,E-Commerce,Startup,Male,7.5,31.0,3.31,6,2613609.0,436622.0,3050232.0
HR Manager,Jaipur,BTech,Tier 2,Manufacturing,Mid-size,Male,7.8,29.0,4.11,7,1362703.0,99655.0,1462358.0
Data Analyst,Kolkata,MTech,Tier 3,EdTech,Mid-size,Male,0.0,23.0,4.84,5,771089.0,93368.0,864456.0
Data Scientist,Kolkata,BTech,Tier 3,IT Services,Mid-size,Male,0.0,24.0,3.13,8,1213503.0,200840.0,1414342.0
Data Scientist,Hyderabad,BTech,Tier 2,Consulting,MNC,Female,9.8,32.0,2.92,1,2705409.0,276329.0,2981739.0
Frontend Developer,Remote,BTech,Tier 2,Consulting,MNC,Male,8.0,33.0,2.81,4,2531998.0,171972.0,2703971.0
Backend Developer,Bangalore,BTech,Tier 2,FinTech,Mid-size,Male,6.5,32.0,3.22,6,2619424.0,255418.0,2874842.0
Product Manager,Ahmedabad,BTech,Tier 2,Manufacturing,Startup,Female,4.2,26.0,1.6,6,1653263.0,227112.0,1880375.0
Chartered Accountant,Kolkata,BTech,Tier 2,Consulting,Startup,Female,3.6,25.0,1.87,1,1238799.0,238803.0,1477602.0
Software Engineer,Mumbai,BTech,Tier 3,E-Commerce,MNC,Male,2.9,29.0,3.35,5,2666242.0,211207.0,2877449.0
Backend Developer,Ahmedabad,BTech,Tier 2,E-Commerce,MNC,Male,6.6,28.0,4.92,4,2551702.0,590451.0,3142153.0
Product Manager,Ahmedabad,MBA,Tier 3,IT Services,MNC,Male,4.2,29.0,2.54,4,2485079.0,617126.0,3102205.0
Data Scientist,Kolkata,BTech,Tier 2,FinTech,Startup,Male,0.0,21.0,2.59,9,1980137.0,225848.0,2205985.0
Chartered Accountant,Kolkata,BTech,Tier 2,Manufacturing,Startup,Male,9.5,30.0,4.19,7,1610891.0,398442.0,2009333.0
Data Scientist,Ahmedabad,BTech,Tier 3,E-Commerce,Startup,Male,4.0,28.0,4.16,1,1649408.0,191796.0,1841204.0
AI Engineer,Kolkata,BTech,Tier 3,FinTech,Startup,Male,3.1,26.0,4.05,6,2112937.0,117573.0,2230509.0
Data Analyst,Chennai,MBA,Tier 2,FinTech,Mid-size,Male,6.4,27.0,4.0,5,2472474.0,492002.0,2964476.0
AI Engineer,Mumbai,,Tier 1,IT Services,Mid-size,Male,0.6,27.0,4.83,4,2694779.0,489330.0,3184109.0
Data Scientist,Bangalore,MBA,Tier 1,Product Based,Mid-size,Male,8.2,29.0,3.52,8,4807183.0,1094467.0,5901651.0
Business Analyst,Hyderabad,BTech,Tier 3,E-Commerce,Startup,Female,0.7,25.0,3.15,8,1031004.0,170336.0,1201340.0
Backend Developer,Jaipur,MBA,Tier 1,Consulting,Startup,Female,7.0,29.0,4.66,6,2168294.0,432177.0,2600471.0
Backend Developer,Chennai,MBA,Tier 3,FinTech,Startup,Male,0.0,26.0,3.25,7,1733146.0,135075.0,1868221.0
Data Scientist,Mumbai,BTech,Tier 2,Product Based,Mid-size,Male,11.9,32.0,3.02,6,3201978.0,275013.0,3476991.0
AI Engineer,Jaipur,BTech,Tier 1,FinTech,MNC,Male,12.4,33.0,3.63,3,3598585.0,537733.0,4136317.0
Software Engineer,Bangalore,MBA,Tier 1,EdTech,Mid-size,Female,3.7,26.0,3.0,1,2384017.0,445677.0,2829694.0
Data Analyst,Chennai,MBA,Tier 2,Manufacturing,Mid-size,Male,8.1,31.0,2.74,3,1666881.0,243521.0,1910402.0
Software Engineer,Jaipur,MTech,Tier 2,Product Based,Startup,Male,10.6,38.0,3.73,8,2329018.0,431302.0,2760320.0
Financial Analyst,Kolkata,BTech,Tier 2,Manufacturing,MNC,Male,4.5,28.0,3.33,12,1853057.0,392414.0,2245471.0
Marketing Manager,Kolkata,BTech,Tier 3,E-Commerce,Startup,Male,1.7,23.0,3.52,6,1531665.0,247679.0,1779344.0
AI Engineer,Ahmedabad,BTech,Tier 3,Consulting,MNC,Male,14.1,39.0,3.6,4,2505465.0,406038.0,2911503.0
Financial Analyst,Chennai,BTech,Tier 3,Product Based,MNC,Female,2.8,23.0,3.65,4,2121460.0,132548.0,2254008.0
Frontend Developer,Mumbai,BTech,Tier 2,IT Services,Startup,Male,0.0,24.0,2.72,6,1468650.0,178374.0,1647024.0
AI Engineer,Mumbai,BTech,Tier 1,E-Commerce,Mid-size,Female,2.8,27.0,5.0,6,3539328.0,473961.0,4013289.0
Product Manager,Remote,PhD,Tier 1,Manufacturing,MNC,Female,5.1,26.0,2.36,4,3514323.0,203842.0,3718165.0
Product Manager,Pune,MBA,Tier 3,Consulting,MNC,Male,11.8,35.0,2.59,6,3772714.0,335532.0,4108246.0
HR Manager,Jaipur,BTech,Tier 3,EdTech,MNC,Male,7.1,30.0,5.0,5,1661846.0,110443.0,1772289.0
Business Analyst,Ahmedabad,BTech,Tier 2,IT Services,Startup,Female,8.1,28.0,2.79,4,1260447.0,205495.0,1465942.0
Product Manager,Delhi NCR,BTech,Tier 3,Product Based,MNC,Male,4.1,25.0,4.83,4,4148207.0,699249.0,4847456.0
Data Analyst,Pune,BTech,Tier 3,FinTech,Mid-size,Female,7.0,26.0,3.35,6,1925342.0,122491.0,2047833.0
DevOps Engineer,Remote,BTech,Tier 3,Manufacturing,Startup,Male,0.7,26.0,2.12,6,1431534.0,121972.0,1553506.0
HR Manager,Remote,BTech,Tier 2,IT Services,Startup,Female,12.4,36.0,2.74,2,1560443.0,239732.0,1800175.0
DevOps Engineer,Chennai,BTech,Tier 2,E-Commerce,Startup,Female,0.0,24.0,3.43,7,1777899.0,267375.0,2045274.0
HR Manager,Remote,BTech,Tier 3,Consulting,MNC,Male,2.7,29.0,2.83,2,1818908.0,134316.0,1953224.0
Chartered Accountant,Pune,MTech,Tier 2,EdTech,Mid-size,Male,5.4,31.0,2.69,9,2010039.0,289360.0,2299399.0
Software Engineer,Mumbai,BTech,Tier 3,FinTech,Mid-size,Male,0.0,22.0,1.89,4,1494786.0,325366.0,1820152.0
Backend Developer,Kolkata,BTech,Tier 3,FinTech,Startup,Male,9.5,26.0,2.57,5,1885093.0,235613.0,2120706.0
AI Engineer,Ahmedabad,BTech,Tier 3,Manufacturing,MNC,Female,7.5,34.0,4.3,2,1894313.0,191777.0,2086089.0
Data Analyst,Jaipur,BTech,Tier 3,EdTech,MNC,Female,6.4,32.0,2.3,4,1177341.0,89513.0,1266855.0
HR Manager,Bangalore,MBA,Tier 3,E-Commerce,Mid-size,Male,8.9,35.0,4.4,8,2893538.0,413876.0,3307413.0
Frontend Developer,Ahmedabad,MTech,Tier 3,Manufacturing,Startup,Female,3.1,26.0,3.45,4,1251197.0,241383.0,1492580.0
AI Engineer,Kolkata,MTech,Tier 3,IT Services,Startup,Male,9.2,30.0,4.73,5,2310817.0,293601.0,2604418.0
Financial Analyst,Remote,BTech,Tier 2,E-Commerce,MNC,Male,6.9,29.0,2.91,7,2324673.0,339138.0,2663811.0
Chartered Accountant,Hyderabad,BTech,Tier 3,Manufacturing,Startup,Female,6.1,27.0,3.68,5,1562599.0,379192.0,1941791.0
Data Scientist,Pune,BTech,Tier 2,Product Based,MNC,Female,4.6,30.0,4.22,6,3302462.0,368035.0,3670497.0
Financial Analyst,Jaipur,BTech,Tier 2,EdTech,Startup,Male,5.3,29.0,3.25,7,1095970.0,175887.0,1271857.0
Data Scientist,Mumbai,BTech,Tier 1,Manufacturing,Mid-size,Female,8.2,28.0,3.55,1,2282434.0,138803.0,2421237.0
DevOps Engineer,Kolkata,BTech,Tier 1,Consulting,Mid-size,Male,8.1,32.0,4.0,7,2673794.0,374276.0,8055125.332777366
Data Analyst,Kolkata,MTech,Tier 2,Manufacturing,Startup,Male,5.5,29.0,2.16,2,1005358.0,212377.0,1217735.0
Financial Analyst,Mumbai,BTech,Tier 3,FinTech,Startup,Female,9.2,32.0,3.8,5,2190712.0,401620.0,2592332.0
Data Scientist,Kolkata,BTech,Tier 3,E-Commerce,MNC,Male,11.0,36.0,3.28,6,2630667.0,417633.0,3048300.0
Marketing Manager,Ahmedabad,MTech,Tier 3,Consulting,MNC,Male,0.0,22.0,3.03,9,1705630.0,174638.0,1880267.0
DevOps Engineer,Remote,,Tier 2,FinTech,MNC,Male,0.0,20.0,2.93,2,1782724.0,348738.0,2131462.0
Software Engineer,Hyderabad,MBA,Tier 3,Product Based,MNC,Male,10.1,36.0,3.43,6,4035046.0,615982.0,4651029.0
Product Manager,Ahmedabad,,Tier 1,Manufacturing,MNC,Male,2.4,27.0,2.81,7,2526685.0,300049.0,2826735.0
Data Analyst,Mumbai,BTech,Tier 1,FinTech,Mid-size,Female,3.3,25.0,2.03,5,2188608.0,339109.0,2527717.0
HR Manager,Remote,MTech,Tier 3,Product Based,MNC,Male,9.5,32.0,3.44,5,2804755.0,676868.0,3481623.0
Backend Developer,Hyderabad,BTech,Tier 2,FinTech,MNC,Male,8.9,32.0,3.17,2,2846047.0,196871.0,3042917.0
Backend Developer,Jaipur,MBA,Tier 3,Consulting,MNC,Male,5.8,32.0,4.01,3,1883030.0,354250.0,2237281.0
Data Analyst,Ahmedabad,BTech,Tier 2,Consulting,Mid-size,Male,9.7,32.0,3.93,4,1813938.0,417977.0,2231915.0
Backend Developer,Kolkata,BTech,Tier 2,FinTech,Startup,Female,4.0,28.0,,3,1838346.0,349481.0,2187827.0
Financial Analyst,Pune,,Tier 1,Consulting,Startup,Male,2.2,28.0,3.75,2,1688767.0,117178.0,1805945.0
Chartered Accountant,Kolkata,BTech,Tier 1,Manufacturing,MNC,Male,0.0,27.0,3.95,1,1313016.0,94785.0,1407801.0
Financial Analyst,Jaipur,BTech,Tier 2,E-Commerce,Startup,Male,4.9,28.0,4.28,5,1389276.0,105731.0,1495007.0
Business Analyst,Bangalore,BTech,Tier 3,EdTech,Mid-size,Female,4.7,26.0,3.28,6,1568929.0,291645.0,1860575.0
Backend Developer,Mumbai,PhD,Tier 2,Consulting,Startup,Male,3.2,25.0,2.35,6,2563276.0,564063.0,3127340.0
Backend Developer,Kolkata,BTech,Tier 3,IT Services,Startup,Female,4.2,27.0,3.41,5,1109076.0,224630.0,1333706.0
HR Manager,Mumbai,BTech,Tier 3,EdTech,Startup,Male,5.8,30.0,1.54,3,1260279.0,272964.0,1533244.0
Backend Developer,Ahmedabad,MBA,Tier 3,E-Commerce,Startup,Female,6.0,29.0,3.21,2,1438967.0,228037.0,1667003.0
Data Analyst,Delhi NCR,BTech,Tier 2,Consulting,MNC,Male,10.4,35.0,3.72,1,2504108.0,499936.0,3004044.0
HR Manager,Mumbai,MTech,Tier 2,EdTech,Startup,Male,7.9,27.0,2.2,4,2205843.0,484671.0,2690514.0
Frontend Developer,Kolkata,BTech,Tier 2,Manufacturing,Mid-size,Male,0.0,22.0,3.84,8,1001836.0,242028.0,1243863.0
Marketing Manager,Remote,BTech,Tier 2,IT Services,MNC,Male,2.8,26.0,2.77,3,1780169.0,406665.0,2186834.0
Financial Analyst,Chennai,BTech,Tier 2,FinTech,Mid-size,Male,2.7,24.0,4.09,2,1895135.0,141305.0,2036440.0
Data Scientist,Ahmedabad,BTech,Tier 3,FinTech,Startup,Male,0.0,23.0,3.79,5,1401407.0,316401.0,1717808.0
Business Analyst,Jaipur,MTech,Tier 3,Product Based,Mid-size,Male,2.6,26.0,3.13,6,1822439.0,430881.0,2253320.0
Backend Developer,Mumbai,,Tier 2,FinTech,Mid-size,Male,8.8,34.0,4.62,2,3324285.0,794619.0,4118904.0
Marketing Manager,Pune,BTech,Tier 3,EdTech,Startup,Male,5.1,28.0,2.16,3,1158142.0,132503.0,1290644.0
HR Manager,Remote,MTech,Tier 1,IT Services,Mid-size,Male,0.0,23.0,,3,1333402.0,191341.0,4029433.6958386647
Chartered Accountant,Bangalore,MTech,Tier 3,EdTech,Mid-size,Female,0.0,23.0,3.24,4,1356047.0,243924.0,1599971.0
AI Engineer,Hyderabad,MTech,Tier 2,FinTech,Mid-size,Female,0.9,24.0,4.26,4,2803996.0,462363.0,3266359.0
Data Scientist,Chennai,,Tier 2,Manufacturing,Startup,Male,2.8,26.0,3.88,5,1825905.0,217521.0,2043427.0
Product Manager,Delhi NCR,MTech,Tier 3,Consulting,Startup,Female,9.8,34.0,3.18,4,2772248.0,343302.0,3115550.0
DevOps Engineer,Pune,MBA,Tier 3,EdTech,Mid-size,Female,6.3,30.0,3.49,4,2182670.0,345794.0,2528465.0
Data Analyst,Jaipur,PhD,Tier 1,Manufacturing,Startup,Male,8.3,34.0,3.49,5,2033549.0,127599.0,2161148.0
Backend Developer,Hyderabad,BTech,Tier 1,IT Services,Mid-size,Male,7.7,31.0,4.67,6,2463667.0,221731.0,2685399.0
HR Manager,Kolkata,BTech,Tier 3,IT Services,Startup,Female,4.6,24.0,,7,1321089.0,271504.0,1592593.0
Product Manager,Delhi NCR,BTech,Tier 3,Manufacturing,MNC,Female,2.4,24.0,3.36,4,2543499.0,263352.0,2806851.0
DevOps Engineer,Jaipur,BTech,Tier 1,IT Services,Mid-size,Female,4.4,32.0,2.81,7,1749936.0,298309.0,2048245.0
AI Engineer,Bangalore,BTech,Tier 3,Manufacturing,Startup,Male,6.3,28.0,2.99,7,2609578.0,139135.0,2748712.0
Chartered Accountant,Mumbai,MBA,Tier 2,Consulting,Mid-size,Male,5.7,27.0,3.7,3,2908812.0,511858.0,3420670.0
Backend Developer,Delhi NCR,BTech,Tier 1,Manufacturing,Mid-size,Female,0.0,25.0,2.61,5,1579408.0,329878.0,1909286.0
Product Manager,Mumbai,BTech,Tier 3,IT Services,Mid-size,Male,0.9,24.0,4.0,3,1796983.0,113454.0,1910437.0
HR Manager,Chennai,BTech,Tier 3,EdTech,Mid-size,Male,6.9,32.0,2.94,3,1365385.0,231430.0,1596816.0
Business Analyst,Chennai,MBA,Tier 3,EdTech,Startup,Female,1.0,25.0,3.28,6,1122337.0,129047.0,1251384.0
Frontend Developer,Bangalore,MBA,Tier 3,EdTech,Mid-size,Female,12.1,33.0,4.18,9,2681761.0,373111.0,3054872.0
Data Analyst,Pune,BTech,Tier 3,Consulting,Mid-size,Female,6.8,34.0,3.61,8,1598081.0,90563.0,1688644.0
Software Engineer,Kolkata,BTech,Tier 1,Consulting,Startup,Female,4.0,25.0,2.66,5,2103699.0,438013.0,2541712.0
Marketing Manager,Bangalore,MTech,Tier 2,FinTech,Startup,Male,6.5,33.0,2.75,5,2751794.0,253377.0,3005172.0
Business Analyst,Remote,BTech,Tier 3,Product Based,Startup,Female,9.6,30.0,3.43,8,1684649.0,137341.0,1821990.0
Marketing Manager,Ahmedabad,BTech,Tier 2,Manufacturing,MNC,Female,2.3,24.0,3.39,3,1382170.0,91905.0,1474075.0
HR Manager,Jaipur,MTech,Tier 1,Product Based,Startup,Male,0.7,25.0,2.12,11,1895382.0,290704.0,2186086.0
Marketing Manager,Chennai,,Tier 2,E-Commerce,Mid-size,Male,7.0,29.0,3.94,1,2469486.0,255231.0,2724717.0
Data Scientist,Pune,MTech,Tier 3,IT Services,Mid-size,Male,1.8,23.0,1.0,6,1664348.0,282514.0,1946862.0
Software Engineer,Remote,BTech,Tier 1,FinTech,MNC,Male,1.2,24.0,3.56,1,2321386.0,225705.0,2547090.0
DevOps Engineer,Bangalore,MBA,Tier 3,FinTech,Startup,Male,4.4,27.0,3.35,6,3146047.0,516625.0,3662672.0
Marketing Manager,Chennai,BTech,Tier 2,FinTech,MNC,Male,0.0,22.0,2.57,6,1987514.0,349868.0,2337383.0
Business Analyst,Mumbai,MBA,Tier 3,Product Based,MNC,Male,7.6,31.0,2.53,4,3292909.0,675010.0,3967919.0
Chartered Accountant,Delhi NCR,BTech,Tier 2,IT Services,Startup,Male,1.5,26.0,3.56,2,1753506.0,359095.0,2112601.0
Financial Analyst,Remote,MTech,Tier 3,Product Based,Startup,Male,9.6,34.0,2.87,4,1885498.0,120141.0,5300296.094678358
HR Manager,Kolkata,BTech,Tier 2,Consulting,Startup,Male,1.8,26.0,3.81,4,1530942.0,331868.0,1862810.0
Financial Analyst,Delhi NCR,BTech,Tier 3,FinTech,Mid-size,Male,15.0,35.0,3.65,6,2780340.0,275991.0,3056331.0
AI Engineer,Bangalore,BTech,Tier 2,E-Commerce,Mid-size,Male,6.9,29.0,3.32,4,3272619.0,637947.0,3910566.0
Backend Developer,Remote,BTech,Tier 3,Product Based,MNC,Male,3.7,28.0,3.46,2,2245333.0,421141.0,2666473.0
DevOps Engineer,Ahmedabad,BTech,Tier 2,IT Services,MNC,Male,1.6,25.0,3.53,3,1857240.0,320306.0,2177547.0
Software Engineer,Kolkata,BTech,Tier 2,IT Services,MNC,Male,0.0,23.0,3.96,5,1677960.0,208768.0,1886728.0
DevOps Engineer,Bangalore,BTech,Tier 2,Product Based,Startup,Male,11.3,34.0,3.92,6,3439341.0,373505.0,3812846.0
Financial Analyst,Jaipur,MTech,Tier 2,FinTech,Mid-size,Male,4.6,33.0,4.84,1,2089038.0,247066.0,2336104.0
Product Manager,Remote,BTech,Tier 3,FinTech,Startup,Male,1.7,22.0,2.3,6,2429140.0,240193.0,2669333.0
Product Manager,Jaipur,BTech,Tier 1,Product Based,Mid-size,Male,2.0,24.0,1.72,2,2682522.0,146305.0,2828827.0
Data Scientist,Remote,BTech,Tier 3,Manufacturing,Startup,Male,9.2,30.0,2.13,6,1703726.0,232762.0,1936489.0
Frontend Developer,Pune,MBA,Tier 1,Consulting,Startup,Male,0.0,19.0,3.17,2,1820432.0,217499.0,2037931.0
Frontend Developer,Ahmedabad,BTech,Tier 3,IT Services,MNC,Male,1.5,25.0,3.46,5,1293535.0,224222.0,1517757.0
AI Engineer,Delhi NCR,PhD,Tier 3,E-Commerce,Mid-size,Female,5.8,25.0,3.07,4,3404376.0,414632.0,3819008.0
Software Engineer,Chennai,BTech,Tier 2,EdTech,Mid-size,Male,6.0,30.0,4.26,4,2036766.0,161760.0,2198525.0
Financial Analyst,Mumbai,PhD,Tier 2,Manufacturing,Mid-size,Female,7.4,30.0,3.75,5,2544442.0,127805.0,2672247.0
Product Manager,Pune,MBA,Tier 3,Manufacturing,MNC,Female,2.2,24.0,3.74,6,2685247.0,485950.0,3171198.0
DevOps Engineer,Kolkata,BTech,Tier 3,Product Based,Startup,Male,0.0,23.0,4.14,8,1652293.0,320410.0,1972702.0
DevOps Engineer,Pune,BTech,Tier 3,Consulting,Mid-size,Female,10.8,32.0,2.56,3,2138637.0,529954.0,2668591.0
Backend Developer,Bangalore,BTech,Tier 3,Product Based,Startup,Male,0.0,27.0,4.05,4,1532178.0,284294.0,1816472.0
AI Engineer,Chennai,MBA,Tier 3,Consulting,Startup,Male,6.7,29.0,2.77,5,2553421.0,580968.0,3134389.0
Product Manager,Delhi NCR,BTech,Tier 3,Consulting,Mid-size,Male,0.8,27.0,3.73,8,2637971.0,397139.0,3035110.0
HR Manager,Pune,BTech,Tier 3,Product Based,Startup,Female,5.2,26.0,3.74,7,2027966.0,423116.0,2451083.0
AI Engineer,Delhi NCR,BTech,Tier 3,Manufacturing,Mid-size,Male,3.3,30.0,3.07,3,1864457.0,367819.0,2232277.0
HR Manager,Jaipur,PhD,Tier 2,Consulting,MNC,Female,5.4,30.0,,10,2520751.0,486751.0,3007502.0
Software Engineer,Pune,BTech,Tier 1,IT Services,Startup,Male,8.4,28.0,2.45,4,2243412.0,204463.0,2447876.0
Chartered Accountant,Kolkata,BTech,Tier 2,EdTech,MNC,Female,2.6,27.0,4.57,5,1990067.0,433179.0,2423246.0
Chartered Accountant,Hyderabad,BTech,Tier 1,FinTech,MNC,Male,6.0,27.0,4.12,6,3924741.0,328172.0,4252912.0
Chartered Accountant,Remote,MTech,Tier 1,Consulting,Startup,Female,8.3,31.0,3.63,6,2481499.0,187091.0,7052274.689162766
Marketing Manager,Kolkata,MBA,Tier 3,Product Based,MNC,Female,9.1,33.0,2.98,8,2645113.0,608075.0,3253188.0
Data Analyst,Jaipur,PhD,Tier 2,EdTech,Startup,Female,8.8,34.0,1.92,5,1737624.0,123779.0,1861403.0
Financial Analyst,Delhi NCR,BTech,Tier 2,Product Based,MNC,Female,4.5,25.0,2.63,6,2819097.0,396571.0,3215668.0
Product Manager,Hyderabad,BTech,Tier 2,FinTech,Mid-size,Male,0.0,21.0,3.26,7,2798004.0,339617.0,3137621.0
AI Engineer,Jaipur,MBA,Tier 2,Product Based,MNC,Female,4.5,31.0,4.6,8,3431287.0,671521.0,4102808.0
Financial Analyst,Pune,BTech,Tier 2,Manufacturing,MNC,Male,1.1,23.0,3.51,6,1464985.0,76720.0,1541706.0
Chartered Accountant,Jaipur,BTech,Tier 3,E-Commerce,MNC,Female,3.2,27.0,3.98,6,1960262.0,359085.0,2319347.0
Chartered Accountant,Remote,BTech,Tier 1,FinTech,Mid-size,Male,8.2,33.0,4.45,10,3105276.0,450260.0,3555537.0
Software Engineer,Mumbai,MBA,Tier 2,IT Services,MNC,Male,4.2,29.0,3.5,5,2785826.0,358855.0,3144680.0
Product Manager,Jaipur,MTech,Tier 3,FinTech,Startup,Male,8.5,31.0,5.0,9,2621083.0,484857.0,3105940.0
Marketing Manager,Ahmedabad,BTech,Tier 2,IT Services,MNC,Male,0.0,23.0,3.31,4,1118623.0,156420.0,1275043.0
AI Engineer,Bangalore,MTech,Tier 3,FinTech,Startup,Male,5.5,28.0,3.62,6,3296764.0,337140.0,3633904.0
Financial Analyst,Hyderabad,BTech,Tier 3,Manufacturing,Mid-size,Female,3.7,24.0,3.03,3,1079631.0,115130.0,1194761.0
DevOps Engineer,Pune,BTech,Tier 3,Manufacturing,MNC,Male,0.0,26.0,4.67,3,1430888.0,183589.0,1614476.0
Marketing Manager,Ahmedabad,MTech,Tier 3,IT Services,Startup,Male,8.5,31.0,4.27,2,1469407.0,332699.0,1802106.0
AI Engineer,Jaipur,BTech,Tier 3,IT Services,MNC,Male,0.2,25.0,2.06,2,1350312.0,184536.0,1534848.0
Marketing Manager,Kolkata,BTech,Tier 3,Manufacturing,Mid-size,Male,6.8,28.0,3.18,5,1032351.0,250353.0,1282704.0
DevOps Engineer,Jaipur,MTech,Tier 2,Consulting,Mid-size,Male,5.1,33.0,2.3,3,1927192.0,469158.0,2396350.0
Frontend Developer,Remote,MTech,Tier 2,Consulting,MNC,Male,3.8,26.0,4.26,6,2565190.0,587190.0,3152380.0
DevOps Engineer,Chennai,BTech,Tier 2,EdTech,Startup,Female,15.9,38.0,2.45,5,1892315.0,288602.0,2180917.0
Data Scientist,Kolkata,MBA,Tier 2,EdTech,Startup,Male,6.1,28.0,4.27,7,2250285.0,167980.0,2418265.0
Frontend Developer,Mumbai,BTech,Tier 1,EdTech,MNC,Male,2.5,24.0,3.58,5,2786477.0,301316.0,3087793.0
Frontend Developer,Delhi NCR,BTech,Tier 3,FinTech,Startup,Male,7.0,29.0,3.4,4,2101702.0,417477.0,2519178.0
HR Manager,Remote,MTech,Tier 2,FinTech,MNC,Male,4.4,29.0,4.07,4,2736095.0,441403.0,3177498.0
Data Analyst,Chennai,BTech,Tier 2,Product Based,Startup,Male,4.0,28.0,2.49,10,2271539.0,150842.0,2422381.0
Marketing Manager,Delhi NCR,MTech,Tier 2,IT Services,Startup,Female,4.6,29.0,3.87,4,1778641.0,261255.0,2039896.0
Chartered Accountant,Hyderabad,BTech,Tier 2,Consulting,Startup,Male,0.0,25.0,2.32,4,1561307.0,174719.0,1736026.0
Chartered Accountant,Jaipur,MBA,Tier 2,Manufacturing,MNC,Male,6.2,28.0,3.88,8,2138872.0,227869.0,2366741.0
DevOps Engineer,Bangalore,BTech,Tier 3,FinTech,Startup,Male,0.0,21.0,2.83,7,1928778.0,427340.0,2356118.0
AI Engineer,Ahmedabad,BTech,Tier 2,IT Services,Startup,Female,9.2,31.0,2.15,5,1720316.0,251196.0,1971512.0
Backend Developer,Jaipur,PhD,Tier 2,E-Commerce,Startup,Female,2.0,23.0,2.8,11,2167630.0,380353.0,2547983.0
Data Scientist,Delhi NCR,MBA,Tier 1,FinTech,Mid-size,Male,3.9,27.0,3.41,2,3816099.0,859083.0,4675182.0
DevOps Engineer,Kolkata,MTech,Tier 3,Manufacturing,Startup,Female,6.7,31.0,3.49,9,1548438.0,78984.0,1627422.0
Financial Analyst,Ahmedabad,BTech,Tier 3,FinTech,Startup,Male,14.7,38.0,4.11,3,1880362.0,107027.0,1987389.0
Chartered Accountant,Jaipur,BTech,Tier 2,Manufacturing,Startup,Male,5.8,27.0,3.29,6,1557585.0,372952.0,1930537.0
Business Analyst,Ahmedabad,MTech,Tier 3,Consulting,Startup,Female,0.0,26.0,4.04,5,1044022.0,234700.0,1278722.0
HR Manager,Ahmedabad,MTech,Tier 2,Consulting,Startup,Female,2.2,25.0,4.19,5,1402191.0,112968.0,1515159.0
Software Engineer,Ahmedabad,BTech,Tier 1,Manufacturing,MNC,Male,7.8,33.0,2.75,3,2115147.0,151753.0,2266900.0
Software Engineer,Kolkata,MBA,Tier 1,E-Commerce,Mid-size,Male,6.0,27.0,2.88,4,2577856.0,145690.0,2723546.0
AI Engineer,Bangalore,MBA,Tier 3,Product Based,Startup,Male,4.1,27.0,,6,3525981.0,706453.0,4232434.0
Backend Developer,Chennai,MBA,Tier 2,E-Commerce,Startup,Male,4.7,26.0,4.65,6,2640531.0,373033.0,3013564.0
AI Engineer,Kolkata,BTech,Tier 2,IT Services,Startup,Male,3.8,26.0,5.0,9,2457499.0,537685.0,2995184.0
AI Engineer,Hyderabad,MTech,Tier 3,Manufacturing,MNC,Male,0.0,20.0,2.77,6,1936784.0,371107.0,2307891.0
AI Engineer,Bangalore,MBA,Tier 3,FinTech,MNC,Male,5.1,29.0,3.09,11,4796137.0,274791.0,5070928.0
Financial Analyst,Pune,BTech,Tier 3,EdTech,Startup,Male,0.0,21.0,2.08,6,740784.0,64741.0,805526.0
Business Analyst,Bangalore,BTech,Tier 2,FinTech,MNC,Male,8.3,32.0,3.04,3,2913278.0,706899.0,3620178.0
DevOps Engineer,Jaipur,BTech,Tier 2,Consulting,Startup,Male,8.2,34.0,2.66,3,1747061.0,214828.0,1961889.0
DevOps Engineer,Bangalore,MTech,Tier 3,FinTech,Mid-size,Male,5.2,28.0,2.8,3,2919987.0,287797.0,3207785.0
Business Analyst,Mumbai,MTech,Tier 3,FinTech,Startup,Female,6.9,30.0,3.81,8,2399368.0,492501.0,2891868.0
Financial Analyst,Mumbai,BTech,Tier 2,E-Commerce,Mid-size,Female,0.5,22.0,,4,1662821.0,291741.0,1954562.0
Frontend Developer,Remote,MTech,Tier 1,E-Commerce,Mid-size,Female,7.0,32.0,2.7,4,2726135.0,330448.0,3056583.0
Backend Developer,Bangalore,MTech,Tier 1,Product Based,Mid-size,Male,1.7,22.0,3.25,3,3199181.0,633766.0,3832947.0
Data Analyst,Remote,MBA,Tier 3,Manufacturing,Startup,Male,8.3,33.0,3.54,2,1311012.0,286894.0,1597906.0
Product Manager,Pune,,Tier 2,Consulting,MNC,Male,3.5,30.0,3.44,5,3782743.0,448611.0,4231354.0
Product Manager,Jaipur,,Tier 3,EdTech,MNC,Male,4.1,31.0,2.24,6,2457530.0,381617.0,2839147.0
Frontend Developer,Kolkata,BTech,Tier 1,EdTech,Startup,Male,3.6,25.0,2.08,3,1569259.0,310928.0,1880188.0
Backend Developer,Hyderabad,MTech,Tier 2,Product Based,Mid-size,Male,3.5,25.0,2.78,5,2700246.0,585654.0,3285900.0
Financial Analyst,Delhi NCR,MTech,Tier 2,Manufacturing,Mid-size,Male,5.2,32.0,3.91,5,1841885.0,299124.0,2141009.0
Business Analyst,Mumbai,BTech,Tier 3,Product Based,Mid-size,Male,7.1,27.0,,10,2606908.0,492069.0,3098977.0
Software Engineer,Pune,MBA,Tier 1,E-Commerce,Mid-size,Female,5.4,29.0,2.49,8,3180053.0,645241.0,3825294.0
Financial Analyst,Kolkata,BTech,Tier 2,IT Services,Mid-size,Male,2.3,25.0,2.65,5,1360407.0,210183.0,1570590.0
Chartered Accountant,Hyderabad,BTech,Tier 3,Product Based,Mid-size,Female,8.7,32.0,3.45,8,2421378.0,199877.0,2621255.0
Financial Analyst,Remote,MBA,Tier 3,Product Based,Mid-size,Male,5.4,30.0,4.42,4,2398690.0,407906.0,2806596.0
DevOps Engineer,Remote,BTech,Tier 3,Consulting,MNC,Male,6.7,29.0,3.1,4,2520827.0,525232.0,3046059.0
Financial Analyst,Mumbai,MBA,Tier 3,Consulting,MNC,Female,4.1,26.0,4.7,2,2277352.0,422894.0,2700246.0
Financial Analyst,Mumbai,MTech,Tier 1,FinTech,Mid-size,Male,4.1,28.0,2.91,4,3016090.0,194489.0,3210578.0
Data Scientist,Remote,MTech,Tier 1,IT Services,MNC,Male,15.7,42.0,3.03,7,3457965.0,405015.0,3862980.0
HR Manager,Hyderabad,BTech,Tier 1,IT Services,MNC,Male,0.0,21.0,4.62,6,1909501.0,154264.0,2063764.0
HR Manager,Jaipur,BTech,Tier 3,E-Commerce,Mid-size,Male,6.0,26.0,4.55,4,1410595.0,146373.0,1556968.0
Product Manager,Ahmedabad,MBA,Tier 3,E-Commerce,Startup,Male,2.7,26.0,3.02,4,2291556.0,194403.0,2485960.0
Business Analyst,Remote,MTech,Tier 2,EdTech,MNC,Male,7.8,28.0,3.39,2,2139687.0,280011.0,2419698.0
HR Manager,Bangalore,BTech,Tier 3,FinTech,MNC,Male,8.5,30.0,2.3,5,2856052.0,471969.0,3328021.0
DevOps Engineer,Ahmedabad,BTech,Tier 3,Consulting,Startup,Male,12.2,35.0,3.14,4,1824528.0,317124.0,2141652.0
Data Analyst,Jaipur,BTech,Tier 2,Product Based,Startup,Male,2.0,24.0,3.59,5,1622551.0,108131.0,1730682.0
Business Analyst,Pune,BTech,Tier 3,EdTech,MNC,Male,2.7,28.0,3.85,2,1299275.0,202577.0,1501852.0
Marketing Manager,Remote,,Tier 3,E-Commerce,Mid-size,Male,8.2,34.0,2.74,3,2162153.0,367259.0,2529412.0
Data Analyst,Bangalore,BTech,Tier 2,EdTech,MNC,Male,0.0,21.0,3.97,9,1871303.0,245727.0,2117030.0
AI Engineer,Kolkata,BTech,Tier 2,FinTech,MNC,Female,10.4,36.0,3.55,6,3354265.0,627566.0,3981831.0
Business Analyst,Chennai,BTech,Tier 3,Manufacturing,Startup,Female,7.9,31.0,4.01,7,1569254.0,99459.0,1668713.0
Chartered Accountant,Pune,MBA,Tier 2,Consulting,Mid-size,Female,2.5,28.0,3.87,6,2298414.0,454415.0,2752829.0
Product Manager,Chennai,BTech,Tier 1,IT Services,Startup,Male,8.2,27.0,3.79,1,2832684.0,440523.0,3273207.0
DevOps Engineer,Jaipur,BTech,Tier 3,EdTech,Startup,Male,3.3,27.0,4.39,4,1265305.0,307148.0,1572453.0
AI Engineer,Kolkata,BTech,Tier 2,FinTech,MNC,Male,4.9,25.0,4.31,4,3214431.0,705331.0,3919762.0
Data Scientist,Ahmedabad,BTech,Tier 1,EdTech,MNC,Female,8.6,34.0,3.13,4,2351109.0,534942.0,2886051.0
Chartered Accountant,Delhi NCR,MBA,Tier 1,FinTech,Startup,Female,3.8,23.0,3.92,9,3560852.0,182970.0,3743823.0
Product Manager,Chennai,PhD,Tier 3,E-Commerce,Startup,Male,4.3,25.0,1.99,4,3077660.0,539370.0,3617029.0
Business Analyst,Hyderabad,BTech,Tier 3,Product Based,Mid-size,Male,7.3,33.0,3.89,2,2132284.0,528271.0,2660555.0
DevOps Engineer,Delhi NCR,BTech,Tier 2,IT Services,Mid-size,Female,4.2,28.0,2.02,5,2131054.0,322778.0,2453832.0
Business Analyst,Chennai,BTech,Tier 3,Manufacturing,Mid-size,Female,5.9,27.0,3.83,2,1466029.0,317572.0,1783601.0
Data Scientist,Chennai,MBA,Tier 3,Manufacturing,MNC,Female,4.1,29.0,2.74,6,2342466.0,324284.0,2666751.0
Frontend Developer,Ahmedabad,BTech,Tier 2,Consulting,Startup,Female,5.6,27.0,4.25,5,1673163.0,137175.0,1810338.0
Data Analyst,Kolkata,BTech,Tier 2,IT Services,Mid-size,Male,5.6,26.0,5.0,1,1078147.0,149794.0,1227941.0
Software Engineer,Remote,BTech,Tier 3,E-Commerce,Mid-size,Female,3.5,21.0,4.07,5,1499982.0,253138.0,1753121.0
DevOps Engineer,Chennai,MTech,Tier 2,IT Services,MNC,Male,0.0,23.0,3.58,6,2096324.0,242500.0,2338823.0
Financial Analyst,Mumbai,BTech,Tier 1,Consulting,MNC,Male,1.3,22.0,4.75,3,2495602.0,450165.0,2945767.0
Business Analyst,Kolkata,MTech,Tier 2,E-Commerce,Startup,Male,8.2,26.0,2.88,4,1907088.0,195146.0,2102235.0
Business Analyst,Remote,BTech,Tier 1,Consulting,Mid-size,Male,0.0,25.0,2.96,3,1202520.0,295727.0,1498248.0
DevOps Engineer,Jaipur,MTech,Tier 2,Product Based,MNC,Male,9.0,34.0,2.78,2,2797462.0,438700.0,3236162.0
Frontend Developer,Chennai,BTech,Tier 1,Manufacturing,Mid-size,Male,8.5,33.0,3.32,11,2313847.0,481272.0,2795119.0
Backend Developer,Jaipur,PhD,Tier 2,E-Commerce,Startup,Male,8.2,34.0,1.46,7,1917183.0,309068.0,2226251.0
Data Analyst,Bangalore,BTech,Tier 2,EdTech,Mid-size,Male,8.0,30.0,5.0,3,1752783.0,217007.0,1969790.0
Data Analyst,Remote,MBA,Tier 2,Consulting,Startup,Male,12.8,34.0,3.46,5,2086410.0,483558.0,2569967.0
Financial Analyst,Delhi NCR,MTech,Tier 3,Manufacturing,Mid-size,Female,7.9,31.0,2.46,5,1916487.0,139631.0,2056118.0
DevOps Engineer,Remote,BTech,Tier 2,Product Based,Mid-size,Male,3.7,24.0,2.69,7,2087224.0,226511.0,2313736.0
Marketing Manager,Ahmedabad,BTech,Tier 2,EdTech,Startup,Male,0.0,23.0,5.0,5,1136454.0,173894.0,1310347.0
Business Analyst,Pune,BTech,Tier 3,EdTech,Startup,Male,0.0,24.0,3.3,2,821594.0,179417.0,1001010.0
Marketing Manager,Ahmedabad,BTech,Tier 2,E-Commerce,MNC,Male,4.1,28.0,3.21,4,1847929.0,106347.0,1954276.0
Financial Analyst,Chennai,BTech,Tier 1,EdTech,MNC,Female,0.0,25.0,3.08,8,1889361.0,391470.0,2280831.0
Financial Analyst,Bangalore,MBA,Tier 3,Manufacturing,Startup,Male,0.4,24.0,4.57,7,1604327.0,299672.0,1904000.0
Chartered Accountant,Mumbai,BTech,Tier 3,EdTech,MNC,Male,3.7,27.0,3.74,7,2136208.0,420213.0,2556422.0
Business Analyst,Hyderabad,BTech,Tier 3,IT Services,Mid-size,Male,4.0,28.0,3.86,9,1788246.0,147353.0,1935599.0
Business Analyst,Remote,MTech,Tier 1,Manufacturing,Mid-size,Male,6.2,29.0,3.69,4,1635124.0,183173.0,1818297.0
AI Engineer,Bangalore,,Tier 2,E-Commerce,Mid-size,Male,8.0,28.0,3.02,9,3374083.0,433729.0,3807812.0
Frontend Developer,Kolkata,PhD,Tier 3,Manufacturing,Startup,Female,0.0,21.0,2.88,5,951584.0,129700.0,1081284.0
DevOps Engineer,Remote,BTech,Tier 1,IT Services,MNC,Female,1.7,24.0,4.22,5,2324622.0,208660.0,2533281.0
AI Engineer,Mumbai,MTech,Tier 2,Manufacturing,Startup,Female,0.0,23.0,4.05,4,1603699.0,153717.0,1757416.0
Frontend Developer,Bangalore,BTech,Tier 2,IT Services,Startup,Female,6.3,32.0,4.38,7,2075523.0,504862.0,2580385.0
DevOps Engineer,Bangalore,BTech,Tier 2,EdTech,Mid-size,Male,5.0,29.0,2.83,8,2393569.0,175606.0,2569174.0
Chartered Accountant,Remote,MTech,Tier 2,Product Based,Startup,Male,0.7,25.0,,3,2130377.0,318453.0,2448830.0
DevOps Engineer,Chennai,BTech,Tier 2,Consulting,Startup,Female,2.0,22.0,3.9,5,1962872.0,406989.0,2369861.0
Software Engineer,Pune,BTech,Tier 3,Product Based,Startup,Male,4.6,26.0,2.51,5,2135506.0,298945.0,6433516.264884071
Frontend Developer,Delhi NCR,BTech,Tier 3,EdTech,Startup,Male,0.0,23.0,3.99,8,1360600.0,267820.0,1628421.0
Marketing Manager,Remote,BTech,Tier 3,E-Commerce,Mid-size,Female,2.9,25.0,2.73,3,1352917.0,307274.0,1660192.0
AI Engineer,Mumbai,BTech,Tier 1,E-Commerce,Mid-size,Male,7.2,32.0,3.87,6,3576059.0,205221.0,3781280.0
Business Analyst,Bangalore,MTech,Tier 2,Manufacturing,Startup,Male,5.9,29.0,,5,1622076.0,155078.0,1777154.0
Product Manager,Jaipur,PhD,Tier 2,Manufacturing,Startup,Male,6.9,30.0,3.16,4,2188986.0,113294.0,2302280.0
Data Analyst,Kolkata,BTech,Tier 3,IT Services,Startup,Male,12.0,39.0,3.75,8,1433399.0,73552.0,3982412.1887715342
AI Engineer,Pune,BTech,Tier 2,Product Based,Mid-size,Male,7.3,31.0,,5,3090181.0,505980.0,3596161.0
Software Engineer,Kolkata,BTech,Tier 3,IT Services,Startup,Male,9.4,31.0,4.54,6,1477970.0,243087.0,1721057.0
DevOps Engineer,Mumbai,BTech,Tier 3,Manufacturing,Mid-size,Male,2.9,29.0,2.01,4,1782835.0,272777.0,2055612.0
Marketing Manager,Chennai,,Tier 3,Consulting,Startup,Male,4.4,30.0,3.79,8,1845961.0,439573.0,2285534.0
Business Analyst,Ahmedabad,MTech,Tier 2,E-Commerce,Mid-size,Female,6.0,28.0,1.89,5,1562605.0,191940.0,1754546.0
Marketing Manager,Chennai,MTech,Tier 2,EdTech,Startup,Male,15.9,35.0,,6,2133794.0,405484.0,2539278.0
Frontend Developer,Remote,BTech,Tier 2,FinTech,MNC,Male,1.0,24.0,2.91,5,1838294.0,341531.0,2179825.0
Frontend Developer,Hyderabad,BTech,Tier 2,E-Commerce,Mid-size,Male,9.3,32.0,2.36,8,2461228.0,503745.0,2964973.0
HR Manager,Hyderabad,PhD,Tier 1,FinTech,Startup,Female,7.7,29.0,2.85,4,3197535.0,334822.0,3532357.0
HR Manager,Delhi NCR,MTech,Tier 2,Product Based,Mid-size,Male,4.2,28.0,3.05,5,2753146.0,154684.0,2907830.0
Frontend Developer,Chennai,,Tier 2,Manufacturing,MNC,Male,7.5,31.0,4.08,1,2161095.0,260619.0,2421714.0
Data Scientist,Kolkata,BTech,Tier 2,Product Based,Mid-size,Male,8.0,29.0,3.71,9,2570081.0,394954.0,2965036.0
Backend Developer,Kolkata,BTech,Tier 2,IT Services,MNC,Female,3.9,25.0,3.64,3,1927459.0,421227.0,6206868.002527787
Chartered Accountant,Ahmedabad,MTech,Tier 2,EdTech,MNC,Male,8.2,28.0,3.81,5,2191147.0,272016.0,2463163.0
Data Scientist,Hyderabad,BTech,Tier 1,FinTech,Mid-size,Male,6.1,29.0,4.21,8,3496387.0,741347.0,4237734.0
Data Analyst,Bangalore,BTech,Tier 3,E-Commerce,Mid-size,Male,0.6,20.0,2.76,3,1288411.0,78926.0,1367337.0
Data Analyst,Hyderabad,BTech,Tier 3,FinTech,Mid-size,Male,0.0,22.0,,3,980352.0,114694.0,1095046.0
Software Engineer,Kolkata,BTech,Tier 2,E-Commerce,MNC,Female,0.0,27.0,4.57,6,2060489.0,308489.0,2368978.0
Marketing Manager,Ahmedabad,BTech,Tier 2,EdTech,Startup,Male,1.9,24.0,4.59,6,1279733.0,234482.0,1514214.0
Marketing Manager,Bangalore,MTech,Tier 2,Consulting,MNC,Female,6.0,30.0,1.61,7,3166320.0,196431.0,3362751.0
DevOps Engineer,Ahmedabad,BTech,Tier 3,Manufacturing,Mid-size,Male,6.5,29.0,2.96,5,1462279.0,269889.0,1732169.0
Product Manager,Chennai,BTech,Tier 3,EdTech,MNC,Male,4.3,27.0,5.0,3,2754964.0,341832.0,3096796.0
Marketing Manager,Kolkata,BTech,Tier 1,Manufacturing,Startup,Male,1.7,27.0,1.86,3,1002852.0,73998.0,1076850.0
Chartered Accountant,Ahmedabad,MTech,Tier 3,Consulting,Startup,Male,12.3,33.0,4.49,10,2138949.0,297559.0,2436509.0
HR Manager,Bangalore,BTech,Tier 1,E-Commerce,Mid-size,Male,11.3,35.0,4.55,4,3040538.0,171440.0,3211978.0
Chartered Accountant,Jaipur,MTech,Tier 3,IT Services,MNC,Male,3.0,23.0,,7,1753220.0,264681.0,2017901.0
Product Manager,Hyderabad,,Tier 1,E-Commerce,Startup,Male,7.9,32.0,4.08,6,3747155.0,492515.0,4239670.0
Data Analyst,Kolkata,BTech,Tier 2,Consulting,MNC,Male,3.2,26.0,3.38,6,1972827.0,352268.0,2325095.0
Backend Developer,Hyderabad,BTech,Tier 2,Product Based,Startup,Male,6.1,31.0,3.96,3,2407593.0,562081.0,2969674.0
Business Analyst,Kolkata,,Tier 3,Product Based,MNC,Male,8.7,31.0,4.08,6,2054299.0,246046.0,2300345.0
Business Analyst,Ahmedabad,MTech,Tier 2,Product Based,MNC,Female,0.8,20.0,,3,2025871.0,238328.0,2264199.0
Financial Analyst,Jaipur,MBA,Tier 2,FinTech,Startup,Male,4.2,26.0,2.76,4,1931208.0,177850.0,2109058.0
HR Manager,Ahmedabad,BTech,Tier 1,Consulting,Startup,Male,4.5,24.0,4.0,6,2035945.0,485901.0,2521846.0
Financial Analyst,Hyderabad,MTech,Tier 3,FinTech,Mid-size,Male,2.1,25.0,4.13,4,1876375.0,258721.0,2135095.0
Chartered Accountant,Pune,BTech,Tier 3,Manufacturing,Mid-size,Female,7.7,29.0,,3,1556398.0,325869.0,1882267.0
DevOps Engineer,Hyderabad,,Tier 2,Manufacturing,MNC,Male,0.0,23.0,3.4,8,1693098.0,308787.0,2001884.0
Marketing Manager,Delhi NCR,PhD,Tier 2,IT Services,Startup,Male,6.9,32.0,3.71,4,2439911.0,186061.0,2625971.0
Marketing Manager,Jaipur,BTech,Tier 2,Consulting,Mid-size,Male,11.1,28.0,3.75,6,1704288.0,286676.0,1990964.0
Software Engineer,Delhi NCR,BTech,Tier 2,IT Services,Mid-size,Male,0.0,24.0,3.99,7,1717226.0,360472.0,2077698.0
DevOps Engineer,Jaipur,BTech,Tier 3,Manufacturing,Mid-size,Male,4.5,26.0,3.69,3,1362160.0,167800.0,1529960.0
Backend Developer,Pune,BTech,Tier 3,IT Services,Mid-size,Male,14.6,38.0,4.52,5,2065062.0,283263.0,2348325.0
Marketing Manager,Chennai,MTech,Tier 2,E-Commerce,Mid-size,Male,9.0,32.0,3.43,3,2344282.0,523385.0,2867667.0
Product Manager,Delhi NCR,BTech,Tier 2,EdTech,MNC,Male,11.7,33.0,4.59,5,3468310.0,552302.0,4020612.0
HR Manager,Chennai,BTech,Tier 3,FinTech,MNC,Male,3.9,26.0,4.06,2,2217451.0,433708.0,2651158.0
Marketing Manager,Pune,MBA,Tier 3,E-Commerce,Mid-size,Male,2.3,30.0,,5,2168331.0,219929.0,2388260.0
DevOps Engineer,Ahmedabad,,Tier 2,Manufacturing,Mid-size,Male,2.3,24.0,2.9,2,1840785.0,286142.0,2126927.0
Backend Developer,Hyderabad,MBA,Tier 1,EdTech,Mid-size,Male,3.8,29.0,3.36,4,2443032.0,397099.0,2840131.0
Marketing Manager,Jaipur,MTech,Tier 1,Consulting,Startup,Male,5.9,28.0,3.62,7,1946759.0,392224.0,2338983.0
Business Analyst,Chennai,MBA,Tier 2,Product Based,Mid-size,Male,6.9,31.0,2.77,5,2572103.0,319819.0,2891922.0
Product Manager,Bangalore,BTech,Tier 3,FinTech,Startup,Male,2.2,25.0,4.02,1,2857584.0,616042.0,3473626.0
Data Analyst,Jaipur,BTech,Tier 2,Manufacturing,MNC,Male,2.9,29.0,4.17,3,1270890.0,98268.0,1369158.0
Chartered Accountant,Remote,,Tier 1,E-Commerce,Mid-size,Male,5.4,26.0,3.66,10,2871679.0,386188.0,3257867.0
Chartered Accountant,Remote,MBA,Tier 3,Consulting,MNC,Male,2.5,29.0,3.43,6,2205125.0,460734.0,2665859.0
Software Engineer,Kolkata,MTech,Tier 3,E-Commerce,MNC,Male,3.9,26.0,3.06,10,2588498.0,645558.0,3234056.0
Financial Analyst,Jaipur,BTech,Tier 3,Manufacturing,Mid-size,Female,5.8,32.0,3.25,4,1036221.0,66027.0,1102248.0
DevOps Engineer,Jaipur,BTech,Tier 3,Manufacturing,MNC,Female,0.9,22.0,3.54,4,1083664.0,238180.0,1321844.0
AI Engineer,Remote,MBA,Tier 1,E-Commerce,Mid-size,Male,8.2,33.0,4.18,6,3595435.0,491760.0,4087194.0
Software Engineer,Delhi NCR,PhD,Tier 3,Consulting,MNC,Female,8.5,32.0,4.74,4,3479651.0,462653.0,3942304.0
Financial Analyst,Hyderabad,BTech,Tier 3,E-Commerce,Startup,Male,5.7,27.0,2.88,2,1762865.0,280904.0,2043769.0
Software Engineer,Kolkata,BTech,Tier 3,EdTech,Mid-size,Male,0.0,27.0,3.06,10,1089274.0,220200.0,1309473.0
Chartered Accountant,Hyderabad,MTech,Tier 3,Consulting,Mid-size,Male,5.8,31.0,3.31,3,2302658.0,419704.0,2722361.0
Backend Developer,Hyderabad,MBA,Tier 1,EdTech,Mid-size,Female,9.1,36.0,3.81,6,2661340.0,330259.0,2991599.0
Product Manager,Hyderabad,MTech,Tier 1,EdTech,Mid-size,Male,6.8,29.0,4.22,7,3920306.0,828737.0,4749043.0
Software Engineer,Jaipur,MTech,Tier 2,IT Services,MNC,Male,9.4,32.0,2.41,11,2453844.0,385027.0,2838871.0
Data Analyst,Hyderabad,BTech,Tier 3,EdTech,MNC,Male,3.9,26.0,4.49,5,2137274.0,517637.0,2654911.0
Marketing Manager,Mumbai,BTech,Tier 2,EdTech,MNC,Male,4.8,29.0,3.16,3,2370563.0,218592.0,2589155.0
Software Engineer,Delhi NCR,BTech,Tier 3,Product Based,Mid-size,Female,0.0,24.0,2.79,5,1506491.0,162052.0,1668543.0
Data Analyst,Hyderabad,BTech,Tier 2,E-Commerce,Startup,Female,0.0,25.0,3.96,5,1173003.0,233931.0,1406933.0
DevOps Engineer,Pune,MTech,Tier 3,EdTech,Startup,Male,8.4,33.0,4.59,2,1859082.0,98030.0,1957113.0
Financial Analyst,Pune,MBA,Tier 2,E-Commerce,Mid-size,Male,4.3,24.0,3.18,4,2538478.0,273534.0,2812012.0
Product Manager,Delhi NCR,MTech,Tier 3,FinTech,MNC,Male,0.0,24.0,3.95,10,3908722.0,593932.0,4502654.0
Business Analyst,Ahmedabad,MTech,Tier 3,Consulting,Mid-size,Male,10.5,32.0,2.5,1,1807051.0,98509.0,1905560.0
Frontend Developer,Hyderabad,BTech,Tier 3,FinTech,MNC,Male,9.9,33.0,2.79,6,3057687.0,217047.0,3274734.0
Business Analyst,Mumbai,BTech,Tier 1,IT Services,MNC,Male,8.2,31.0,2.16,3,2677787.0,326317.0,3004104.0
Chartered Accountant,Mumbai,BTech,Tier 2,E-Commerce,Mid-size,Male,10.8,34.0,2.95,5,2793121.0,245663.0,3038784.0
DevOps Engineer,Remote,BTech,Tier 2,Consulting,Mid-size,Male,6.6,29.0,2.98,4,2263935.0,259330.0,2523266.0
Data Scientist,Bangalore,MBA,Tier 3,IT Services,MNC,Male,4.5,24.0,2.33,6,2764809.0,659937.0,3424746.0
Data Scientist,Delhi NCR,MTech,Tier 2,Consulting,Mid-size,Male,1.8,22.0,2.61,9,2697160.0,455463.0,3152623.0
Business Analyst,Bangalore,MBA,Tier 3,Manufacturing,Startup,Female,1.6,24.0,2.72,8,1351005.0,132968.0,1483973.0
Backend Developer,Remote,BTech,Tier 3,IT Services,Startup,Male,4.1,28.0,2.11,3,1257598.0,207748.0,1465346.0
Software Engineer,Pune,MBA,Tier 1,Manufacturing,Mid-size,Male,5.0,27.0,5.0,2,2542073.0,337583.0,2879656.0
Business Analyst,Ahmedabad,BTech,Tier 2,EdTech,Mid-size,Male,3.2,28.0,2.67,5,1271629.0,307315.0,1578944.0
Marketing Manager,Pune,BTech,Tier 1,FinTech,Mid-size,Female,4.8,25.0,5.0,4,2219953.0,219296.0,2439249.0
Data Analyst,Chennai,MTech,Tier 3,IT Services,Startup,Male,2.4,25.0,4.74,9,1394053.0,131450.0,1525503.0
Financial Analyst,Hyderabad,BTech,Tier 2,EdTech,Startup,Male,6.7,32.0,3.16,6,1865982.0,172617.0,2038598.0
Business Analyst,Ahmedabad,BTech,Tier 2,Manufacturing,MNC,Male,6.4,28.0,4.61,2,1625096.0,338663.0,1963759.0
Data Analyst,Mumbai,MTech,Tier 3,IT Services,Startup,Male,2.6,22.0,2.25,5,1519511.0,379637.0,1899148.0
Financial Analyst,Kolkata,BTech,Tier 3,E-Commerce,MNC,Female,5.1,31.0,3.89,7,1850683.0,213357.0,2064040.0
Frontend Developer,Chennai,BTech,Tier 3,E-Commerce,Mid-size,Female,5.1,28.0,3.18,5,1820840.0,353139.0,2173979.0
Data Analyst,Remote,BTech,Tier 2,FinTech,MNC,Male,6.1,31.0,4.62,6,2452201.0,281055.0,2733256.0
Chartered Accountant,Ahmedabad,MBA,Tier 3,EdTech,Mid-size,Female,0.6,24.0,3.65,5,1375323.0,333067.0,1708390.0
Data Analyst,Chennai,BTech,Tier 3,EdTech,Mid-size,Male,2.3,27.0,3.0,4,1107702.0,172810.0,1280512.0
Data Analyst,Ahmedabad,PhD,Tier 3,Manufacturing,MNC,Male,4.8,26.0,4.14,5,1951731.0,342629.0,6063298.204605234
HR Manager,Delhi NCR,BTech,Tier 2,Consulting,MNC,Male,4.7,24.0,3.04,6,2180111.0,302906.0,2483017.0
Financial Analyst,Delhi NCR,MBA,Tier 2,Consulting,Startup,Female,5.1,28.0,4.04,8,2494414.0,150720.0,2645134.0
Frontend Developer,Pune,BTech,Tier 2,Product Based,MNC,Female,9.2,32.0,,7,3098577.0,547421.0,3645998.0
Data Analyst,Bangalore,BTech,Tier 2,IT Services,Startup,Female,5.2,29.0,2.63,5,1644935.0,343507.0,1988442.0
DevOps Engineer,Delhi NCR,BTech,Tier 3,Product Based,Startup,Male,9.0,32.0,5.0,4,2796797.0,603636.0,3400433.0
Chartered Accountant,Remote,MBA,Tier 2,E-Commerce,MNC,Female,0.0,21.0,3.12,3,2011154.0,444761.0,2455915.0
AI Engineer,Ahmedabad,BTech,Tier 3,Product Based,Mid-size,Male,1.1,24.0,2.34,3,2215913.0,215889.0,2431802.0
AI Engineer,Kolkata,MTech,Tier 2,Consulting,Startup,Male,5.5,31.0,2.13,3,2143833.0,291204.0,2435037.0
AI Engineer,Bangalore,,Tier 2,IT Services,Mid-size,Female,8.5,32.0,2.14,1,2652937.0,216390.0,2869327.0
Data Scientist,Kolkata,MBA,Tier 2,E-Commerce,MNC,Male,6.1,25.0,4.02,3,3132161.0,342237.0,3474398.0
Chartered Accountant,Pune,BTech,Tier 3,Product Based,MNC,Female,6.4,27.0,1.02,4,2732766.0,601342.0,3334107.0
Software Engineer,Delhi NCR,MTech,Tier 2,E-Commerce,MNC,Male,2.1,25.0,3.8,7,3049376.0,355863.0,3405239.0
Data Analyst,Bangalore,BTech,Tier 1,Product Based,Startup,Male,4.9,28.0,2.94,5,2688222.0,226795.0,2915017.0
Software Engineer,Chennai,BTech,Tier 2,Manufacturing,MNC,Male,10.1,30.0,2.5,1,2175357.0,350572.0,2525929.0
Frontend Developer,Ahmedabad,MTech,Tier 3,Manufacturing,MNC,Male,7.7,31.0,2.78,6,1746605.0,394033.0,2140638.0
AI Engineer,Delhi NCR,BTech,Tier 3,IT Services,MNC,Female,5.3,27.0,4.7,3,2596943.0,546254.0,3143197.0
HR Manager,Jaipur,BTech,Tier 3,Consulting,Startup,Male,0.9,27.0,2.92,5,915942.0,134317.0,1050259.0
Frontend Developer,Bangalore,BTech,Tier 3,EdTech,Mid-size,Male,5.6,24.0,3.67,1,1759313.0,171744.0,1931057.0
Product Manager,Pune,MBA,Tier 3,E-Commerce,Startup,Female,2.4,24.0,3.41,6,2747519.0,403004.0,3150523.0
Software Engineer,Delhi NCR,BTech,Tier 3,Consulting,MNC,Male,3.6,26.0,3.27,1,2279098.0,132518.0,2411616.0
Product Manager,Delhi NCR,BTech,Tier 3,Product Based,Startup,Female,4.0,24.0,2.7,3,2777926.0,158263.0,2936189.0
Business Analyst,Pune,BTech,Tier 3,IT Services,Startup,Male,7.7,33.0,1.6,4,1428854.0,131945.0,1560799.0
Data Scientist,Mumbai,BTech,Tier 3,IT Services,Startup,Male,1.6,23.0,3.76,3,1614248.0,87257.0,1701505.0
AI Engineer,Hyderabad,,Tier 1,IT Services,MNC,Male,0.4,23.0,2.72,6,3015529.0,540519.0,3556048.0
AI Engineer,Remote,MTech,Tier 1,Consulting,Startup,Male,4.7,25.0,2.68,5,2797495.0,561802.0,3359297.0
Business Analyst,Delhi NCR,BTech,Tier 1,E-Commerce,MNC,Male,7.8,33.0,3.6,3,3654297.0,334590.0,3988887.0
Business Analyst,Hyderabad,MTech,Tier 3,FinTech,Mid-size,Male,8.6,33.0,3.64,6,2677895.0,221367.0,2899262.0
Frontend Developer,Hyderabad,MTech,Tier 2,EdTech,Startup,Male,9.5,30.0,3.98,4,2193326.0,147793.0,2341119.0
Data Scientist,Jaipur,BTech,Tier 3,Consulting,Mid-size,Female,8.2,29.0,2.3,9,1719157.0,288078.0,2007235.0
Financial Analyst,Kolkata,BTech,Tier 1,FinTech,Mid-size,Male,4.8,30.0,2.19,5,2481732.0,405622.0,2887354.0
HR Manager,Pune,,Tier 3,E-Commerce,MNC,Male,5.9,28.0,3.87,5,2620888.0,370520.0,2991408.0
Data Scientist,Chennai,BTech,Tier 2,FinTech,MNC,Female,3.0,28.0,3.21,5,2542774.0,343275.0,2886049.0
AI Engineer,Mumbai,MTech,Tier 2,EdTech,Startup,Female,6.2,24.0,4.01,8,2806234.0,401633.0,3207867.0
Software Engineer,Chennai,BTech,Tier 2,IT Services,MNC,Male,7.5,30.0,3.81,3,2395073.0,317377.0,2712450.0
Backend Developer,Pune,MBA,Tier 2,Product Based,MNC,Male,5.1,29.0,3.19,3,3414438.0,605502.0,4019940.0
AI Engineer,Chennai,BTech,Tier 2,Manufacturing,MNC,Male,0.0,25.0,2.27,3,1776198.0,403003.0,2179201.0
Data Scientist,Chennai,BTech,Tier 2,Consulting,Mid-size,Female,2.3,23.0,3.11,9,2178425.0,472982.0,2651406.0
Frontend Developer,Remote,BTech,Tier 3,E-Commerce,Startup,Male,3.4,25.0,3.5,5,1417937.0,239482.0,1657419.0
DevOps Engineer,Hyderabad,BTech,Tier 1,EdTech,Startup,Male,0.0,22.0,3.76,6,1995766.0,436026.0,2431792.0
Data Analyst,Jaipur,BTech,Tier 1,EdTech,Mid-size,Male,8.5,28.0,4.09,3,1334951.0,164234.0,1499185.0
Data Analyst,Chennai,BTech,Tier 2,IT Services,MNC,Male,1.9,25.0,3.96,1,1481267.0,307345.0,1788612.0
Product Manager,Pune,MTech,Tier 2,Consulting,Mid-size,Female,0.0,23.0,3.53,5,2432333.0,503352.0,2935685.0
Business Analyst,Pune,,Tier 2,Product Based,MNC,Female,4.9,29.0,3.76,3,2699616.0,155272.0,2854888.0
Data Scientist,Delhi NCR,MTech,Tier 2,Consulting,MNC,Male,2.6,25.0,3.22,6,2934564.0,403378.0,3337941.0
AI Engineer,Mumbai,BTech,Tier 3,Product Based,MNC,Male,7.6,30.0,,7,3956404.0,332616.0,4289020.0
Business Analyst,Mumbai,MTech,Tier 3,EdTech,Startup,Female,5.9,28.0,4.45,10,1973278.0,365764.0,2339042.0
AI Engineer,Chennai,BTech,Tier 1,Consulting,Startup,Female,7.4,31.0,2.48,8,2818254.0,288262.0,3106516.0
DevOps Engineer,Ahmedabad,BTech,Tier 2,Consulting,Startup,Male,5.3,28.0,2.39,4,1771795.0,156079.0,1927874.0
Financial Analyst,Delhi NCR,PhD,Tier 1,E-Commerce,Startup,Male,2.6,27.0,3.86,1,2579537.0,148433.0,2727970.0
Marketing Manager,Chennai,MTech,Tier 2,EdTech,Mid-size,Male,8.6,38.0,,4,2110370.0,112732.0,2223102.0
